repo	kind	pr	commit	path	blob	source_role	ascii	compound	macro	glyph	declared_routes	producer_evidence	status
Ashtray-Archer/utilities-android-phone-user	default		ec022aea6fe6836ea78f479b498e85b3452d88b7	accelerometer/android/android_accelerometer.c	08d8eddbdf06fd5567150020cca74a0e75d387df	owned_executable_or_header	0	0	0	0	NDK Clang Android; host compiler not independently located	accelerometer/build-apk.sh@356f9da26c116ba9aef589fcfd7389ecea6d26fa	no_arithmetic_slash_in_this_blob
Ashtray-Archer/utilities-android-phone-user	default		ec022aea6fe6836ea78f479b498e85b3452d88b7	accelerometer/android/android_accelerometer.h	5dfcb5f4bcd4ce056a7981376279a55733f764ec	owned_executable_or_header	0	0	0	0	NDK Clang Android; host compiler not independently located	accelerometer/build-apk.sh@356f9da26c116ba9aef589fcfd7389ecea6d26fa	no_arithmetic_slash_in_this_blob
Ashtray-Archer/utilities-android-phone-user	default		ec022aea6fe6836ea78f479b498e85b3452d88b7	accelerometer/app/src/main/c/native_main.c	757b104ebca32aaf5330dbba879264e9afc372f6	owned_executable_or_header	18	0	0	0	NDK Clang Android; host compiler not independently located	accelerometer/build-apk.sh@356f9da26c116ba9aef589fcfd7389ecea6d26fa	arithmetic_source_sites_present
Ashtray-Archer/utilities-android-phone-user	default		ec022aea6fe6836ea78f479b498e85b3452d88b7	accelerometer/command/accelerometer_inspection.h	4987ab7f7068079e502dfb852b2a3746c8874a7c	owned_executable_or_header	0	0	0	0	NDK Clang Android; host compiler not independently located	accelerometer/build-apk.sh@356f9da26c116ba9aef589fcfd7389ecea6d26fa	no_arithmetic_slash_in_this_blob
Ashtray-Archer/utilities-android-phone-user	default		ec022aea6fe6836ea78f479b498e85b3452d88b7	accelerometer/model/accelerometer_model.h	8d303a32954a397bd13d46199a39079fa215b85e	owned_executable_or_header	0	0	0	0	NDK Clang Android; host compiler not independently located	accelerometer/build-apk.sh@356f9da26c116ba9aef589fcfd7389ecea6d26fa	no_arithmetic_slash_in_this_blob
Ashtray-Archer/utilities-android-phone-user	default		ec022aea6fe6836ea78f479b498e85b3452d88b7	accelerometer/model/accelerometer_snapshot.h	d2717a17b0c6e414b31f4086795b6de43b2cd9a3	owned_executable_or_header	0	0	0	0	NDK Clang Android; host compiler not independently located	accelerometer/build-apk.sh@356f9da26c116ba9aef589fcfd7389ecea6d26fa	no_arithmetic_slash_in_this_blob
Ashtray-Archer/utilities-android-phone-user	default		ec022aea6fe6836ea78f479b498e85b3452d88b7	accelerometer/model/compact_acceleration.h	52454f9ba8900ec0b4b410b573b1e9049d172418	owned_executable_or_header	11	0	0	0	NDK Clang Android; host compiler not independently located	accelerometer/build-apk.sh@356f9da26c116ba9aef589fcfd7389ecea6d26fa	arithmetic_source_sites_present
Ashtray-Archer/utilities-android-phone-user	default		ec022aea6fe6836ea78f479b498e85b3452d88b7	accelerometer/model/sevenths_display.h	718b8664424bdeb52b2c622cee97fbaefe552a79	owned_executable_or_header	1	0	0	0	NDK Clang Android; host compiler not independently located	accelerometer/build-apk.sh@356f9da26c116ba9aef589fcfd7389ecea6d26fa	arithmetic_source_sites_present
Ashtray-Archer/utilities-android-phone-user	default		ec022aea6fe6836ea78f479b498e85b3452d88b7	accelerometer/tests/accelerometer_snapshot_test.c	a6ad94c06c40f309ac1523fd92f2842821d5784c	owned_test_or_harness	0	0	0	0	NDK Clang Android; host compiler not independently located	accelerometer/build-apk.sh@356f9da26c116ba9aef589fcfd7389ecea6d26fa	no_arithmetic_slash_in_this_blob
Ashtray-Archer/utilities-android-phone-user	default		ec022aea6fe6836ea78f479b498e85b3452d88b7	accelerometer/tests/compact_acceleration_test.c	b763e0bc2d6e0ac1549fc1306a8395e8b05d5e16	owned_test_or_harness	8	0	0	0	NDK Clang Android; host compiler not independently located	accelerometer/build-apk.sh@356f9da26c116ba9aef589fcfd7389ecea6d26fa	arithmetic_source_sites_present
Ashtray-Archer/utilities-android-phone-user	default		ec022aea6fe6836ea78f479b498e85b3452d88b7	accelerometer/tests/error_study.c	bbd1b7d914d8138c4c6f0065e758f70f85b2aa7d	owned_test_or_harness	24	0	0	0	NDK Clang Android; host compiler not independently located	accelerometer/build-apk.sh@356f9da26c116ba9aef589fcfd7389ecea6d26fa	arithmetic_source_sites_present
Ashtray-Archer/utilities-android-phone-user	default		ec022aea6fe6836ea78f479b498e85b3452d88b7	accelerometer/tests/inspection_fixture.c	0faac4e5b506e3c5a5330740e1e8d7021a704d2f	owned_test_or_harness	0	0	0	0	NDK Clang Android; host compiler not independently located	accelerometer/build-apk.sh@356f9da26c116ba9aef589fcfd7389ecea6d26fa	no_arithmetic_slash_in_this_blob
Ashtray-Archer/utilities-android-phone-user	default		ec022aea6fe6836ea78f479b498e85b3452d88b7	android-clipboard/clipboard.h	a0c83eb292cbc6b8d606f772f23dd26fac0fb3f7	owned_executable_or_header	0	0	0	0	cc host JNI/UTF8 fixtures	android-clipboard/run-host-tests.sh@30b9ad37cd4f3e1cb8a8685b05219fcac1b7b71e	no_arithmetic_slash_in_this_blob
Ashtray-Archer/utilities-android-phone-user	default		ec022aea6fe6836ea78f479b498e85b3452d88b7	android-clipboard/clipboard_jni.c	132e5651b76f5d243db602aad33017c2497ade04	owned_executable_or_header	0	0	0	0	cc host JNI/UTF8 fixtures	android-clipboard/run-host-tests.sh@30b9ad37cd4f3e1cb8a8685b05219fcac1b7b71e	no_arithmetic_slash_in_this_blob
Ashtray-Archer/utilities-android-phone-user	default		ec022aea6fe6836ea78f479b498e85b3452d88b7	android-clipboard/device-smoke/smoke.c	61e208bac995707b337e1fe05381c728e1c2ea2a	owned_executable_or_header	0	0	0	0	cc host JNI/UTF8 fixtures	android-clipboard/run-host-tests.sh@30b9ad37cd4f3e1cb8a8685b05219fcac1b7b71e	no_arithmetic_slash_in_this_blob
Ashtray-Archer/utilities-android-phone-user	default		ec022aea6fe6836ea78f479b498e85b3452d88b7	android-clipboard/test_utf8.c	02bf52e468ee8843a2800a875520ce3f891c6726	owned_test_or_harness	0	0	0	0	cc host JNI/UTF8 fixtures	android-clipboard/run-host-tests.sh@30b9ad37cd4f3e1cb8a8685b05219fcac1b7b71e	no_arithmetic_slash_in_this_blob
Ashtray-Archer/utilities-android-phone-user	default		ec022aea6fe6836ea78f479b498e85b3452d88b7	android-clipboard/utf8.c	3a2b471f5d1e0008655d59540d5dc4fdbce1a7a9	owned_executable_or_header	1	0	0	0	cc host JNI/UTF8 fixtures	android-clipboard/run-host-tests.sh@30b9ad37cd4f3e1cb8a8685b05219fcac1b7b71e	arithmetic_source_sites_present
Ashtray-Archer/utilities-android-phone-user	default		ec022aea6fe6836ea78f479b498e85b3452d88b7	android-clipboard/utf8.h	a1b375ed2d6c16354a57d3f810dfd1e1b54d7599	owned_executable_or_header	0	0	0	0	cc host JNI/UTF8 fixtures	android-clipboard/run-host-tests.sh@30b9ad37cd4f3e1cb8a8685b05219fcac1b7b71e	no_arithmetic_slash_in_this_blob
Ashtray-Archer/utilities-android-phone-user	default		ec022aea6fe6836ea78f479b498e85b3452d88b7	geometry/compact_unit_direction.h	8eaf43ae6b0cc9e1f7da80497e1727930bbe890e	owned_executable_or_header	10	0	0	0	portable/reference geometry; compiler declaration unlocated	geometry/README.md@fb7e8f46055b2637c49830af50da9a3ed0ee3cd2	arithmetic_source_sites_present
Ashtray-Archer/utilities-android-phone-user	default		ec022aea6fe6836ea78f479b498e85b3452d88b7	geometry/tests/compact_unit_direction_test.c	9f0cae62d0dda39b3891ff43ddc2e56538a0358d	owned_test_or_harness	5	0	0	0	portable/reference geometry; compiler declaration unlocated	geometry/README.md@fb7e8f46055b2637c49830af50da9a3ed0ee3cd2	arithmetic_source_sites_present
Ashtray-Archer/utilities-android-phone-user	default		ec022aea6fe6836ea78f479b498e85b3452d88b7	hardware/android-native/hardware_sensor.c	31c6a81c1f44d0b02dd4016e425101a428754397	owned_executable_or_header	0	0	0	0	NDK Clang API selected Android hardware harness	hardware/build-android-native.sh@4c7cf9911fb8e464ff6a2a903b6c7e425932507d	no_arithmetic_slash_in_this_blob
Ashtray-Archer/utilities-android-phone-user	default		ec022aea6fe6836ea78f479b498e85b3452d88b7	math-characters/app/src/main/c/native_main.c	2552703d33e47cd77a4b291bd071af0c368a4830	owned_executable_or_header	3	0	0	0	NDK Clang Android; host compiler not independently located	math-characters/build-apk.sh@76bd0eb87c8fb7a92edd3fd4c8a82c48915554d8	arithmetic_source_sites_present
Ashtray-Archer/utilities-android-phone-user	default		ec022aea6fe6836ea78f479b498e85b3452d88b7	math-characters/app/src/main/c/pad_model.c	8da242818d492f2cfeba6687563fb016b8d04241	owned_executable_or_header	3	0	1	0	NDK Clang Android; host compiler not independently located	math-characters/build-apk.sh@76bd0eb87c8fb7a92edd3fd4c8a82c48915554d8	arithmetic_source_sites_present
Ashtray-Archer/utilities-android-phone-user	default		ec022aea6fe6836ea78f479b498e85b3452d88b7	math-characters/app/src/main/c/pad_model.h	704087d615830e84281777c445af81bf9389e41c	owned_executable_or_header	0	0	0	0	NDK Clang Android; host compiler not independently located	math-characters/build-apk.sh@76bd0eb87c8fb7a92edd3fd4c8a82c48915554d8	no_arithmetic_slash_in_this_blob
Ashtray-Archer/utilities-android-phone-user	default		ec022aea6fe6836ea78f479b498e85b3452d88b7	math-characters/app/src/main/c/pad_ui.c	8f37f3f683ce2f3ef69b6af37282ba46d7fae878	owned_executable_or_header	3	0	0	0	NDK Clang Android; host compiler not independently located	math-characters/build-apk.sh@76bd0eb87c8fb7a92edd3fd4c8a82c48915554d8	arithmetic_source_sites_present
Ashtray-Archer/utilities-android-phone-user	default		ec022aea6fe6836ea78f479b498e85b3452d88b7	math-characters/app/src/main/c/pad_ui.h	e8342cfbce7ba6cf8093f08710dbd1c9d3f02aa8	owned_executable_or_header	0	0	0	0	NDK Clang Android; host compiler not independently located	math-characters/build-apk.sh@76bd0eb87c8fb7a92edd3fd4c8a82c48915554d8	no_arithmetic_slash_in_this_blob
Ashtray-Archer/utilities-android-phone-user	default		ec022aea6fe6836ea78f479b498e85b3452d88b7	math-characters/app/src/test-c/pad_model_test.c	0e1f8973b414a2dcfaaec400111f54daabd54c4a	owned_test_or_harness	1	0	0	0	NDK Clang Android; host compiler not independently located	math-characters/build-apk.sh@76bd0eb87c8fb7a92edd3fd4c8a82c48915554d8	arithmetic_source_sites_present
Ashtray-Archer/utilities-android-phone-user	default		ec022aea6fe6836ea78f479b498e85b3452d88b7	math-characters/app/src/test-c/pad_ui_test.c	6b085b36393b6e2364265b09963a9444612317ba	owned_test_or_harness	1	0	0	0	NDK Clang Android; host compiler not independently located	math-characters/build-apk.sh@76bd0eb87c8fb7a92edd3fd4c8a82c48915554d8	arithmetic_source_sites_present
fuego-ironworks/cheap-phone-os	default		4d55b40322d3a1d19722e7fa87878e48dec2eb39	initramfs/miro-a1/init.c	53530ac93d3ffef6c7270be2e99c9430c88728b9	owned_executable_or_header	0	0	0	0	AOSP GCC 4.9 ARM initramfs	.github/workflows/miro-stage0.yml@592a1d9fb8fd82da1358db74cca6ee8beaae65bc;_/sync-miro-stage0-toolchain@dcc983fb720771f7bea16e3408a96af83cade2c5	no_arithmetic_slash_in_this_blob
fuego-ironworks/idric-arm-thumb	default		044877107e179df2ab3c8420867d71faff254f9f	tests/dex/reddit/reddit_cli.c	dd9ecaf6eeb3a242391cb15cff3f99b3429e699a	owned_test_or_harness	1	0	0	0	NDK Clang JNI fixtures	tests/dex/reddit/build-jni.sh@277d2cf0287209bba1bdbecb0954eb3f2e59c831;tests/dex/wegert/build-jni.sh@a7fa0d3a597344fe576c35d8cab6d8e549a7159e	arithmetic_source_sites_present
fuego-ironworks/idric-arm-thumb	default		044877107e179df2ab3c8420867d71faff254f9f	tests/dex/wegert/wegert_probe.c	10cd6eca53fc62c3966bb88566600bee4129f357	owned_test_or_harness	0	0	0	0	NDK Clang JNI fixtures	tests/dex/reddit/build-jni.sh@277d2cf0287209bba1bdbecb0954eb3f2e59c831;tests/dex/wegert/build-jni.sh@a7fa0d3a597344fe576c35d8cab6d8e549a7159e	no_arithmetic_slash_in_this_blob
fuego-ironworks/idric-x86-aggressive-backend	default		e185d326df5d63f93c7675cb51fde9a8cb4d3ce5	examples/gpio/gpio_common.h	48d027fa6df7dce12136ce6dc8fc4623d50e4c31	handwritten_platform_oracle	0	0	0	0	native handwritten platform oracle; cc GPIO; speaker compiler unlocated	examples/gpio/check.sh@c7d8c2c13b2bfd74bcef3ff81381ea018bb2de1a;examples/speaker-tone/README.md@8575f37524e11e7629032a19d2f5dce91da1fddd;examples/speaker-tone/check.sh@ea48ab15a74c7ab8532eee77fe2ece5129a82829	no_arithmetic_slash_in_this_blob
fuego-ironworks/idric-x86-aggressive-backend	default		e185d326df5d63f93c7675cb51fde9a8cb4d3ce5	examples/gpio/gpio_edge_wait.c	6e9bebc705718ecf57680fd8a5de77912d3b1330	handwritten_platform_oracle	0	0	0	0	native handwritten platform oracle; cc GPIO; speaker compiler unlocated	examples/gpio/check.sh@c7d8c2c13b2bfd74bcef3ff81381ea018bb2de1a;examples/speaker-tone/README.md@8575f37524e11e7629032a19d2f5dce91da1fddd;examples/speaker-tone/check.sh@ea48ab15a74c7ab8532eee77fe2ece5129a82829	no_arithmetic_slash_in_this_blob
fuego-ironworks/idric-x86-aggressive-backend	default		e185d326df5d63f93c7675cb51fde9a8cb4d3ce5	examples/gpio/gpio_input.c	b4361efcf17a9169b2302357ca1640b5c8b35fae	handwritten_platform_oracle	0	0	0	0	native handwritten platform oracle; cc GPIO; speaker compiler unlocated	examples/gpio/check.sh@c7d8c2c13b2bfd74bcef3ff81381ea018bb2de1a;examples/speaker-tone/README.md@8575f37524e11e7629032a19d2f5dce91da1fddd;examples/speaker-tone/check.sh@ea48ab15a74c7ab8532eee77fe2ece5129a82829	no_arithmetic_slash_in_this_blob
fuego-ironworks/idric-x86-aggressive-backend	default		e185d326df5d63f93c7675cb51fde9a8cb4d3ce5	examples/gpio/gpio_output.c	8c7ccb8c09987fa6be858898850f231b2db1fc2e	handwritten_platform_oracle	0	0	0	0	native handwritten platform oracle; cc GPIO; speaker compiler unlocated	examples/gpio/check.sh@c7d8c2c13b2bfd74bcef3ff81381ea018bb2de1a;examples/speaker-tone/README.md@8575f37524e11e7629032a19d2f5dce91da1fddd;examples/speaker-tone/check.sh@ea48ab15a74c7ab8532eee77fe2ece5129a82829	no_arithmetic_slash_in_this_blob
fuego-ironworks/idric-x86-aggressive-backend	default		e185d326df5d63f93c7675cb51fde9a8cb4d3ce5	examples/speaker-tone/speaker-tone-alsa.c	d0d95077dfcf0206012d4fc97809519721077dd3	handwritten_platform_oracle	1	0	0	0	native handwritten platform oracle; cc GPIO; speaker compiler unlocated	examples/gpio/check.sh@c7d8c2c13b2bfd74bcef3ff81381ea018bb2de1a;examples/speaker-tone/README.md@8575f37524e11e7629032a19d2f5dce91da1fddd;examples/speaker-tone/check.sh@ea48ab15a74c7ab8532eee77fe2ece5129a82829	arithmetic_source_sites_present
fuego-ironworks/idris-shader-backend	default		4a29362e580df393e4d64a9929e4c1e592ac4c53	tools/powervr_primitives.c	782c7f6a6b71ead0cb464a5e30eb49d571d8c8bf	owned_executable_or_header	4	0	0	0	NDK Clang API21 PowerVR primitive harness	.github/workflows/powervr-android-runners.yml@c330badd9a3cbdb2bfedd6b37fc16cb6ea4598d4	arithmetic_source_sites_present
isomorphismes/coefficient-root-dance	default		18e1c4e9daa12c85c872af77355e8caf45fc3450	app/src/main/cpp/dance.c	10f5cca18e5eecbdfb211f7fc05d7dba6ccc5a2b	owned_executable_or_header	6	0	0	0	cc host tests; NDK Clang Android	.github/workflows/android.yml@f3dac98dedbb039228545c0c76863687f5df00ca;app/src/main/cpp/CMakeLists.txt@4dd40687ddf5dd93ad8f605ee88b380489008cc1	arithmetic_source_sites_present
isomorphismes/coefficient-root-dance	default		18e1c4e9daa12c85c872af77355e8caf45fc3450	app/src/main/cpp/polynomial.c	16ad72f477de6abee5b6bfdbdca608bbd0555e6d	owned_executable_or_header	5	0	0	0	cc host tests; NDK Clang Android	.github/workflows/android.yml@f3dac98dedbb039228545c0c76863687f5df00ca;app/src/main/cpp/CMakeLists.txt@4dd40687ddf5dd93ad8f605ee88b380489008cc1	arithmetic_source_sites_present
isomorphismes/coefficient-root-dance	default		18e1c4e9daa12c85c872af77355e8caf45fc3450	app/src/main/cpp/polynomial.h	664519f3f2257d082352c4ba10386d230f911817	owned_executable_or_header	0	0	0	0	cc host tests; NDK Clang Android	.github/workflows/android.yml@f3dac98dedbb039228545c0c76863687f5df00ca;app/src/main/cpp/CMakeLists.txt@4dd40687ddf5dd93ad8f605ee88b380489008cc1	no_arithmetic_slash_in_this_blob
isomorphismes/coefficient-root-dance	default		18e1c4e9daa12c85c872af77355e8caf45fc3450	tests/polynomial_test.c	9e4f95e98ed8aa5afdd403d2af4bd13e1008086a	owned_test_or_harness	1	0	0	0	cc host tests; NDK Clang Android	.github/workflows/android.yml@f3dac98dedbb039228545c0c76863687f5df00ca;app/src/main/cpp/CMakeLists.txt@4dd40687ddf5dd93ad8f605ee88b380489008cc1	arithmetic_source_sites_present
isomorphismes/Conway	default		67297505bb9f917deacd85df618ffabcd1439f7f	boilerplate/android/app/src/main/cpp/conway.c	5779de8d4a130a6194356ea503b76ef9d6c638be	owned_executable_or_header	4	0	0	0	NDK Clang Android	.github/workflows/android-wallpaper.yml@6fd4d3bda75c57d4690baf18844f582d0f39936a;boilerplate/android/app/src/main/cpp/CMakeLists.txt@55b2aac5ab0062c9934c781aff0f3d6467fdf53e	arithmetic_source_sites_present
isomorphismes/holomorphic	default		ce9d15e1c5cb2363201a61bbaa8eb10750ea1268	android/app/src/main/cpp/analytic_continuation_random.c	72cc5fe70e42d5754dddba7d82ef628da1d92647	owned_executable_or_header	5	0	0	0	cc host tests; NDK Clang Android	.github/workflows/holomorphic-apk.yml@d36fbf53239a8963c4050f33de1110b19398e276;.github/workflows/tests.yml@9e88b96ba3f5f469011a548ceca949cd3183c57a;android/app/src/main/cpp/CMakeLists.txt@fec774181808778396bf4ff5f3b83605e1046e55	arithmetic_source_sites_present
isomorphismes/holomorphic	default		ce9d15e1c5cb2363201a61bbaa8eb10750ea1268	android/app/src/main/cpp/holomorphic_walk.c	43f2f1cab5e8df967cd7a091aa6afba64bcece60	owned_executable_or_header	4	1	0	0	cc host tests; NDK Clang Android	.github/workflows/holomorphic-apk.yml@d36fbf53239a8963c4050f33de1110b19398e276;.github/workflows/tests.yml@9e88b96ba3f5f469011a548ceca949cd3183c57a;android/app/src/main/cpp/CMakeLists.txt@fec774181808778396bf4ff5f3b83605e1046e55	arithmetic_source_sites_present
isomorphismes/holomorphic	default		ce9d15e1c5cb2363201a61bbaa8eb10750ea1268	android/app/src/main/cpp/holomorphic_walk.h	db0c1edc27ac427e16fe93eedcc0deb06e4b05f1	owned_executable_or_header	0	0	0	0	cc host tests; NDK Clang Android	.github/workflows/holomorphic-apk.yml@d36fbf53239a8963c4050f33de1110b19398e276;.github/workflows/tests.yml@9e88b96ba3f5f469011a548ceca949cd3183c57a;android/app/src/main/cpp/CMakeLists.txt@fec774181808778396bf4ff5f3b83605e1046e55	no_arithmetic_slash_in_this_blob
isomorphismes/holomorphic	default		ce9d15e1c5cb2363201a61bbaa8eb10750ea1268	tests/test_holomorphic_walk.c	cab323a523959624ae92aaf64cb9bfc12572ae15	owned_test_or_harness	1	0	0	0	cc host tests; NDK Clang Android	.github/workflows/holomorphic-apk.yml@d36fbf53239a8963c4050f33de1110b19398e276;.github/workflows/tests.yml@9e88b96ba3f5f469011a548ceca949cd3183c57a;android/app/src/main/cpp/CMakeLists.txt@fec774181808778396bf4ff5f3b83605e1046e55	arithmetic_source_sites_present
isomorphismes/knot-complement	default		0a7c9db323dc3cc13784bb36bbcd59ae35d83899	refactor/c/recenter.c	baf9e8dcb335d6063b407a9d22dcf39b4cf0142c	independent_C_reference	4	2	0	0	ordinary C reference cc; functorial Icky source separate (no division)	refactor/README.md@60905bf21d99b50ff9370fffa1dcf1ac354ce3bb;refactor/run-tests.sh@62b2f45895daef2e8b995dfe074b06fbef3cb0ec	arithmetic_source_sites_present
isomorphismes/knot-complement	default		0a7c9db323dc3cc13784bb36bbcd59ae35d83899	refactor/c/recenter.h	5bd7df9f4344750255b78f4e04eb4a8e0ac267e5	independent_C_reference	0	0	0	0	ordinary C reference cc; functorial Icky source separate (no division)	refactor/README.md@60905bf21d99b50ff9370fffa1dcf1ac354ce3bb;refactor/run-tests.sh@62b2f45895daef2e8b995dfe074b06fbef3cb0ec	no_arithmetic_slash_in_this_blob
isomorphismes/knot-complement	default		0a7c9db323dc3cc13784bb36bbcd59ae35d83899	refactor/c/test_recenter.c	ee9f92a00cebb3880483c9c7c79211a98dc16440	independent_C_reference	0	0	0	0	ordinary C reference cc; functorial Icky source separate (no division)	refactor/README.md@60905bf21d99b50ff9370fffa1dcf1ac354ce3bb;refactor/run-tests.sh@62b2f45895daef2e8b995dfe074b06fbef3cb0ec	no_arithmetic_slash_in_this_blob
isomorphismes/knot-complement	default		0a7c9db323dc3cc13784bb36bbcd59ae35d83899	refactor/functorial-icky-c/recenter.c	ad6a7435b038da199328edfd0b0a2e5399132b81	maintained_Icky_C	1	0	0	0	ordinary C reference cc; functorial Icky source separate (no division)	refactor/README.md@60905bf21d99b50ff9370fffa1dcf1ac354ce3bb;refactor/run-tests.sh@62b2f45895daef2e8b995dfe074b06fbef3cb0ec	arithmetic_source_sites_present
isomorphismes/indras-pearls	default		e6c80fb390209a848308041cc643b2d73c21d9ca	android/app/src/main/cpp/limit_set_renderer.c	c302e48ca3610cc986eddf7057cd5e3cca1b0a0e	owned_executable_or_header	0	0	0	0	NDK Clang host+Android; original_kleinian.c separately qualified ICK ARMv7 object	.github/workflows/android.yml@4db6b6565044e2cddc5f032fe30693b612211292;android/app/src/main/cpp/CMakeLists.txt@63c4d33da1e0f11b7fb58de99953beefff4dcf2f;tests/README.md@e5be03fe27295ac879a7fb245b201862c7a962a2	no_arithmetic_slash_in_this_blob
isomorphismes/indras-pearls	default		e6c80fb390209a848308041cc643b2d73c21d9ca	android/app/src/main/cpp/limit_set_renderer.h	d04be97df92e30c61b4562eb847c9fd61c65b28c	owned_executable_or_header	0	0	0	0	NDK Clang host+Android; original_kleinian.c separately qualified ICK ARMv7 object	.github/workflows/android.yml@4db6b6565044e2cddc5f032fe30693b612211292;android/app/src/main/cpp/CMakeLists.txt@63c4d33da1e0f11b7fb58de99953beefff4dcf2f;tests/README.md@e5be03fe27295ac879a7fb245b201862c7a962a2	no_arithmetic_slash_in_this_blob
isomorphismes/indras-pearls	default		e6c80fb390209a848308041cc643b2d73c21d9ca	android/app/src/main/cpp/mobius_math.c	9df02b4ae75124b2755e791632358420ffe31cc5	owned_executable_or_header	9	0	0	0	NDK Clang host+Android; original_kleinian.c separately qualified ICK ARMv7 object	.github/workflows/android.yml@4db6b6565044e2cddc5f032fe30693b612211292;android/app/src/main/cpp/CMakeLists.txt@63c4d33da1e0f11b7fb58de99953beefff4dcf2f;tests/README.md@e5be03fe27295ac879a7fb245b201862c7a962a2	arithmetic_source_sites_present
isomorphismes/indras-pearls	default		e6c80fb390209a848308041cc643b2d73c21d9ca	android/app/src/main/cpp/mobius_math.h	0b95d9bf297083fd6b7cce3d16bda3040dc92782	owned_executable_or_header	0	0	0	0	NDK Clang host+Android; original_kleinian.c separately qualified ICK ARMv7 object	.github/workflows/android.yml@4db6b6565044e2cddc5f032fe30693b612211292;android/app/src/main/cpp/CMakeLists.txt@63c4d33da1e0f11b7fb58de99953beefff4dcf2f;tests/README.md@e5be03fe27295ac879a7fb245b201862c7a962a2	no_arithmetic_slash_in_this_blob
isomorphismes/indras-pearls	default		e6c80fb390209a848308041cc643b2d73c21d9ca	android/app/src/main/cpp/native_app_glue_stub.c	046734e797eb761850f33a53d6e71b343b7e121d	owned_executable_or_header	5	0	0	0	NDK Clang host+Android; original_kleinian.c separately qualified ICK ARMv7 object	.github/workflows/android.yml@4db6b6565044e2cddc5f032fe30693b612211292;android/app/src/main/cpp/CMakeLists.txt@63c4d33da1e0f11b7fb58de99953beefff4dcf2f;tests/README.md@e5be03fe27295ac879a7fb245b201862c7a962a2	arithmetic_source_sites_present
isomorphismes/indras-pearls	default		e6c80fb390209a848308041cc643b2d73c21d9ca	android/app/src/main/cpp/original_kleinian.c	044c16e46ea5fca7e76e9f78f1e801fb8d222d7c	owned_executable_or_header	14	0	0	0	NDK Clang host+Android; original_kleinian.c separately qualified ICK ARMv7 object	.github/workflows/android.yml@4db6b6565044e2cddc5f032fe30693b612211292;android/app/src/main/cpp/CMakeLists.txt@63c4d33da1e0f11b7fb58de99953beefff4dcf2f;tests/README.md@e5be03fe27295ac879a7fb245b201862c7a962a2	arithmetic_source_sites_present
isomorphismes/indras-pearls	default		e6c80fb390209a848308041cc643b2d73c21d9ca	android/app/src/main/cpp/original_kleinian.h	3ca2ad5e9c764a0c43ca6dac774be5b6f92bfa87	owned_executable_or_header	0	0	0	0	NDK Clang host+Android; original_kleinian.c separately qualified ICK ARMv7 object	.github/workflows/android.yml@4db6b6565044e2cddc5f032fe30693b612211292;android/app/src/main/cpp/CMakeLists.txt@63c4d33da1e0f11b7fb58de99953beefff4dcf2f;tests/README.md@e5be03fe27295ac879a7fb245b201862c7a962a2	no_arithmetic_slash_in_this_blob
isomorphismes/indras-pearls	default		e6c80fb390209a848308041cc643b2d73c21d9ca	android/app/src/main/cpp/original_texture_renderer.c	bc4c87e0d3a58f68e966ac863387b4bfd80ffac5	owned_executable_or_header	0	0	0	0	NDK Clang host+Android; original_kleinian.c separately qualified ICK ARMv7 object	.github/workflows/android.yml@4db6b6565044e2cddc5f032fe30693b612211292;android/app/src/main/cpp/CMakeLists.txt@63c4d33da1e0f11b7fb58de99953beefff4dcf2f;tests/README.md@e5be03fe27295ac879a7fb245b201862c7a962a2	no_arithmetic_slash_in_this_blob
isomorphismes/indras-pearls	default		e6c80fb390209a848308041cc643b2d73c21d9ca	android/app/src/main/cpp/original_texture_renderer.h	674a328e8e9bced7a489f370501b4c34c6269283	owned_executable_or_header	0	0	0	0	NDK Clang host+Android; original_kleinian.c separately qualified ICK ARMv7 object	.github/workflows/android.yml@4db6b6565044e2cddc5f032fe30693b612211292;android/app/src/main/cpp/CMakeLists.txt@63c4d33da1e0f11b7fb58de99953beefff4dcf2f;tests/README.md@e5be03fe27295ac879a7fb245b201862c7a962a2	no_arithmetic_slash_in_this_blob
isomorphismes/indras-pearls	default		e6c80fb390209a848308041cc643b2d73c21d9ca	android/app/src/main/cpp/original_trace_controls.c	efdc1b3edaf5931cca16fd7a40aaeed5604c67cb	owned_executable_or_header	7	0	0	0	NDK Clang host+Android; original_kleinian.c separately qualified ICK ARMv7 object	.github/workflows/android.yml@4db6b6565044e2cddc5f032fe30693b612211292;android/app/src/main/cpp/CMakeLists.txt@63c4d33da1e0f11b7fb58de99953beefff4dcf2f;tests/README.md@e5be03fe27295ac879a7fb245b201862c7a962a2	arithmetic_source_sites_present
isomorphismes/indras-pearls	default		e6c80fb390209a848308041cc643b2d73c21d9ca	android/app/src/main/cpp/original_trace_controls.h	0885b57a554c2cdfd38029afde4e8ab376612bb3	owned_executable_or_header	0	0	0	0	NDK Clang host+Android; original_kleinian.c separately qualified ICK ARMv7 object	.github/workflows/android.yml@4db6b6565044e2cddc5f032fe30693b612211292;android/app/src/main/cpp/CMakeLists.txt@63c4d33da1e0f11b7fb58de99953beefff4dcf2f;tests/README.md@e5be03fe27295ac879a7fb245b201862c7a962a2	no_arithmetic_slash_in_this_blob
isomorphismes/indras-pearls	default		e6c80fb390209a848308041cc643b2d73c21d9ca	android/app/src/main/cpp/parameter_controls.c	e13ef3ed8b1e325d258f318a0d8b3fb857d0c9ba	owned_executable_or_header	7	0	0	0	NDK Clang host+Android; original_kleinian.c separately qualified ICK ARMv7 object	.github/workflows/android.yml@4db6b6565044e2cddc5f032fe30693b612211292;android/app/src/main/cpp/CMakeLists.txt@63c4d33da1e0f11b7fb58de99953beefff4dcf2f;tests/README.md@e5be03fe27295ac879a7fb245b201862c7a962a2	arithmetic_source_sites_present
isomorphismes/indras-pearls	default		e6c80fb390209a848308041cc643b2d73c21d9ca	android/app/src/main/cpp/parameter_controls.h	e56a938251fc3e18eb2339adff24e6fb079eb22a	owned_executable_or_header	0	0	0	0	NDK Clang host+Android; original_kleinian.c separately qualified ICK ARMv7 object	.github/workflows/android.yml@4db6b6565044e2cddc5f032fe30693b612211292;android/app/src/main/cpp/CMakeLists.txt@63c4d33da1e0f11b7fb58de99953beefff4dcf2f;tests/README.md@e5be03fe27295ac879a7fb245b201862c7a962a2	no_arithmetic_slash_in_this_blob
isomorphismes/indras-pearls	default		e6c80fb390209a848308041cc643b2d73c21d9ca	android/app/src/main/cpp/renderer_packet.c	71e5b364ac8fa64fcd17e7f684ff22d9395d538d	owned_executable_or_header	0	0	0	0	NDK Clang host+Android; original_kleinian.c separately qualified ICK ARMv7 object	.github/workflows/android.yml@4db6b6565044e2cddc5f032fe30693b612211292;android/app/src/main/cpp/CMakeLists.txt@63c4d33da1e0f11b7fb58de99953beefff4dcf2f;tests/README.md@e5be03fe27295ac879a7fb245b201862c7a962a2	no_arithmetic_slash_in_this_blob
isomorphismes/indras-pearls	default		e6c80fb390209a848308041cc643b2d73c21d9ca	android/app/src/main/cpp/renderer_packet.h	6cf17433954e5d9faa59a44e40f11def7be4b80c	owned_executable_or_header	0	0	0	0	NDK Clang host+Android; original_kleinian.c separately qualified ICK ARMv7 object	.github/workflows/android.yml@4db6b6565044e2cddc5f032fe30693b612211292;android/app/src/main/cpp/CMakeLists.txt@63c4d33da1e0f11b7fb58de99953beefff4dcf2f;tests/README.md@e5be03fe27295ac879a7fb245b201862c7a962a2	no_arithmetic_slash_in_this_blob
isomorphismes/indras-pearls	default		e6c80fb390209a848308041cc643b2d73c21d9ca	tests/mobius_math_test.c	3f2007c9bb8d1a812a0104d6478b7a3bd7840be5	owned_test_or_harness	17	0	0	0	NDK Clang host+Android; original_kleinian.c separately qualified ICK ARMv7 object	.github/workflows/android.yml@4db6b6565044e2cddc5f032fe30693b612211292;android/app/src/main/cpp/CMakeLists.txt@63c4d33da1e0f11b7fb58de99953beefff4dcf2f;tests/README.md@e5be03fe27295ac879a7fb245b201862c7a962a2	arithmetic_source_sites_present
isomorphismes/indras-pearls	default		e6c80fb390209a848308041cc643b2d73c21d9ca	tests/original_kleinian_ndk_probe.c	45f5c6bbe3472839a097e98e853ee199de24a524	owned_test_or_harness	0	0	0	0	NDK Clang host+Android; original_kleinian.c separately qualified ICK ARMv7 object	.github/workflows/android.yml@4db6b6565044e2cddc5f032fe30693b612211292;android/app/src/main/cpp/CMakeLists.txt@63c4d33da1e0f11b7fb58de99953beefff4dcf2f;tests/README.md@e5be03fe27295ac879a7fb245b201862c7a962a2	no_arithmetic_slash_in_this_blob
isomorphismes/indras-pearls	default		e6c80fb390209a848308041cc643b2d73c21d9ca	tests/original_kleinian_test.c	d135a424d9e60135af06b7502e2713ac78613d10	owned_test_or_harness	0	0	0	0	NDK Clang host+Android; original_kleinian.c separately qualified ICK ARMv7 object	.github/workflows/android.yml@4db6b6565044e2cddc5f032fe30693b612211292;android/app/src/main/cpp/CMakeLists.txt@63c4d33da1e0f11b7fb58de99953beefff4dcf2f;tests/README.md@e5be03fe27295ac879a7fb245b201862c7a962a2	no_arithmetic_slash_in_this_blob
isomorphismes/indras-pearls	default		e6c80fb390209a848308041cc643b2d73c21d9ca	tests/original_trace_controls_test.c	7e09123e0548f0815cc6f21cbdd994ca07e594f3	owned_test_or_harness	0	0	0	0	NDK Clang host+Android; original_kleinian.c separately qualified ICK ARMv7 object	.github/workflows/android.yml@4db6b6565044e2cddc5f032fe30693b612211292;android/app/src/main/cpp/CMakeLists.txt@63c4d33da1e0f11b7fb58de99953beefff4dcf2f;tests/README.md@e5be03fe27295ac879a7fb245b201862c7a962a2	no_arithmetic_slash_in_this_blob
isomorphismes/indras-pearls	default		e6c80fb390209a848308041cc643b2d73c21d9ca	tests/renderer_packet_ndk_probe.c	578ad9603c0e3a03f7bdc43e0d19b8fcec4b7082	owned_test_or_harness	0	0	0	0	NDK Clang host+Android; original_kleinian.c separately qualified ICK ARMv7 object	.github/workflows/android.yml@4db6b6565044e2cddc5f032fe30693b612211292;android/app/src/main/cpp/CMakeLists.txt@63c4d33da1e0f11b7fb58de99953beefff4dcf2f;tests/README.md@e5be03fe27295ac879a7fb245b201862c7a962a2	no_arithmetic_slash_in_this_blob
isomorphismes/mock-theta	default		fa30b9a240838dfee3255f5003417901d5f94513	android/native/native_activity.c	e07ac14bb02f1777c55a61355ed0368600f67047	owned_executable_or_header	1	0	0	0	ICK ARMv7 core; cc host; NDK Clang NativeActivity shim	.github/workflows/android-apk.yml@2584a17efc78b30a0d28de6ddf94491beb48a530;android/build-native.sh@8ecd9b25d8b663dfec940923c388b2f8e6bd6af9;ci/build-toolchain.tsv@99fa199cefe67fbf34b0a3b46c047d467884ae76;icky/build-armv7.sh@11f735a914344bc971f5a27b3e79db4a9a9d6b0c;icky/test.sh@53cb7ffca930b71da4846eef499a7d068ffc75d3	arithmetic_source_sites_present
isomorphismes/mock-theta	default		fa30b9a240838dfee3255f5003417901d5f94513	icky/tests/tetris_core_test.c	deca18fc11c2e67853d8418cbad241f5e54f201f	owned_test_or_harness	0	0	0	0	ICK ARMv7 core; cc host; NDK Clang NativeActivity shim	.github/workflows/android-apk.yml@2584a17efc78b30a0d28de6ddf94491beb48a530;android/build-native.sh@8ecd9b25d8b663dfec940923c388b2f8e6bd6af9;ci/build-toolchain.tsv@99fa199cefe67fbf34b0a3b46c047d467884ae76;icky/build-armv7.sh@11f735a914344bc971f5a27b3e79db4a9a9d6b0c;icky/test.sh@53cb7ffca930b71da4846eef499a7d068ffc75d3	no_arithmetic_slash_in_this_blob
isomorphismes/mock-theta	default		fa30b9a240838dfee3255f5003417901d5f94513	icky/tetris_core.c	592c06fd4ebcead542a3e9077bef2eb005964db0	owned_executable_or_header	24	0	0	0	ICK ARMv7 core; cc host; NDK Clang NativeActivity shim	.github/workflows/android-apk.yml@2584a17efc78b30a0d28de6ddf94491beb48a530;android/build-native.sh@8ecd9b25d8b663dfec940923c388b2f8e6bd6af9;ci/build-toolchain.tsv@99fa199cefe67fbf34b0a3b46c047d467884ae76;icky/build-armv7.sh@11f735a914344bc971f5a27b3e79db4a9a9d6b0c;icky/test.sh@53cb7ffca930b71da4846eef499a7d068ffc75d3	arithmetic_source_sites_present
isomorphismes/mock-theta	default		fa30b9a240838dfee3255f5003417901d5f94513	icky/tetris_core.h	f07ccbac5af535a7dfa30881520600e62370af91	owned_executable_or_header	0	0	0	0	ICK ARMv7 core; cc host; NDK Clang NativeActivity shim	.github/workflows/android-apk.yml@2584a17efc78b30a0d28de6ddf94491beb48a530;android/build-native.sh@8ecd9b25d8b663dfec940923c388b2f8e6bd6af9;ci/build-toolchain.tsv@99fa199cefe67fbf34b0a3b46c047d467884ae76;icky/build-armv7.sh@11f735a914344bc971f5a27b3e79db4a9a9d6b0c;icky/test.sh@53cb7ffca930b71da4846eef499a7d068ffc75d3	no_arithmetic_slash_in_this_blob
isomorphismes/L	default		668f0c4876c861635c1437cce0c5097f248854b8	app/src/main/cpp/l.c	0e211cab29f2a0d55168e5e1b5b70e55bc049030	owned_executable_or_header	6	0	0	0	NDK Clang Android	.github/workflows/android.yml@0176d28ce9fbce5095ebd3cb1d6bf72b72be8fca;app/src/main/cpp/CMakeLists.txt@7bd8e2dc731cdb934dab80f4baeb845521c6af45	arithmetic_source_sites_present
isomorphismes/ortho	default		b7128acbfd22bc69c91d3dd4a1d0a686c01cfdb3	app/src/main/cpp/orthant_model.h	a1d13f2dc2f88c76390a70c5b87be977bb0f080c	owned_executable_or_header	0	0	0	0	NDK Clang Android	.github/workflows/android.yml@c0b5afc702ca52c39ee69019a14fe0149297e06f;app/src/main/cpp/CMakeLists.txt@d8dd143e7e5db1a21fbe290333a49d7b7317408a	no_arithmetic_slash_in_this_blob
isomorphismes/ortho	default		b7128acbfd22bc69c91d3dd4a1d0a686c01cfdb3	app/src/main/cpp/ortho.c	b72f6a9def23e4601f81fe5c9eafe95c9601a6c3	owned_executable_or_header	5	0	0	0	NDK Clang Android	.github/workflows/android.yml@c0b5afc702ca52c39ee69019a14fe0149297e06f;app/src/main/cpp/CMakeLists.txt@d8dd143e7e5db1a21fbe290333a49d7b7317408a	arithmetic_source_sites_present
isomorphismes/spinor	default		830b4ceb6f029316cb53a5145fc6ac96eae21bd2	android/spinor_android.c	dde0256fd29d6e9d1103fc034f0d0b511d509475	owned_executable_or_header	1	0	0	0	cc host/movie; NDK Clang Android	android/build-native.sh@4934bece00b40c5f0833b8956f2db662f0dd28cf;movie/render-frames.sh@a910d8072317d3962f18f7d016747941ac8fd0ab;native/test-host.sh@d521316c5fc6212ed2669ac6914b9f46f12a56a3	arithmetic_source_sites_present
isomorphismes/spinor	default		830b4ceb6f029316cb53a5145fc6ac96eae21bd2	android/spinor_renderer.c	c3cfb9149311875f14fd1b36337b398f2ceb1759	owned_executable_or_header	3	0	0	0	cc host/movie; NDK Clang Android	android/build-native.sh@4934bece00b40c5f0833b8956f2db662f0dd28cf;movie/render-frames.sh@a910d8072317d3962f18f7d016747941ac8fd0ab;native/test-host.sh@d521316c5fc6212ed2669ac6914b9f46f12a56a3	arithmetic_source_sites_present
isomorphismes/spinor	default		830b4ceb6f029316cb53a5145fc6ac96eae21bd2	android/spinor_renderer.h	4387fa52de0b4ab214a83843fa35d5c309538500	owned_executable_or_header	0	0	0	0	cc host/movie; NDK Clang Android	android/build-native.sh@4934bece00b40c5f0833b8956f2db662f0dd28cf;movie/render-frames.sh@a910d8072317d3962f18f7d016747941ac8fd0ab;native/test-host.sh@d521316c5fc6212ed2669ac6914b9f46f12a56a3	no_arithmetic_slash_in_this_blob
isomorphismes/spinor	default		830b4ceb6f029316cb53a5145fc6ac96eae21bd2	movie/render_frames.c	24009aa3c0e21a4b09cc189550d2a009eff7373c	owned_executable_or_header	12	0	0	0	cc host/movie; NDK Clang Android	android/build-native.sh@4934bece00b40c5f0833b8956f2db662f0dd28cf;movie/render-frames.sh@a910d8072317d3962f18f7d016747941ac8fd0ab;native/test-host.sh@d521316c5fc6212ed2669ac6914b9f46f12a56a3	arithmetic_source_sites_present
isomorphismes/spinor	default		830b4ceb6f029316cb53a5145fc6ac96eae21bd2	native/spinor_core.c	909bf609c1ad255e94239ab927e107083e91b832	owned_executable_or_header	3	0	0	0	cc host/movie; NDK Clang Android	android/build-native.sh@4934bece00b40c5f0833b8956f2db662f0dd28cf;movie/render-frames.sh@a910d8072317d3962f18f7d016747941ac8fd0ab;native/test-host.sh@d521316c5fc6212ed2669ac6914b9f46f12a56a3	arithmetic_source_sites_present
isomorphismes/spinor	default		830b4ceb6f029316cb53a5145fc6ac96eae21bd2	native/spinor_core.h	ecb60e6177a35d41ef039dbe8759fdea423584c3	owned_executable_or_header	0	0	0	0	cc host/movie; NDK Clang Android	android/build-native.sh@4934bece00b40c5f0833b8956f2db662f0dd28cf;movie/render-frames.sh@a910d8072317d3962f18f7d016747941ac8fd0ab;native/test-host.sh@d521316c5fc6212ed2669ac6914b9f46f12a56a3	no_arithmetic_slash_in_this_blob
isomorphismes/spinor	default		830b4ceb6f029316cb53a5145fc6ac96eae21bd2	native/spinor_field.c	7a7b954b0c458d99c1a1fa8e69b5105595f16fc1	owned_executable_or_header	6	0	0	0	cc host/movie; NDK Clang Android	android/build-native.sh@4934bece00b40c5f0833b8956f2db662f0dd28cf;movie/render-frames.sh@a910d8072317d3962f18f7d016747941ac8fd0ab;native/test-host.sh@d521316c5fc6212ed2669ac6914b9f46f12a56a3	arithmetic_source_sites_present
isomorphismes/spinor	default		830b4ceb6f029316cb53a5145fc6ac96eae21bd2	native/spinor_field.h	f9c46ec228fc17c3118d650396f21322361fb1f3	owned_executable_or_header	0	0	0	0	cc host/movie; NDK Clang Android	android/build-native.sh@4934bece00b40c5f0833b8956f2db662f0dd28cf;movie/render-frames.sh@a910d8072317d3962f18f7d016747941ac8fd0ab;native/test-host.sh@d521316c5fc6212ed2669ac6914b9f46f12a56a3	no_arithmetic_slash_in_this_blob
isomorphismes/spinor	default		830b4ceb6f029316cb53a5145fc6ac96eae21bd2	native/spinor_ribbons.c	675f12f0205fff7dcd9d68d82fdaf8aba2d19db8	owned_executable_or_header	1	0	0	0	cc host/movie; NDK Clang Android	android/build-native.sh@4934bece00b40c5f0833b8956f2db662f0dd28cf;movie/render-frames.sh@a910d8072317d3962f18f7d016747941ac8fd0ab;native/test-host.sh@d521316c5fc6212ed2669ac6914b9f46f12a56a3	arithmetic_source_sites_present
isomorphismes/spinor	default		830b4ceb6f029316cb53a5145fc6ac96eae21bd2	native/spinor_ribbons.h	1abb56993bac228b56f9aee17958141d257af470	owned_executable_or_header	0	0	0	0	cc host/movie; NDK Clang Android	android/build-native.sh@4934bece00b40c5f0833b8956f2db662f0dd28cf;movie/render-frames.sh@a910d8072317d3962f18f7d016747941ac8fd0ab;native/test-host.sh@d521316c5fc6212ed2669ac6914b9f46f12a56a3	no_arithmetic_slash_in_this_blob
isomorphismes/spinor	default		830b4ceb6f029316cb53a5145fc6ac96eae21bd2	native/test_spinor_core.c	074e1c19099edd16464a308d0003d844f814e622	owned_test_or_harness	0	0	0	0	cc host/movie; NDK Clang Android	android/build-native.sh@4934bece00b40c5f0833b8956f2db662f0dd28cf;movie/render-frames.sh@a910d8072317d3962f18f7d016747941ac8fd0ab;native/test-host.sh@d521316c5fc6212ed2669ac6914b9f46f12a56a3	no_arithmetic_slash_in_this_blob
isomorphismes/spinor	default		830b4ceb6f029316cb53a5145fc6ac96eae21bd2	native/test_spinor_field.c	991cf43f04a4d59647a3a82b2e3ce24e2835aafc	owned_test_or_harness	0	0	0	0	cc host/movie; NDK Clang Android	android/build-native.sh@4934bece00b40c5f0833b8956f2db662f0dd28cf;movie/render-frames.sh@a910d8072317d3962f18f7d016747941ac8fd0ab;native/test-host.sh@d521316c5fc6212ed2669ac6914b9f46f12a56a3	no_arithmetic_slash_in_this_blob
isomorphismes/young-tableaux	default		a60493703dc164cfc8573f050848b77c6a00badf	app/android/native_main.c	7343c17cce4a3edeff2ed85d67ce8842c894a7b5	owned_executable_or_header	0	0	0	0	ICK native host and Lua; NDK Clang ARMv7+AArch64; independent NDK host oracle	.github/workflows/build-apk.yml@f6082def699c0bf0a5dba3ba6fb8fd575d3ea08e;.github/workflows/independent-audit.yml@41de7f8f93e5daafeda90ae8d4c7504f9f60ec3d;ci/build-toolchain.tsv@cfbf45a153b7ece9f688d80589ba0396bd41c4a0	no_arithmetic_slash_in_this_blob
isomorphismes/young-tableaux	default		a60493703dc164cfc8573f050848b77c6a00badf	app/console/console.c	8ea64f117c4417847b250f00d0279d757d79fe52	owned_executable_or_header	5	0	0	0	ICK native host and Lua; NDK Clang ARMv7+AArch64; independent NDK host oracle	.github/workflows/build-apk.yml@f6082def699c0bf0a5dba3ba6fb8fd575d3ea08e;.github/workflows/independent-audit.yml@41de7f8f93e5daafeda90ae8d4c7504f9f60ec3d;ci/build-toolchain.tsv@cfbf45a153b7ece9f688d80589ba0396bd41c4a0	arithmetic_source_sites_present
isomorphismes/young-tableaux	default		a60493703dc164cfc8573f050848b77c6a00badf	app/console/console.h	7e7f8d78b32de0a14e7591319a426bbc7a7a4b95	owned_executable_or_header	0	0	0	0	ICK native host and Lua; NDK Clang ARMv7+AArch64; independent NDK host oracle	.github/workflows/build-apk.yml@f6082def699c0bf0a5dba3ba6fb8fd575d3ea08e;.github/workflows/independent-audit.yml@41de7f8f93e5daafeda90ae8d4c7504f9f60ec3d;ci/build-toolchain.tsv@cfbf45a153b7ece9f688d80589ba0396bd41c4a0	no_arithmetic_slash_in_this_blob
isomorphismes/young-tableaux	default		a60493703dc164cfc8573f050848b77c6a00badf	app/console/nearby.c	893f7ee8eeb59fa0a490bb51c0c01566d8920ac9	owned_executable_or_header	11	0	0	0	ICK native host and Lua; NDK Clang ARMv7+AArch64; independent NDK host oracle	.github/workflows/build-apk.yml@f6082def699c0bf0a5dba3ba6fb8fd575d3ea08e;.github/workflows/independent-audit.yml@41de7f8f93e5daafeda90ae8d4c7504f9f60ec3d;ci/build-toolchain.tsv@cfbf45a153b7ece9f688d80589ba0396bd41c4a0	arithmetic_source_sites_present
isomorphismes/young-tableaux	default		a60493703dc164cfc8573f050848b77c6a00badf	app/console/nearby.h	aaf4cb18ec0483e8fb54a0c7d372141e97dad659	owned_executable_or_header	0	0	0	0	ICK native host and Lua; NDK Clang ARMv7+AArch64; independent NDK host oracle	.github/workflows/build-apk.yml@f6082def699c0bf0a5dba3ba6fb8fd575d3ea08e;.github/workflows/independent-audit.yml@41de7f8f93e5daafeda90ae8d4c7504f9f60ec3d;ci/build-toolchain.tsv@cfbf45a153b7ece9f688d80589ba0396bd41c4a0	no_arithmetic_slash_in_this_blob
isomorphismes/young-tableaux	default		a60493703dc164cfc8573f050848b77c6a00badf	app/core/advanced.h	c64ad231b34754e253a50acf51955957486839b2	owned_executable_or_header	0	0	0	0	ICK native host and Lua; NDK Clang ARMv7+AArch64; independent NDK host oracle	.github/workflows/build-apk.yml@f6082def699c0bf0a5dba3ba6fb8fd575d3ea08e;.github/workflows/independent-audit.yml@41de7f8f93e5daafeda90ae8d4c7504f9f60ec3d;ci/build-toolchain.tsv@cfbf45a153b7ece9f688d80589ba0396bd41c4a0	no_arithmetic_slash_in_this_blob
isomorphismes/young-tableaux	default		a60493703dc164cfc8573f050848b77c6a00badf	app/core/algebra.c	628716cdc380185c50dea58c35af72de3398b3df	owned_executable_or_header	15	2	0	0	ICK native host and Lua; NDK Clang ARMv7+AArch64; independent NDK host oracle	.github/workflows/build-apk.yml@f6082def699c0bf0a5dba3ba6fb8fd575d3ea08e;.github/workflows/independent-audit.yml@41de7f8f93e5daafeda90ae8d4c7504f9f60ec3d;ci/build-toolchain.tsv@cfbf45a153b7ece9f688d80589ba0396bd41c4a0	arithmetic_source_sites_present
isomorphismes/young-tableaux	default		a60493703dc164cfc8573f050848b77c6a00badf	app/core/combinatorics.c	1fd1241b2fefb37e868f613be0325181655bcdea	owned_executable_or_header	1	0	0	0	ICK native host and Lua; NDK Clang ARMv7+AArch64; independent NDK host oracle	.github/workflows/build-apk.yml@f6082def699c0bf0a5dba3ba6fb8fd575d3ea08e;.github/workflows/independent-audit.yml@41de7f8f93e5daafeda90ae8d4c7504f9f60ec3d;ci/build-toolchain.tsv@cfbf45a153b7ece9f688d80589ba0396bd41c4a0	arithmetic_source_sites_present
isomorphismes/young-tableaux	default		a60493703dc164cfc8573f050848b77c6a00badf	app/core/diagram.c	1b0b7b5ce767611075b22ce56f982a906abaad4a	owned_executable_or_header	0	0	0	0	ICK native host and Lua; NDK Clang ARMv7+AArch64; independent NDK host oracle	.github/workflows/build-apk.yml@f6082def699c0bf0a5dba3ba6fb8fd575d3ea08e;.github/workflows/independent-audit.yml@41de7f8f93e5daafeda90ae8d4c7504f9f60ec3d;ci/build-toolchain.tsv@cfbf45a153b7ece9f688d80589ba0396bd41c4a0	no_arithmetic_slash_in_this_blob
isomorphismes/young-tableaux	default		a60493703dc164cfc8573f050848b77c6a00badf	app/core/diagram.h	3ca7edd9b3945af2399ec7afad5a86977443fe3c	owned_executable_or_header	0	0	0	0	ICK native host and Lua; NDK Clang ARMv7+AArch64; independent NDK host oracle	.github/workflows/build-apk.yml@f6082def699c0bf0a5dba3ba6fb8fd575d3ea08e;.github/workflows/independent-audit.yml@41de7f8f93e5daafeda90ae8d4c7504f9f60ec3d;ci/build-toolchain.tsv@cfbf45a153b7ece9f688d80589ba0396bd41c4a0	no_arithmetic_slash_in_this_blob
isomorphismes/young-tableaux	default		a60493703dc164cfc8573f050848b77c6a00badf	app/core/jeu_de_taquin.c	a8303eb6c5c5d27da2e838b0f2498c26054ee14d	owned_executable_or_header	0	0	0	0	ICK native host and Lua; NDK Clang ARMv7+AArch64; independent NDK host oracle	.github/workflows/build-apk.yml@f6082def699c0bf0a5dba3ba6fb8fd575d3ea08e;.github/workflows/independent-audit.yml@41de7f8f93e5daafeda90ae8d4c7504f9f60ec3d;ci/build-toolchain.tsv@cfbf45a153b7ece9f688d80589ba0396bd41c4a0	no_arithmetic_slash_in_this_blob
isomorphismes/young-tableaux	default		a60493703dc164cfc8573f050848b77c6a00badf	app/core/jeu_de_taquin.h	4640ad63f45fdda6a8df34b3fb2f1d5d7ca97d60	owned_executable_or_header	0	0	0	0	ICK native host and Lua; NDK Clang ARMv7+AArch64; independent NDK host oracle	.github/workflows/build-apk.yml@f6082def699c0bf0a5dba3ba6fb8fd575d3ea08e;.github/workflows/independent-audit.yml@41de7f8f93e5daafeda90ae8d4c7504f9f60ec3d;ci/build-toolchain.tsv@cfbf45a153b7ece9f688d80589ba0396bd41c4a0	no_arithmetic_slash_in_this_blob
isomorphismes/young-tableaux	default		a60493703dc164cfc8573f050848b77c6a00badf	app/core/math_types.h	9f4d7a8a0268345c230e8c87803b51a097653009	owned_executable_or_header	0	0	0	0	ICK native host and Lua; NDK Clang ARMv7+AArch64; independent NDK host oracle	.github/workflows/build-apk.yml@f6082def699c0bf0a5dba3ba6fb8fd575d3ea08e;.github/workflows/independent-audit.yml@41de7f8f93e5daafeda90ae8d4c7504f9f60ec3d;ci/build-toolchain.tsv@cfbf45a153b7ece9f688d80589ba0396bd41c4a0	no_arithmetic_slash_in_this_blob
isomorphismes/young-tableaux	default		a60493703dc164cfc8573f050848b77c6a00badf	app/core/parse.c	d737aa36513254f8decfa3f632f3353c06e3ef1d	owned_executable_or_header	1	0	0	0	ICK native host and Lua; NDK Clang ARMv7+AArch64; independent NDK host oracle	.github/workflows/build-apk.yml@f6082def699c0bf0a5dba3ba6fb8fd575d3ea08e;.github/workflows/independent-audit.yml@41de7f8f93e5daafeda90ae8d4c7504f9f60ec3d;ci/build-toolchain.tsv@cfbf45a153b7ece9f688d80589ba0396bd41c4a0	arithmetic_source_sites_present
isomorphismes/young-tableaux	default		a60493703dc164cfc8573f050848b77c6a00badf	app/core/parse.h	ae806dc94b07cfaaeacaa2f92969230187f9ebf7	owned_executable_or_header	0	0	0	0	ICK native host and Lua; NDK Clang ARMv7+AArch64; independent NDK host oracle	.github/workflows/build-apk.yml@f6082def699c0bf0a5dba3ba6fb8fd575d3ea08e;.github/workflows/independent-audit.yml@41de7f8f93e5daafeda90ae8d4c7504f9f60ec3d;ci/build-toolchain.tsv@cfbf45a153b7ece9f688d80589ba0396bd41c4a0	no_arithmetic_slash_in_this_blob
isomorphismes/young-tableaux	default		a60493703dc164cfc8573f050848b77c6a00badf	app/core/partition.c	0ef06c93a5880f6cea91070e11251dc598db2a3a	owned_executable_or_header	2	2	0	0	ICK native host and Lua; NDK Clang ARMv7+AArch64; independent NDK host oracle	.github/workflows/build-apk.yml@f6082def699c0bf0a5dba3ba6fb8fd575d3ea08e;.github/workflows/independent-audit.yml@41de7f8f93e5daafeda90ae8d4c7504f9f60ec3d;ci/build-toolchain.tsv@cfbf45a153b7ece9f688d80589ba0396bd41c4a0	arithmetic_source_sites_present
isomorphismes/young-tableaux	default		a60493703dc164cfc8573f050848b77c6a00badf	app/core/partition.h	01d8e5d6468aaea2bfec20f3b8c7c336344b1b9c	owned_executable_or_header	0	0	0	0	ICK native host and Lua; NDK Clang ARMv7+AArch64; independent NDK host oracle	.github/workflows/build-apk.yml@f6082def699c0bf0a5dba3ba6fb8fd575d3ea08e;.github/workflows/independent-audit.yml@41de7f8f93e5daafeda90ae8d4c7504f9f60ec3d;ci/build-toolchain.tsv@cfbf45a153b7ece9f688d80589ba0396bd41c4a0	no_arithmetic_slash_in_this_blob
isomorphismes/young-tableaux	default		a60493703dc164cfc8573f050848b77c6a00badf	app/core/rsk.c	45f570d9bece8893c7d8b7cff94b5a7e2276d7fe	owned_executable_or_header	0	0	0	0	ICK native host and Lua; NDK Clang ARMv7+AArch64; independent NDK host oracle	.github/workflows/build-apk.yml@f6082def699c0bf0a5dba3ba6fb8fd575d3ea08e;.github/workflows/independent-audit.yml@41de7f8f93e5daafeda90ae8d4c7504f9f60ec3d;ci/build-toolchain.tsv@cfbf45a153b7ece9f688d80589ba0396bd41c4a0	no_arithmetic_slash_in_this_blob
isomorphismes/young-tableaux	default		a60493703dc164cfc8573f050848b77c6a00badf	app/core/rsk.h	1ec734e06ce58a7a1bed70c7650393e1839c99f9	owned_executable_or_header	0	0	0	0	ICK native host and Lua; NDK Clang ARMv7+AArch64; independent NDK host oracle	.github/workflows/build-apk.yml@f6082def699c0bf0a5dba3ba6fb8fd575d3ea08e;.github/workflows/independent-audit.yml@41de7f8f93e5daafeda90ae8d4c7504f9f60ec3d;ci/build-toolchain.tsv@cfbf45a153b7ece9f688d80589ba0396bd41c4a0	no_arithmetic_slash_in_this_blob
isomorphismes/young-tableaux	default		a60493703dc164cfc8573f050848b77c6a00badf	app/core/tableau.c	b24a29b34959d605c829f5057f86fa615c326a10	owned_executable_or_header	0	0	0	0	ICK native host and Lua; NDK Clang ARMv7+AArch64; independent NDK host oracle	.github/workflows/build-apk.yml@f6082def699c0bf0a5dba3ba6fb8fd575d3ea08e;.github/workflows/independent-audit.yml@41de7f8f93e5daafeda90ae8d4c7504f9f60ec3d;ci/build-toolchain.tsv@cfbf45a153b7ece9f688d80589ba0396bd41c4a0	no_arithmetic_slash_in_this_blob
isomorphismes/young-tableaux	default		a60493703dc164cfc8573f050848b77c6a00badf	app/core/tableau.h	4837912b5dddac5b672c8c439819b2cab2b3b595	owned_executable_or_header	0	0	0	0	ICK native host and Lua; NDK Clang ARMv7+AArch64; independent NDK host oracle	.github/workflows/build-apk.yml@f6082def699c0bf0a5dba3ba6fb8fd575d3ea08e;.github/workflows/independent-audit.yml@41de7f8f93e5daafeda90ae8d4c7504f9f60ec3d;ci/build-toolchain.tsv@cfbf45a153b7ece9f688d80589ba0396bd41c4a0	no_arithmetic_slash_in_this_blob
isomorphismes/young-tableaux	default		a60493703dc164cfc8573f050848b77c6a00badf	app/core/young_math.h	eaac8e041a9d23905266fb7bd5d9f06af1c7edad	owned_executable_or_header	0	0	0	0	ICK native host and Lua; NDK Clang ARMv7+AArch64; independent NDK host oracle	.github/workflows/build-apk.yml@f6082def699c0bf0a5dba3ba6fb8fd575d3ea08e;.github/workflows/independent-audit.yml@41de7f8f93e5daafeda90ae8d4c7504f9f60ec3d;ci/build-toolchain.tsv@cfbf45a153b7ece9f688d80589ba0396bd41c4a0	no_arithmetic_slash_in_this_blob
isomorphismes/young-tableaux	default		a60493703dc164cfc8573f050848b77c6a00badf	app/lua/bridge.c	0b1525f651ec5616feeb108e312ef8d924c279d5	owned_executable_or_header	0	0	0	0	ICK native host and Lua; NDK Clang ARMv7+AArch64; independent NDK host oracle	.github/workflows/build-apk.yml@f6082def699c0bf0a5dba3ba6fb8fd575d3ea08e;.github/workflows/independent-audit.yml@41de7f8f93e5daafeda90ae8d4c7504f9f60ec3d;ci/build-toolchain.tsv@cfbf45a153b7ece9f688d80589ba0396bd41c4a0	no_arithmetic_slash_in_this_blob
isomorphismes/young-tableaux	default		a60493703dc164cfc8573f050848b77c6a00badf	app/lua/bridge.h	9933b05aef4ac62f071190274a8256820809bb8d	owned_executable_or_header	0	0	0	0	ICK native host and Lua; NDK Clang ARMv7+AArch64; independent NDK host oracle	.github/workflows/build-apk.yml@f6082def699c0bf0a5dba3ba6fb8fd575d3ea08e;.github/workflows/independent-audit.yml@41de7f8f93e5daafeda90ae8d4c7504f9f60ec3d;ci/build-toolchain.tsv@cfbf45a153b7ece9f688d80589ba0396bd41c4a0	no_arithmetic_slash_in_this_blob
isomorphismes/young-tableaux	default		a60493703dc164cfc8573f050848b77c6a00badf	app/render/paint.c	f3200cad6656e590428a0fe65d34bda1ee06e5cf	owned_executable_or_header	39	0	0	0	ICK native host and Lua; NDK Clang ARMv7+AArch64; independent NDK host oracle	.github/workflows/build-apk.yml@f6082def699c0bf0a5dba3ba6fb8fd575d3ea08e;.github/workflows/independent-audit.yml@41de7f8f93e5daafeda90ae8d4c7504f9f60ec3d;ci/build-toolchain.tsv@cfbf45a153b7ece9f688d80589ba0396bd41c4a0	arithmetic_source_sites_present
isomorphismes/young-tableaux	default		a60493703dc164cfc8573f050848b77c6a00badf	app/render/paint.h	29fd4dec7d01c9b1386c3a3c4d1c22e2fa23199f	owned_executable_or_header	0	0	0	0	ICK native host and Lua; NDK Clang ARMv7+AArch64; independent NDK host oracle	.github/workflows/build-apk.yml@f6082def699c0bf0a5dba3ba6fb8fd575d3ea08e;.github/workflows/independent-audit.yml@41de7f8f93e5daafeda90ae8d4c7504f9f60ec3d;ci/build-toolchain.tsv@cfbf45a153b7ece9f688d80589ba0396bd41c4a0	no_arithmetic_slash_in_this_blob
isomorphismes/young-tableaux	default		a60493703dc164cfc8573f050848b77c6a00badf	app/render/raster.c	4e28b81d2f0b88de337e8fdeec05a315edf54711	owned_executable_or_header	6	0	0	0	ICK native host and Lua; NDK Clang ARMv7+AArch64; independent NDK host oracle	.github/workflows/build-apk.yml@f6082def699c0bf0a5dba3ba6fb8fd575d3ea08e;.github/workflows/independent-audit.yml@41de7f8f93e5daafeda90ae8d4c7504f9f60ec3d;ci/build-toolchain.tsv@cfbf45a153b7ece9f688d80589ba0396bd41c4a0	arithmetic_source_sites_present
isomorphismes/young-tableaux	default		a60493703dc164cfc8573f050848b77c6a00badf	app/render/raster.h	f336748f7fa7be3cb1eba9797fbf277293ea751b	owned_executable_or_header	0	0	0	0	ICK native host and Lua; NDK Clang ARMv7+AArch64; independent NDK host oracle	.github/workflows/build-apk.yml@f6082def699c0bf0a5dba3ba6fb8fd575d3ea08e;.github/workflows/independent-audit.yml@41de7f8f93e5daafeda90ae8d4c7504f9f60ec3d;ci/build-toolchain.tsv@cfbf45a153b7ece9f688d80589ba0396bd41c4a0	no_arithmetic_slash_in_this_blob
isomorphismes/young-tableaux	default		a60493703dc164cfc8573f050848b77c6a00badf	app/ui/controls.c	1e9f2ace417c9c326575a982e39064898713d379	owned_executable_or_header	2	0	0	0	ICK native host and Lua; NDK Clang ARMv7+AArch64; independent NDK host oracle	.github/workflows/build-apk.yml@f6082def699c0bf0a5dba3ba6fb8fd575d3ea08e;.github/workflows/independent-audit.yml@41de7f8f93e5daafeda90ae8d4c7504f9f60ec3d;ci/build-toolchain.tsv@cfbf45a153b7ece9f688d80589ba0396bd41c4a0	arithmetic_source_sites_present
isomorphismes/young-tableaux	default		a60493703dc164cfc8573f050848b77c6a00badf	app/ui/controls.h	620dad4b4dda2c1e55fa2d97fbfd34c47842c0b2	owned_executable_or_header	0	0	0	0	ICK native host and Lua; NDK Clang ARMv7+AArch64; independent NDK host oracle	.github/workflows/build-apk.yml@f6082def699c0bf0a5dba3ba6fb8fd575d3ea08e;.github/workflows/independent-audit.yml@41de7f8f93e5daafeda90ae8d4c7504f9f60ec3d;ci/build-toolchain.tsv@cfbf45a153b7ece9f688d80589ba0396bd41c4a0	no_arithmetic_slash_in_this_blob
isomorphismes/young-tableaux	default		a60493703dc164cfc8573f050848b77c6a00badf	tests/audit_bridge.c	916af4149e941d8c5f5d02d76316aff2f862832f	owned_test_or_harness	0	0	0	0	ICK native host and Lua; NDK Clang ARMv7+AArch64; independent NDK host oracle	.github/workflows/build-apk.yml@f6082def699c0bf0a5dba3ba6fb8fd575d3ea08e;.github/workflows/independent-audit.yml@41de7f8f93e5daafeda90ae8d4c7504f9f60ec3d;ci/build-toolchain.tsv@cfbf45a153b7ece9f688d80589ba0396bd41c4a0	no_arithmetic_slash_in_this_blob
isomorphismes/young-tableaux	default		a60493703dc164cfc8573f050848b77c6a00badf	tests/audit_render_bounds.c	55dd383d908d435fc53402074c8816c8415820d0	owned_test_or_harness	0	0	0	0	ICK native host and Lua; NDK Clang ARMv7+AArch64; independent NDK host oracle	.github/workflows/build-apk.yml@f6082def699c0bf0a5dba3ba6fb8fd575d3ea08e;.github/workflows/independent-audit.yml@41de7f8f93e5daafeda90ae8d4c7504f9f60ec3d;ci/build-toolchain.tsv@cfbf45a153b7ece9f688d80589ba0396bd41c4a0	no_arithmetic_slash_in_this_blob
isomorphismes/young-tableaux	default		a60493703dc164cfc8573f050848b77c6a00badf	tests/consolidation_tests.c	2fc77cf2a900f298992f2b5ace43ed2c071ba0b3	owned_test_or_harness	4	0	0	0	ICK native host and Lua; NDK Clang ARMv7+AArch64; independent NDK host oracle	.github/workflows/build-apk.yml@f6082def699c0bf0a5dba3ba6fb8fd575d3ea08e;.github/workflows/independent-audit.yml@41de7f8f93e5daafeda90ae8d4c7504f9f60ec3d;ci/build-toolchain.tsv@cfbf45a153b7ece9f688d80589ba0396bd41c4a0	arithmetic_source_sites_present
isomorphismes/young-tableaux	default		a60493703dc164cfc8573f050848b77c6a00badf	tests/host_tests.c	120e29cff2f028ea0dddb77c250edec59cbbafac	owned_test_or_harness	4	0	0	0	ICK native host and Lua; NDK Clang ARMv7+AArch64; independent NDK host oracle	.github/workflows/build-apk.yml@f6082def699c0bf0a5dba3ba6fb8fd575d3ea08e;.github/workflows/independent-audit.yml@41de7f8f93e5daafeda90ae8d4c7504f9f60ec3d;ci/build-toolchain.tsv@cfbf45a153b7ece9f688d80589ba0396bd41c4a0	arithmetic_source_sites_present
isomorphismes/young-tableaux	default		a60493703dc164cfc8573f050848b77c6a00badf	tests/insertion_ownership.c	eb6c7cdf1ce6fea4d8a8a2951f8a85a9c311364a	owned_test_or_harness	0	0	0	0	ICK native host and Lua; NDK Clang ARMv7+AArch64; independent NDK host oracle	.github/workflows/build-apk.yml@f6082def699c0bf0a5dba3ba6fb8fd575d3ea08e;.github/workflows/independent-audit.yml@41de7f8f93e5daafeda90ae8d4c7504f9f60ec3d;ci/build-toolchain.tsv@cfbf45a153b7ece9f688d80589ba0396bd41c4a0	no_arithmetic_slash_in_this_blob
isomorphismes/young-tableaux	default		a60493703dc164cfc8573f050848b77c6a00badf	tests/operation_correspondence.c	fc0127e45b8e3ea19037558e19f26f3b71e714f0	owned_test_or_harness	8	0	0	0	ICK native host and Lua; NDK Clang ARMv7+AArch64; independent NDK host oracle	.github/workflows/build-apk.yml@f6082def699c0bf0a5dba3ba6fb8fd575d3ea08e;.github/workflows/independent-audit.yml@41de7f8f93e5daafeda90ae8d4c7504f9f60ec3d;ci/build-toolchain.tsv@cfbf45a153b7ece9f688d80589ba0396bd41c4a0	arithmetic_source_sites_present
isomorphismes/young-tableaux	default		a60493703dc164cfc8573f050848b77c6a00badf	tests/preview.c	508d11efcfc6f4adb3fc03141279165443f1f12e	owned_test_or_harness	0	0	0	0	ICK native host and Lua; NDK Clang ARMv7+AArch64; independent NDK host oracle	.github/workflows/build-apk.yml@f6082def699c0bf0a5dba3ba6fb8fd575d3ea08e;.github/workflows/independent-audit.yml@41de7f8f93e5daafeda90ae8d4c7504f9f60ec3d;ci/build-toolchain.tsv@cfbf45a153b7ece9f688d80589ba0396bd41c4a0	no_arithmetic_slash_in_this_blob
isomorphismes/young-tableaux	default		a60493703dc164cfc8573f050848b77c6a00badf	tests/reject_filling_as_slide.c	e5d897e44cc7cdfd6757dcf31a40db6f5f5d7d5e	owned_test_or_harness	0	0	0	0	ICK native host and Lua; NDK Clang ARMv7+AArch64; independent NDK host oracle	.github/workflows/build-apk.yml@f6082def699c0bf0a5dba3ba6fb8fd575d3ea08e;.github/workflows/independent-audit.yml@41de7f8f93e5daafeda90ae8d4c7504f9f60ec3d;ci/build-toolchain.tsv@cfbf45a153b7ece9f688d80589ba0396bd41c4a0	no_arithmetic_slash_in_this_blob
isomorphismes/young-tableaux	default		a60493703dc164cfc8573f050848b77c6a00badf	tests/reject_word_as_permutation.c	3169223ec164dc984ed68b6fb60abc9e69cb973e	owned_test_or_harness	0	0	0	0	ICK native host and Lua; NDK Clang ARMv7+AArch64; independent NDK host oracle	.github/workflows/build-apk.yml@f6082def699c0bf0a5dba3ba6fb8fd575d3ea08e;.github/workflows/independent-audit.yml@41de7f8f93e5daafeda90ae8d4c7504f9f60ec3d;ci/build-toolchain.tsv@cfbf45a153b7ece9f688d80589ba0396bd41c4a0	no_arithmetic_slash_in_this_blob
isomorphismes/young-tableaux	default		a60493703dc164cfc8573f050848b77c6a00badf	tests/reject_word_result_as_permutation.c	e95c2e0e1e0d61c11315a6308c0aa8e58239f8d3	owned_test_or_harness	0	0	0	0	ICK native host and Lua; NDK Clang ARMv7+AArch64; independent NDK host oracle	.github/workflows/build-apk.yml@f6082def699c0bf0a5dba3ba6fb8fd575d3ea08e;.github/workflows/independent-audit.yml@41de7f8f93e5daafeda90ae8d4c7504f9f60ec3d;ci/build-toolchain.tsv@cfbf45a153b7ece9f688d80589ba0396bd41c4a0	no_arithmetic_slash_in_this_blob
isomorphismes/p-adic	default		534ee464a2a6cf6638c92a1ed7f0b63b073518da	android/native/witt_native.c	bc647d30905652153d282a0b1b866d1bf1bb69e4	owned_executable_or_header	5	0	0	0	NDK Clang ARMv7 Android	.github/workflows/witt-miro-apk.yml@911de3675054e5de32aaa7ed4f6bb945d92acc44;android/build-native.sh@26300d67ec16fe13dbf2b97bb37a5dd0cad4eed1	arithmetic_source_sites_present
isomorphismes/pauli	default		11fa8e1dfbfdfbf776ec26ae0d5656aadc090b8e	android/native/check_hydrogen_renderer.c	53c8a4a4ce809727fb729b37d869954ceac4b15a	owned_test_or_harness	1	0	0	0	NDK Clang Android; cc hydrogen generator checks	android/build-native.sh@7b3c6d4c6f24a55f3d50817efd5b8f4084d03947;tools/generate/hydrogen/sage/check.sh@1418662dc4064d90b170db6c12dded9ce383a7b9	arithmetic_source_sites_present
isomorphismes/pauli	default		11fa8e1dfbfdfbf776ec26ae0d5656aadc090b8e	android/native/pauli_android.c	c27e8f5f661f219e6b68871b91a666c95e31365d	owned_executable_or_header	2	0	0	0	NDK Clang Android; cc hydrogen generator checks	android/build-native.sh@7b3c6d4c6f24a55f3d50817efd5b8f4084d03947;tools/generate/hydrogen/sage/check.sh@1418662dc4064d90b170db6c12dded9ce383a7b9	arithmetic_source_sites_present
isomorphismes/pauli	default		11fa8e1dfbfdfbf776ec26ae0d5656aadc090b8e	android/native/pauli_color.c	2351420137b584db4e2acef4b63c60d2e5cb87d6	owned_executable_or_header	0	0	0	0	NDK Clang Android; cc hydrogen generator checks	android/build-native.sh@7b3c6d4c6f24a55f3d50817efd5b8f4084d03947;tools/generate/hydrogen/sage/check.sh@1418662dc4064d90b170db6c12dded9ce383a7b9	no_arithmetic_slash_in_this_blob
isomorphismes/pauli	default		11fa8e1dfbfdfbf776ec26ae0d5656aadc090b8e	android/native/pauli_color.h	1231879139731fb251125d92e490565cde849ffe	owned_executable_or_header	0	0	0	0	NDK Clang Android; cc hydrogen generator checks	android/build-native.sh@7b3c6d4c6f24a55f3d50817efd5b8f4084d03947;tools/generate/hydrogen/sage/check.sh@1418662dc4064d90b170db6c12dded9ce383a7b9	no_arithmetic_slash_in_this_blob
isomorphismes/pauli	default		11fa8e1dfbfdfbf776ec26ae0d5656aadc090b8e	android/native/pauli_gles_image.c	a5a3e67733db85d8b77fe3479cb3423f87c7bb91	owned_executable_or_header	2	0	0	0	NDK Clang Android; cc hydrogen generator checks	android/build-native.sh@7b3c6d4c6f24a55f3d50817efd5b8f4084d03947;tools/generate/hydrogen/sage/check.sh@1418662dc4064d90b170db6c12dded9ce383a7b9	arithmetic_source_sites_present
isomorphismes/pauli	default		11fa8e1dfbfdfbf776ec26ae0d5656aadc090b8e	android/native/pauli_gles_image.h	800564977b2bf2a96f86226f9067126cc58362fb	owned_executable_or_header	0	0	0	0	NDK Clang Android; cc hydrogen generator checks	android/build-native.sh@7b3c6d4c6f24a55f3d50817efd5b8f4084d03947;tools/generate/hydrogen/sage/check.sh@1418662dc4064d90b170db6c12dded9ce383a7b9	no_arithmetic_slash_in_this_blob
isomorphismes/pauli	default		11fa8e1dfbfdfbf776ec26ae0d5656aadc090b8e	android/native/pauli_orbital.c	aeceeb2cc4551c9f393ba5eb182c624bac25a018	owned_executable_or_header	2	0	0	0	NDK Clang Android; cc hydrogen generator checks	android/build-native.sh@7b3c6d4c6f24a55f3d50817efd5b8f4084d03947;tools/generate/hydrogen/sage/check.sh@1418662dc4064d90b170db6c12dded9ce383a7b9	arithmetic_source_sites_present
isomorphismes/pauli	default		11fa8e1dfbfdfbf776ec26ae0d5656aadc090b8e	android/native/pauli_orbital.h	967d24b835542f7232e321ec6d4a8e084e25fe0c	owned_executable_or_header	0	0	0	0	NDK Clang Android; cc hydrogen generator checks	android/build-native.sh@7b3c6d4c6f24a55f3d50817efd5b8f4084d03947;tools/generate/hydrogen/sage/check.sh@1418662dc4064d90b170db6c12dded9ce383a7b9	no_arithmetic_slash_in_this_blob
isomorphismes/pauli	default		11fa8e1dfbfdfbf776ec26ae0d5656aadc090b8e	android/native/pauli_renderer.h	2afe40d194d196fe395f0995b7617ad30dc1bc42	owned_executable_or_header	0	0	0	0	NDK Clang Android; cc hydrogen generator checks	android/build-native.sh@7b3c6d4c6f24a55f3d50817efd5b8f4084d03947;tools/generate/hydrogen/sage/check.sh@1418662dc4064d90b170db6c12dded9ce383a7b9	no_arithmetic_slash_in_this_blob
isomorphismes/pauli	default		11fa8e1dfbfdfbf776ec26ae0d5656aadc090b8e	android/native/pauli_renderer_orbitals.c	d48be64061fb1f6b5ada57f744f2bbe12d189a7a	owned_executable_or_header	0	0	0	0	NDK Clang Android; cc hydrogen generator checks	android/build-native.sh@7b3c6d4c6f24a55f3d50817efd5b8f4084d03947;tools/generate/hydrogen/sage/check.sh@1418662dc4064d90b170db6c12dded9ce383a7b9	no_arithmetic_slash_in_this_blob
isomorphismes/pauli	default		11fa8e1dfbfdfbf776ec26ae0d5656aadc090b8e	android/native/pauli_renderer_smoke.c	f4229ad36499f2661357843f452d04470272a028	owned_executable_or_header	1	0	0	0	NDK Clang Android; cc hydrogen generator checks	android/build-native.sh@7b3c6d4c6f24a55f3d50817efd5b8f4084d03947;tools/generate/hydrogen/sage/check.sh@1418662dc4064d90b170db6c12dded9ce383a7b9	arithmetic_source_sites_present
isomorphismes/pauli	default		11fa8e1dfbfdfbf776ec26ae0d5656aadc090b8e	android/native/pauli_volume_image.c	2b126ba72a13df6a0bf155da84d28348f7bae93b	owned_executable_or_header	4	0	0	0	NDK Clang Android; cc hydrogen generator checks	android/build-native.sh@7b3c6d4c6f24a55f3d50817efd5b8f4084d03947;tools/generate/hydrogen/sage/check.sh@1418662dc4064d90b170db6c12dded9ce383a7b9	arithmetic_source_sites_present
isomorphismes/pauli	default		11fa8e1dfbfdfbf776ec26ae0d5656aadc090b8e	android/native/pauli_volume_image.h	51ee3bfba4134cfdf17dfa716bc3e5d052ce79fa	owned_executable_or_header	0	0	0	0	NDK Clang Android; cc hydrogen generator checks	android/build-native.sh@7b3c6d4c6f24a55f3d50817efd5b8f4084d03947;tools/generate/hydrogen/sage/check.sh@1418662dc4064d90b170db6c12dded9ce383a7b9	no_arithmetic_slash_in_this_blob
isomorphismes/pauli	default		11fa8e1dfbfdfbf776ec26ae0d5656aadc090b8e	runtime/ick_complex_f64.h	9469cc62d017b5e95b2c1836e54fac3208a3fa8a	owned_executable_or_header	0	0	0	0	NDK Clang Android; cc hydrogen generator checks	android/build-native.sh@7b3c6d4c6f24a55f3d50817efd5b8f4084d03947;tools/generate/hydrogen/sage/check.sh@1418662dc4064d90b170db6c12dded9ce383a7b9	no_arithmetic_slash_in_this_blob
isomorphismes/pauli	default		11fa8e1dfbfdfbf776ec26ae0d5656aadc090b8e	tools/generate/hydrogen/sage/check_polar_f64_runtime.c	f9c432eaebe89b561f1419c9a20f52af5795c947	owned_test_or_harness	0	0	0	0	NDK Clang Android; cc hydrogen generator checks	android/build-native.sh@7b3c6d4c6f24a55f3d50817efd5b8f4084d03947;tools/generate/hydrogen/sage/check.sh@1418662dc4064d90b170db6c12dded9ce383a7b9	no_arithmetic_slash_in_this_blob
isomorphisms/crawlspace	default		2bf069dd9fcd6f04acafbabf0ec78126438f0c56	src/crawlspace.c	02004160269ec855c5c28df9471d56a9f3ba3ba1	owned_executable_or_header	0	0	0	0	NDK Clang ARMv7+AArch64 Android	.github/workflows/build.yml@af1dfa40a19aa10d3f2922646044b22ef7a34da7;scripts/build_android.sh@6f17b629ed443e85fb478d10de92f74ce289feab	no_arithmetic_slash_in_this_blob
isomorphisms/android-NDK	default		42f04d7654d54309ec3f8787bfd2bc40730399d7	apk/tests/fixtures/native_activity.c	574735d27d0c011d55555e6b8ff31dce6117d8e5	owned_test_or_harness	0	0	0	0	reusable copied audio/sensor source; no local audio compiler declaration in complete tree	native/audio/README.md@8111f938461d1b63a02aa10bebac95a7fdc0d280;native/sensors/accelerometer/README.md@de894bb76e0612946d0f647d0fc87fb0ccbcda14	no_arithmetic_slash_in_this_blob
isomorphisms/android-NDK	default		42f04d7654d54309ec3f8787bfd2bc40730399d7	native/audio/android/aaudio_input.c	0a6c3465f65f35db8b4d9af84c49b26ad3f292e6	owned_executable_or_header	0	0	0	0	reusable copied audio/sensor source; no local audio compiler declaration in complete tree	native/audio/README.md@8111f938461d1b63a02aa10bebac95a7fdc0d280;native/sensors/accelerometer/README.md@de894bb76e0612946d0f647d0fc87fb0ccbcda14	no_arithmetic_slash_in_this_blob
isomorphisms/android-NDK	default		42f04d7654d54309ec3f8787bfd2bc40730399d7	native/audio/android/aaudio_input.h	ded1b770d87962a849888dafe0ca82a9546b5f5b	owned_executable_or_header	0	0	0	0	reusable copied audio/sensor source; no local audio compiler declaration in complete tree	native/audio/README.md@8111f938461d1b63a02aa10bebac95a7fdc0d280;native/sensors/accelerometer/README.md@de894bb76e0612946d0f647d0fc87fb0ccbcda14	no_arithmetic_slash_in_this_blob
isomorphisms/android-NDK	default		42f04d7654d54309ec3f8787bfd2bc40730399d7	native/audio/interface/audio_input.h	f71e1a45e7e3c0c02805fa0b636cf802a83efc50	owned_executable_or_header	0	0	0	0	reusable copied audio/sensor source; no local audio compiler declaration in complete tree	native/audio/README.md@8111f938461d1b63a02aa10bebac95a7fdc0d280;native/sensors/accelerometer/README.md@de894bb76e0612946d0f647d0fc87fb0ccbcda14	no_arithmetic_slash_in_this_blob
isomorphisms/android-NDK	default		42f04d7654d54309ec3f8787bfd2bc40730399d7	native/audio/interface/audio_result.c	9ee7262efac08aec43c5bd81e2cd4a74dd735b47	owned_executable_or_header	0	0	0	0	reusable copied audio/sensor source; no local audio compiler declaration in complete tree	native/audio/README.md@8111f938461d1b63a02aa10bebac95a7fdc0d280;native/sensors/accelerometer/README.md@de894bb76e0612946d0f647d0fc87fb0ccbcda14	no_arithmetic_slash_in_this_blob
isomorphisms/android-NDK	default		42f04d7654d54309ec3f8787bfd2bc40730399d7	native/audio/interface/pcm_ring.c	e4f542daba1f9e39766285f4cbf9012ffaadf780	owned_executable_or_header	2	0	0	0	reusable copied audio/sensor source; no local audio compiler declaration in complete tree	native/audio/README.md@8111f938461d1b63a02aa10bebac95a7fdc0d280;native/sensors/accelerometer/README.md@de894bb76e0612946d0f647d0fc87fb0ccbcda14	arithmetic_source_sites_present
isomorphisms/android-NDK	default		42f04d7654d54309ec3f8787bfd2bc40730399d7	native/audio/interface/pcm_ring.h	090b9a3277e92de5d0c53fec27ac889613b75a14	owned_executable_or_header	0	0	0	0	reusable copied audio/sensor source; no local audio compiler declaration in complete tree	native/audio/README.md@8111f938461d1b63a02aa10bebac95a7fdc0d280;native/sensors/accelerometer/README.md@de894bb76e0612946d0f647d0fc87fb0ccbcda14	no_arithmetic_slash_in_this_blob
isomorphisms/android-NDK	default		42f04d7654d54309ec3f8787bfd2bc40730399d7	native/audio/tests/backend_test.c	219ab405467e67b6bfc11d676abf0488b16b8477	owned_test_or_harness	0	0	0	0	reusable copied audio/sensor source; no local audio compiler declaration in complete tree	native/audio/README.md@8111f938461d1b63a02aa10bebac95a7fdc0d280;native/sensors/accelerometer/README.md@de894bb76e0612946d0f647d0fc87fb0ccbcda14	no_arithmetic_slash_in_this_blob
isomorphisms/android-NDK	default		42f04d7654d54309ec3f8787bfd2bc40730399d7	native/audio/tests/fake/aaudio/AAudio.h	c7f013f49022a96afe3cbad36241834040963189	owned_test_or_harness	0	0	0	0	reusable copied audio/sensor source; no local audio compiler declaration in complete tree	native/audio/README.md@8111f938461d1b63a02aa10bebac95a7fdc0d280;native/sensors/accelerometer/README.md@de894bb76e0612946d0f647d0fc87fb0ccbcda14	no_arithmetic_slash_in_this_blob
isomorphisms/android-NDK	default		42f04d7654d54309ec3f8787bfd2bc40730399d7	native/sensors/accelerometer/android_accelerometer.c	08d8eddbdf06fd5567150020cca74a0e75d387df	owned_executable_or_header	0	0	0	0	reusable copied audio/sensor source; no local audio compiler declaration in complete tree	native/audio/README.md@8111f938461d1b63a02aa10bebac95a7fdc0d280;native/sensors/accelerometer/README.md@de894bb76e0612946d0f647d0fc87fb0ccbcda14	no_arithmetic_slash_in_this_blob
isomorphisms/android-NDK	default		42f04d7654d54309ec3f8787bfd2bc40730399d7	native/sensors/accelerometer/android_accelerometer.h	5dfcb5f4bcd4ce056a7981376279a55733f764ec	owned_executable_or_header	0	0	0	0	reusable copied audio/sensor source; no local audio compiler declaration in complete tree	native/audio/README.md@8111f938461d1b63a02aa10bebac95a7fdc0d280;native/sensors/accelerometer/README.md@de894bb76e0612946d0f647d0fc87fb0ccbcda14	no_arithmetic_slash_in_this_blob
isomorphisms/programmers-keyboard	default		e37ceffaf2e4e23ff60eda25e5eecbd211942e5e	firmware/keypad-samples-rp2040/main.c	738b29261641273ef0bf6719e079061807bfd722	owned_executable_or_header	0	0	1	0	Pico SDK gcc-arm-none-eabi RP2040 Cortex-M0+ firmware	.github/workflows/build-keypad-sample-firmware.yml@a6f3ff69f3d0d1f25f1f529a11eb8c9ece177b6d;firmware/keypad-samples-rp2040/CMakeLists.txt@12b7061dc91d4b01469aa471a00a813879385832;firmware/movement-rp2040/CMakeLists.txt@e7ec6290e1b2c11abaa977b06be14587394f7cb2;firmware/phone-controls-rp2040/CMakeLists.txt@0131e3e73068b776e93c595d718e103e3a705c30	arithmetic_source_sites_present
isomorphisms/programmers-keyboard	default		e37ceffaf2e4e23ff60eda25e5eecbd211942e5e	firmware/keypad-samples-rp2040/tusb_config.h	4b0e21b59b1aae9250c8641226a7ddded0610a41	owned_executable_or_header	0	0	0	0	Pico SDK gcc-arm-none-eabi RP2040 Cortex-M0+ firmware	.github/workflows/build-keypad-sample-firmware.yml@a6f3ff69f3d0d1f25f1f529a11eb8c9ece177b6d;firmware/keypad-samples-rp2040/CMakeLists.txt@12b7061dc91d4b01469aa471a00a813879385832;firmware/movement-rp2040/CMakeLists.txt@e7ec6290e1b2c11abaa977b06be14587394f7cb2;firmware/phone-controls-rp2040/CMakeLists.txt@0131e3e73068b776e93c595d718e103e3a705c30	no_arithmetic_slash_in_this_blob
isomorphisms/programmers-keyboard	default		e37ceffaf2e4e23ff60eda25e5eecbd211942e5e	firmware/keypad-samples-rp2040/usb_descriptors.c	c126f996d87646d9fd5f9f779de6517dd81a12cb	owned_executable_or_header	1	0	0	0	Pico SDK gcc-arm-none-eabi RP2040 Cortex-M0+ firmware	.github/workflows/build-keypad-sample-firmware.yml@a6f3ff69f3d0d1f25f1f529a11eb8c9ece177b6d;firmware/keypad-samples-rp2040/CMakeLists.txt@12b7061dc91d4b01469aa471a00a813879385832;firmware/movement-rp2040/CMakeLists.txt@e7ec6290e1b2c11abaa977b06be14587394f7cb2;firmware/phone-controls-rp2040/CMakeLists.txt@0131e3e73068b776e93c595d718e103e3a705c30	arithmetic_source_sites_present
isomorphisms/programmers-keyboard	default		e37ceffaf2e4e23ff60eda25e5eecbd211942e5e	firmware/movement-rp2040/main.c	d35a83c83000ac2bc0a6e6c88030461f510b3940	owned_executable_or_header	0	0	0	0	Pico SDK gcc-arm-none-eabi RP2040 Cortex-M0+ firmware	.github/workflows/build-keypad-sample-firmware.yml@a6f3ff69f3d0d1f25f1f529a11eb8c9ece177b6d;firmware/keypad-samples-rp2040/CMakeLists.txt@12b7061dc91d4b01469aa471a00a813879385832;firmware/movement-rp2040/CMakeLists.txt@e7ec6290e1b2c11abaa977b06be14587394f7cb2;firmware/phone-controls-rp2040/CMakeLists.txt@0131e3e73068b776e93c595d718e103e3a705c30	no_arithmetic_slash_in_this_blob
isomorphisms/programmers-keyboard	default		e37ceffaf2e4e23ff60eda25e5eecbd211942e5e	firmware/movement-rp2040/tusb_config.h	9dedbb4ca4ca4ba672cff62bfa4d9e6de4a48873	owned_executable_or_header	0	0	0	0	Pico SDK gcc-arm-none-eabi RP2040 Cortex-M0+ firmware	.github/workflows/build-keypad-sample-firmware.yml@a6f3ff69f3d0d1f25f1f529a11eb8c9ece177b6d;firmware/keypad-samples-rp2040/CMakeLists.txt@12b7061dc91d4b01469aa471a00a813879385832;firmware/movement-rp2040/CMakeLists.txt@e7ec6290e1b2c11abaa977b06be14587394f7cb2;firmware/phone-controls-rp2040/CMakeLists.txt@0131e3e73068b776e93c595d718e103e3a705c30	no_arithmetic_slash_in_this_blob
isomorphisms/programmers-keyboard	default		e37ceffaf2e4e23ff60eda25e5eecbd211942e5e	firmware/movement-rp2040/usb_descriptors.c	b10cc956caf669ebf507d80d6e89c7a85e509ea6	owned_executable_or_header	1	0	0	0	Pico SDK gcc-arm-none-eabi RP2040 Cortex-M0+ firmware	.github/workflows/build-keypad-sample-firmware.yml@a6f3ff69f3d0d1f25f1f529a11eb8c9ece177b6d;firmware/keypad-samples-rp2040/CMakeLists.txt@12b7061dc91d4b01469aa471a00a813879385832;firmware/movement-rp2040/CMakeLists.txt@e7ec6290e1b2c11abaa977b06be14587394f7cb2;firmware/phone-controls-rp2040/CMakeLists.txt@0131e3e73068b776e93c595d718e103e3a705c30	arithmetic_source_sites_present
isomorphisms/programmers-keyboard	default		e37ceffaf2e4e23ff60eda25e5eecbd211942e5e	firmware/phone-controls-rp2040/main.c	dc19a3a83b34e993046c64edb1ebc95cd3b7fe7d	owned_executable_or_header	0	0	0	0	Pico SDK gcc-arm-none-eabi RP2040 Cortex-M0+ firmware	.github/workflows/build-keypad-sample-firmware.yml@a6f3ff69f3d0d1f25f1f529a11eb8c9ece177b6d;firmware/keypad-samples-rp2040/CMakeLists.txt@12b7061dc91d4b01469aa471a00a813879385832;firmware/movement-rp2040/CMakeLists.txt@e7ec6290e1b2c11abaa977b06be14587394f7cb2;firmware/phone-controls-rp2040/CMakeLists.txt@0131e3e73068b776e93c595d718e103e3a705c30	no_arithmetic_slash_in_this_blob
isomorphisms/programmers-keyboard	default		e37ceffaf2e4e23ff60eda25e5eecbd211942e5e	firmware/phone-controls-rp2040/tusb_config.h	71220e19cc38a458e9cfd8126d403435f79482db	owned_executable_or_header	0	0	0	0	Pico SDK gcc-arm-none-eabi RP2040 Cortex-M0+ firmware	.github/workflows/build-keypad-sample-firmware.yml@a6f3ff69f3d0d1f25f1f529a11eb8c9ece177b6d;firmware/keypad-samples-rp2040/CMakeLists.txt@12b7061dc91d4b01469aa471a00a813879385832;firmware/movement-rp2040/CMakeLists.txt@e7ec6290e1b2c11abaa977b06be14587394f7cb2;firmware/phone-controls-rp2040/CMakeLists.txt@0131e3e73068b776e93c595d718e103e3a705c30	no_arithmetic_slash_in_this_blob
isomorphisms/programmers-keyboard	default		e37ceffaf2e4e23ff60eda25e5eecbd211942e5e	firmware/phone-controls-rp2040/usb_descriptors.c	2ffee19ab54f516437a88f608f06edac9958353f	owned_executable_or_header	1	0	0	0	Pico SDK gcc-arm-none-eabi RP2040 Cortex-M0+ firmware	.github/workflows/build-keypad-sample-firmware.yml@a6f3ff69f3d0d1f25f1f529a11eb8c9ece177b6d;firmware/keypad-samples-rp2040/CMakeLists.txt@12b7061dc91d4b01469aa471a00a813879385832;firmware/movement-rp2040/CMakeLists.txt@e7ec6290e1b2c11abaa977b06be14587394f7cb2;firmware/phone-controls-rp2040/CMakeLists.txt@0131e3e73068b776e93c595d718e103e3a705c30	arithmetic_source_sites_present
isomorphisms/sd-card-append-fat	default		5f2efc852c1730215582509b1d9aaaeb7d8045a1	fs/appendfat/cache.c	5b8cfc8405769f74f46422c4b77c54e832e89438	Linux_kernel_substrate	0	0	0	0	Linux kernel substrate; cc userspace tests; PR26 NDK Clang arena shim	README.md@57416caf53947f531d035072258666f9d61a4271;fs/appendfat/README.md@e82668e7fea6880e4fe5eb3460688dc2ec129fb5;tests/appendfat-arena.sh@304de0767697b6757a085810b4c4e3994717846f;tests/appendfat-mv.sh@8730d0109beeda86d4dab9deb7fe1f2771dfca70	no_arithmetic_slash_in_this_blob
isomorphisms/sd-card-append-fat	default		5f2efc852c1730215582509b1d9aaaeb7d8045a1	fs/appendfat/dir.c	a7ae7a85e90075eae1ec0899fd00178c4e06df33	Linux_kernel_substrate	0	0	0	0	Linux kernel substrate; cc userspace tests; PR26 NDK Clang arena shim	README.md@57416caf53947f531d035072258666f9d61a4271;fs/appendfat/README.md@e82668e7fea6880e4fe5eb3460688dc2ec129fb5;tests/appendfat-arena.sh@304de0767697b6757a085810b4c4e3994717846f;tests/appendfat-mv.sh@8730d0109beeda86d4dab9deb7fe1f2771dfca70	no_arithmetic_slash_in_this_blob
isomorphisms/sd-card-append-fat	default		5f2efc852c1730215582509b1d9aaaeb7d8045a1	fs/appendfat/fat.h	9f54edbd95e03e6d6a731cf7b31096ec919a77d6	Linux_kernel_substrate	0	0	0	0	Linux kernel substrate; cc userspace tests; PR26 NDK Clang arena shim	README.md@57416caf53947f531d035072258666f9d61a4271;fs/appendfat/README.md@e82668e7fea6880e4fe5eb3460688dc2ec129fb5;tests/appendfat-arena.sh@304de0767697b6757a085810b4c4e3994717846f;tests/appendfat-mv.sh@8730d0109beeda86d4dab9deb7fe1f2771dfca70	no_arithmetic_slash_in_this_blob
isomorphisms/sd-card-append-fat	default		5f2efc852c1730215582509b1d9aaaeb7d8045a1	fs/appendfat/fat_test.c	3cbb0b8fff322e1414883bc8fdcfc4177db79c2a	Linux_kernel_substrate	0	0	0	0	Linux kernel substrate; cc userspace tests; PR26 NDK Clang arena shim	README.md@57416caf53947f531d035072258666f9d61a4271;fs/appendfat/README.md@e82668e7fea6880e4fe5eb3460688dc2ec129fb5;tests/appendfat-arena.sh@304de0767697b6757a085810b4c4e3994717846f;tests/appendfat-mv.sh@8730d0109beeda86d4dab9deb7fe1f2771dfca70	no_arithmetic_slash_in_this_blob
isomorphisms/sd-card-append-fat	default		5f2efc852c1730215582509b1d9aaaeb7d8045a1	fs/appendfat/fatent.c	83d0957f40bbf1c17f399c1fe05414da681d33a0	Linux_kernel_substrate	1	0	0	0	Linux kernel substrate; cc userspace tests; PR26 NDK Clang arena shim	README.md@57416caf53947f531d035072258666f9d61a4271;fs/appendfat/README.md@e82668e7fea6880e4fe5eb3460688dc2ec129fb5;tests/appendfat-arena.sh@304de0767697b6757a085810b4c4e3994717846f;tests/appendfat-mv.sh@8730d0109beeda86d4dab9deb7fe1f2771dfca70	arithmetic_source_sites_present
isomorphisms/sd-card-append-fat	default		5f2efc852c1730215582509b1d9aaaeb7d8045a1	fs/appendfat/file.c	64869ae8c8869b10c472a005767992781fbd2a11	Linux_kernel_substrate	2	0	0	0	Linux kernel substrate; cc userspace tests; PR26 NDK Clang arena shim	README.md@57416caf53947f531d035072258666f9d61a4271;fs/appendfat/README.md@e82668e7fea6880e4fe5eb3460688dc2ec129fb5;tests/appendfat-arena.sh@304de0767697b6757a085810b4c4e3994717846f;tests/appendfat-mv.sh@8730d0109beeda86d4dab9deb7fe1f2771dfca70	arithmetic_source_sites_present
isomorphisms/sd-card-append-fat	default		5f2efc852c1730215582509b1d9aaaeb7d8045a1	fs/appendfat/inode.c	b1f56211a9191c3f3dd67ad140710ca1582d921a	Linux_kernel_substrate	5	0	0	0	Linux kernel substrate; cc userspace tests; PR26 NDK Clang arena shim	README.md@57416caf53947f531d035072258666f9d61a4271;fs/appendfat/README.md@e82668e7fea6880e4fe5eb3460688dc2ec129fb5;tests/appendfat-arena.sh@304de0767697b6757a085810b4c4e3994717846f;tests/appendfat-mv.sh@8730d0109beeda86d4dab9deb7fe1f2771dfca70	arithmetic_source_sites_present
isomorphisms/sd-card-append-fat	default		5f2efc852c1730215582509b1d9aaaeb7d8045a1	fs/appendfat/misc.c	c7e6c37c6675ccfa33552a7f2015cba8bca4392a	Linux_kernel_substrate	3	0	0	0	Linux kernel substrate; cc userspace tests; PR26 NDK Clang arena shim	README.md@57416caf53947f531d035072258666f9d61a4271;fs/appendfat/README.md@e82668e7fea6880e4fe5eb3460688dc2ec129fb5;tests/appendfat-arena.sh@304de0767697b6757a085810b4c4e3994717846f;tests/appendfat-mv.sh@8730d0109beeda86d4dab9deb7fe1f2771dfca70	arithmetic_source_sites_present
isomorphisms/sd-card-append-fat	default		5f2efc852c1730215582509b1d9aaaeb7d8045a1	fs/appendfat/namei_msdos.c	152c6a7278bd49e4f8831a3195ec57d9c110c0d6	Linux_kernel_substrate	0	0	0	0	Linux kernel substrate; cc userspace tests; PR26 NDK Clang arena shim	README.md@57416caf53947f531d035072258666f9d61a4271;fs/appendfat/README.md@e82668e7fea6880e4fe5eb3460688dc2ec129fb5;tests/appendfat-arena.sh@304de0767697b6757a085810b4c4e3994717846f;tests/appendfat-mv.sh@8730d0109beeda86d4dab9deb7fe1f2771dfca70	no_arithmetic_slash_in_this_blob
isomorphisms/sd-card-append-fat	default		5f2efc852c1730215582509b1d9aaaeb7d8045a1	fs/appendfat/namei_vfat.c	335d8e0ab84f7e1a59e2d674d94e5f191baf2c5d	Linux_kernel_substrate	1	0	0	0	Linux kernel substrate; cc userspace tests; PR26 NDK Clang arena shim	README.md@57416caf53947f531d035072258666f9d61a4271;fs/appendfat/README.md@e82668e7fea6880e4fe5eb3460688dc2ec129fb5;tests/appendfat-arena.sh@304de0767697b6757a085810b4c4e3994717846f;tests/appendfat-mv.sh@8730d0109beeda86d4dab9deb7fe1f2771dfca70	arithmetic_source_sites_present
isomorphisms/sd-card-append-fat	default		5f2efc852c1730215582509b1d9aaaeb7d8045a1	fs/appendfat/nfs.c	4d27d321043a0555a72bd57ddb9a3d366b3626ab	Linux_kernel_substrate	0	0	1	0	Linux kernel substrate; cc userspace tests; PR26 NDK Clang arena shim	README.md@57416caf53947f531d035072258666f9d61a4271;fs/appendfat/README.md@e82668e7fea6880e4fe5eb3460688dc2ec129fb5;tests/appendfat-arena.sh@304de0767697b6757a085810b4c4e3994717846f;tests/appendfat-mv.sh@8730d0109beeda86d4dab9deb7fe1f2771dfca70	arithmetic_source_sites_present
isomorphisms/sd-card-append-fat	default		5f2efc852c1730215582509b1d9aaaeb7d8045a1	tests/appendfat-mv-faults.c	dc3e8ece3e95d77a07b48e02b060f012a99e9e16	owned_test_or_harness	1	0	0	0	Linux kernel substrate; cc userspace tests; PR26 NDK Clang arena shim	README.md@57416caf53947f531d035072258666f9d61a4271;fs/appendfat/README.md@e82668e7fea6880e4fe5eb3460688dc2ec129fb5;tests/appendfat-arena.sh@304de0767697b6757a085810b4c4e3994717846f;tests/appendfat-mv.sh@8730d0109beeda86d4dab9deb7fe1f2771dfca70	arithmetic_source_sites_present
isomorphisms/sd-card-append-fat	default		5f2efc852c1730215582509b1d9aaaeb7d8045a1	tests/fallocate-keep-size.c	7504fe068ac889cb41b1d69b1d01ba211db57867	owned_test_or_harness	4	0	0	0	Linux kernel substrate; cc userspace tests; PR26 NDK Clang arena shim	README.md@57416caf53947f531d035072258666f9d61a4271;fs/appendfat/README.md@e82668e7fea6880e4fe5eb3460688dc2ec129fb5;tests/appendfat-arena.sh@304de0767697b6757a085810b4c4e3994717846f;tests/appendfat-mv.sh@8730d0109beeda86d4dab9deb7fe1f2771dfca70	arithmetic_source_sites_present
isomorphisms/sd-card-append-fat	default		5f2efc852c1730215582509b1d9aaaeb7d8045a1	tools/appendfat_arena.c	da410fc20ab08a572cb96a980b44a996989aabbb	owned_executable_or_header	0	0	0	0	Linux kernel substrate; cc userspace tests; PR26 NDK Clang arena shim	README.md@57416caf53947f531d035072258666f9d61a4271;fs/appendfat/README.md@e82668e7fea6880e4fe5eb3460688dc2ec129fb5;tests/appendfat-arena.sh@304de0767697b6757a085810b4c4e3994717846f;tests/appendfat-mv.sh@8730d0109beeda86d4dab9deb7fe1f2771dfca70	no_arithmetic_slash_in_this_blob
isomorphisms/sd-card-append-fat	default		5f2efc852c1730215582509b1d9aaaeb7d8045a1	tools/appendfat_mv.c	25655cb9de974648733910c87e33787aa06aa015	owned_executable_or_header	0	0	0	0	Linux kernel substrate; cc userspace tests; PR26 NDK Clang arena shim	README.md@57416caf53947f531d035072258666f9d61a4271;fs/appendfat/README.md@e82668e7fea6880e4fe5eb3460688dc2ec129fb5;tests/appendfat-arena.sh@304de0767697b6757a085810b4c4e3994717846f;tests/appendfat-mv.sh@8730d0109beeda86d4dab9deb7fe1f2771dfca70	no_arithmetic_slash_in_this_blob
isomorphismes/lacunary	default		69596463c79187328bf4dcce6b93e4bd9d50b40f	archive/convergence-disc/continuation_path.h	f14a12c37426a0503f1a75df98fcd62f309f99a0	frozen_archive	0	0	0	0	frozen archive reference; no maintained C renderer	archive/README.md@001a983db2ac1d64ed50b5a9e1ec1e975597b3b6	no_arithmetic_slash_in_this_blob
isomorphismes/lacunary	default		69596463c79187328bf4dcce6b93e4bd9d50b40f	archive/lasso/lasso_map.h	2bb218398408049bb4e2ead8ca2a65535d7445a4	frozen_archive	3	0	0	0	frozen archive reference; no maintained C renderer	archive/README.md@001a983db2ac1d64ed50b5a9e1ec1e975597b3b6	arithmetic_source_sites_present
fuego-ironworks/idric-arm-thumb	pr	112	92c2fd37fdd5dcc41e2168e2580ff15db3f48d00	tests/dex/reddit/reddit_cli.c	dd9ecaf6eeb3a242391cb15cff3f99b3429e699a	owned_test_or_harness	1	0	0	0	NDK Clang JNI fixtures	tests/dex/reddit/build-jni.sh@277d2cf0287209bba1bdbecb0954eb3f2e59c831;tests/dex/wegert/build-jni.sh@a7fa0d3a597344fe576c35d8cab6d8e549a7159e	arithmetic_source_sites_present
fuego-ironworks/idric-arm-thumb	pr	112	92c2fd37fdd5dcc41e2168e2580ff15db3f48d00	tests/dex/wegert/wegert_probe.c	10cd6eca53fc62c3966bb88566600bee4129f357	owned_test_or_harness	0	0	0	0	NDK Clang JNI fixtures	tests/dex/reddit/build-jni.sh@277d2cf0287209bba1bdbecb0954eb3f2e59c831;tests/dex/wegert/build-jni.sh@a7fa0d3a597344fe576c35d8cab6d8e549a7159e	no_arithmetic_slash_in_this_blob
isomorphismes/mock-theta	pr	3	3298eba5101a1b81057ede38235e2ce0deae6e46	android/native/native_activity.c	92f9339f8d137b5063fd266aaa32eec4082770b9	owned_executable_or_header	2	0	0	0	ICK ARMv7 core; cc host; NDK Clang NativeActivity shim	.github/workflows/android-apk.yml@79a580ea79423ed41d20ac0341ee3cb1ad604544;android/build-native.sh@8ecd9b25d8b663dfec940923c388b2f8e6bd6af9;ci/build-toolchain.tsv@99fa199cefe67fbf34b0a3b46c047d467884ae76;icky/build-armv7.sh@11f735a914344bc971f5a27b3e79db4a9a9d6b0c;icky/test.sh@53cb7ffca930b71da4846eef499a7d068ffc75d3	arithmetic_source_sites_present
isomorphismes/mock-theta	pr	3	3298eba5101a1b81057ede38235e2ce0deae6e46	icky/tests/tetris_core_test.c	64bafe67eb19fc92999f17bd56e8f6c6a6320991	owned_test_or_harness	5	0	0	0	ICK ARMv7 core; cc host; NDK Clang NativeActivity shim	.github/workflows/android-apk.yml@79a580ea79423ed41d20ac0341ee3cb1ad604544;android/build-native.sh@8ecd9b25d8b663dfec940923c388b2f8e6bd6af9;ci/build-toolchain.tsv@99fa199cefe67fbf34b0a3b46c047d467884ae76;icky/build-armv7.sh@11f735a914344bc971f5a27b3e79db4a9a9d6b0c;icky/test.sh@53cb7ffca930b71da4846eef499a7d068ffc75d3	arithmetic_source_sites_present
isomorphismes/mock-theta	pr	3	3298eba5101a1b81057ede38235e2ce0deae6e46	icky/tetris_core.c	1d844b2714aa359d6b3d87306de48c5898b01bd5	owned_executable_or_header	43	0	0	0	ICK ARMv7 core; cc host; NDK Clang NativeActivity shim	.github/workflows/android-apk.yml@79a580ea79423ed41d20ac0341ee3cb1ad604544;android/build-native.sh@8ecd9b25d8b663dfec940923c388b2f8e6bd6af9;ci/build-toolchain.tsv@99fa199cefe67fbf34b0a3b46c047d467884ae76;icky/build-armv7.sh@11f735a914344bc971f5a27b3e79db4a9a9d6b0c;icky/test.sh@53cb7ffca930b71da4846eef499a7d068ffc75d3	arithmetic_source_sites_present
isomorphismes/mock-theta	pr	3	3298eba5101a1b81057ede38235e2ce0deae6e46	icky/tetris_core.h	468dc6519ed6ab9cf3957b2f2b0adbf159f47f98	owned_executable_or_header	0	0	0	0	ICK ARMv7 core; cc host; NDK Clang NativeActivity shim	.github/workflows/android-apk.yml@79a580ea79423ed41d20ac0341ee3cb1ad604544;android/build-native.sh@8ecd9b25d8b663dfec940923c388b2f8e6bd6af9;ci/build-toolchain.tsv@99fa199cefe67fbf34b0a3b46c047d467884ae76;icky/build-armv7.sh@11f735a914344bc971f5a27b3e79db4a9a9d6b0c;icky/test.sh@53cb7ffca930b71da4846eef499a7d068ffc75d3	no_arithmetic_slash_in_this_blob
isomorphisms/android-NDK	pr	17	32daa084390733d5b90cdec3157646832c75a3ad	apk/tests/fixtures/native_activity.c	574735d27d0c011d55555e6b8ff31dce6117d8e5	owned_test_or_harness	0	0	0	0	reusable copied audio/sensor source; no local audio compiler declaration in complete tree	native/audio/README.md@8111f938461d1b63a02aa10bebac95a7fdc0d280;native/sensors/accelerometer/README.md@de894bb76e0612946d0f647d0fc87fb0ccbcda14	no_arithmetic_slash_in_this_blob
isomorphisms/android-NDK	pr	17	32daa084390733d5b90cdec3157646832c75a3ad	native/audio/android/aaudio_input.c	0a6c3465f65f35db8b4d9af84c49b26ad3f292e6	owned_executable_or_header	0	0	0	0	reusable copied audio/sensor source; no local audio compiler declaration in complete tree	native/audio/README.md@8111f938461d1b63a02aa10bebac95a7fdc0d280;native/sensors/accelerometer/README.md@de894bb76e0612946d0f647d0fc87fb0ccbcda14	no_arithmetic_slash_in_this_blob
isomorphisms/android-NDK	pr	17	32daa084390733d5b90cdec3157646832c75a3ad	native/audio/android/aaudio_input.h	ded1b770d87962a849888dafe0ca82a9546b5f5b	owned_executable_or_header	0	0	0	0	reusable copied audio/sensor source; no local audio compiler declaration in complete tree	native/audio/README.md@8111f938461d1b63a02aa10bebac95a7fdc0d280;native/sensors/accelerometer/README.md@de894bb76e0612946d0f647d0fc87fb0ccbcda14	no_arithmetic_slash_in_this_blob
isomorphisms/android-NDK	pr	17	32daa084390733d5b90cdec3157646832c75a3ad	native/audio/interface/audio_input.h	f71e1a45e7e3c0c02805fa0b636cf802a83efc50	owned_executable_or_header	0	0	0	0	reusable copied audio/sensor source; no local audio compiler declaration in complete tree	native/audio/README.md@8111f938461d1b63a02aa10bebac95a7fdc0d280;native/sensors/accelerometer/README.md@de894bb76e0612946d0f647d0fc87fb0ccbcda14	no_arithmetic_slash_in_this_blob
isomorphisms/android-NDK	pr	17	32daa084390733d5b90cdec3157646832c75a3ad	native/audio/interface/audio_result.c	9ee7262efac08aec43c5bd81e2cd4a74dd735b47	owned_executable_or_header	0	0	0	0	reusable copied audio/sensor source; no local audio compiler declaration in complete tree	native/audio/README.md@8111f938461d1b63a02aa10bebac95a7fdc0d280;native/sensors/accelerometer/README.md@de894bb76e0612946d0f647d0fc87fb0ccbcda14	no_arithmetic_slash_in_this_blob
isomorphisms/android-NDK	pr	17	32daa084390733d5b90cdec3157646832c75a3ad	native/audio/interface/pcm_ring.c	e4f542daba1f9e39766285f4cbf9012ffaadf780	owned_executable_or_header	2	0	0	0	reusable copied audio/sensor source; no local audio compiler declaration in complete tree	native/audio/README.md@8111f938461d1b63a02aa10bebac95a7fdc0d280;native/sensors/accelerometer/README.md@de894bb76e0612946d0f647d0fc87fb0ccbcda14	arithmetic_source_sites_present
isomorphisms/android-NDK	pr	17	32daa084390733d5b90cdec3157646832c75a3ad	native/audio/interface/pcm_ring.h	090b9a3277e92de5d0c53fec27ac889613b75a14	owned_executable_or_header	0	0	0	0	reusable copied audio/sensor source; no local audio compiler declaration in complete tree	native/audio/README.md@8111f938461d1b63a02aa10bebac95a7fdc0d280;native/sensors/accelerometer/README.md@de894bb76e0612946d0f647d0fc87fb0ccbcda14	no_arithmetic_slash_in_this_blob
isomorphisms/android-NDK	pr	17	32daa084390733d5b90cdec3157646832c75a3ad	native/audio/tests/backend_test.c	219ab405467e67b6bfc11d676abf0488b16b8477	owned_test_or_harness	0	0	0	0	reusable copied audio/sensor source; no local audio compiler declaration in complete tree	native/audio/README.md@8111f938461d1b63a02aa10bebac95a7fdc0d280;native/sensors/accelerometer/README.md@de894bb76e0612946d0f647d0fc87fb0ccbcda14	no_arithmetic_slash_in_this_blob
isomorphisms/android-NDK	pr	17	32daa084390733d5b90cdec3157646832c75a3ad	native/audio/tests/fake/aaudio/AAudio.h	c7f013f49022a96afe3cbad36241834040963189	owned_test_or_harness	0	0	0	0	reusable copied audio/sensor source; no local audio compiler declaration in complete tree	native/audio/README.md@8111f938461d1b63a02aa10bebac95a7fdc0d280;native/sensors/accelerometer/README.md@de894bb76e0612946d0f647d0fc87fb0ccbcda14	no_arithmetic_slash_in_this_blob
isomorphisms/android-NDK	pr	17	32daa084390733d5b90cdec3157646832c75a3ad	native/sensors/accelerometer/android_accelerometer.c	08d8eddbdf06fd5567150020cca74a0e75d387df	owned_executable_or_header	0	0	0	0	reusable copied audio/sensor source; no local audio compiler declaration in complete tree	native/audio/README.md@8111f938461d1b63a02aa10bebac95a7fdc0d280;native/sensors/accelerometer/README.md@de894bb76e0612946d0f647d0fc87fb0ccbcda14	no_arithmetic_slash_in_this_blob
isomorphisms/android-NDK	pr	17	32daa084390733d5b90cdec3157646832c75a3ad	native/sensors/accelerometer/android_accelerometer.h	5dfcb5f4bcd4ce056a7981376279a55733f764ec	owned_executable_or_header	0	0	0	0	reusable copied audio/sensor source; no local audio compiler declaration in complete tree	native/audio/README.md@8111f938461d1b63a02aa10bebac95a7fdc0d280;native/sensors/accelerometer/README.md@de894bb76e0612946d0f647d0fc87fb0ccbcda14	no_arithmetic_slash_in_this_blob
isomorphisms/crawlspace	pr	7	e6f2fe1d3326382bfc8cf1c36b4d80d0cdc6b227	src/crawlspace.c	02004160269ec855c5c28df9471d56a9f3ba3ba1	owned_executable_or_header	0	0	0	0	NDK Clang ARMv7+AArch64 Android	.github/workflows/build.yml@af1dfa40a19aa10d3f2922646044b22ef7a34da7;scripts/build_android.sh@6f17b629ed443e85fb478d10de92f74ce289feab	no_arithmetic_slash_in_this_blob
isomorphisms/sd-card-append-fat	pr	26	70481a5aa8cde3f15023aaa915f071cd90eb0596	android/arena-c67/jni/arena_app.c	45fdc18009ab39dd0756f434e39af303ac4afa55	owned_executable_or_header	0	0	0	0	Linux kernel substrate; cc userspace tests; PR26 NDK Clang arena shim	README.md@57416caf53947f531d035072258666f9d61a4271;android/arena-c67/build.sh@7b660d590c51238b5a209a655f177b5234d87f0e;fs/appendfat/README.md@e82668e7fea6880e4fe5eb3460688dc2ec129fb5;tests/appendfat-arena.sh@764ec93d9525c3f502351d68c3547554bff1d80c;tests/appendfat-mv.sh@8730d0109beeda86d4dab9deb7fe1f2771dfca70	no_arithmetic_slash_in_this_blob
isomorphisms/sd-card-append-fat	pr	26	70481a5aa8cde3f15023aaa915f071cd90eb0596	fs/appendfat/cache.c	5b8cfc8405769f74f46422c4b77c54e832e89438	Linux_kernel_substrate	0	0	0	0	Linux kernel substrate; cc userspace tests; PR26 NDK Clang arena shim	README.md@57416caf53947f531d035072258666f9d61a4271;android/arena-c67/build.sh@7b660d590c51238b5a209a655f177b5234d87f0e;fs/appendfat/README.md@e82668e7fea6880e4fe5eb3460688dc2ec129fb5;tests/appendfat-arena.sh@764ec93d9525c3f502351d68c3547554bff1d80c;tests/appendfat-mv.sh@8730d0109beeda86d4dab9deb7fe1f2771dfca70	no_arithmetic_slash_in_this_blob
isomorphisms/sd-card-append-fat	pr	26	70481a5aa8cde3f15023aaa915f071cd90eb0596	fs/appendfat/dir.c	a7ae7a85e90075eae1ec0899fd00178c4e06df33	Linux_kernel_substrate	0	0	0	0	Linux kernel substrate; cc userspace tests; PR26 NDK Clang arena shim	README.md@57416caf53947f531d035072258666f9d61a4271;android/arena-c67/build.sh@7b660d590c51238b5a209a655f177b5234d87f0e;fs/appendfat/README.md@e82668e7fea6880e4fe5eb3460688dc2ec129fb5;tests/appendfat-arena.sh@764ec93d9525c3f502351d68c3547554bff1d80c;tests/appendfat-mv.sh@8730d0109beeda86d4dab9deb7fe1f2771dfca70	no_arithmetic_slash_in_this_blob
isomorphisms/sd-card-append-fat	pr	26	70481a5aa8cde3f15023aaa915f071cd90eb0596	fs/appendfat/fat.h	9f54edbd95e03e6d6a731cf7b31096ec919a77d6	Linux_kernel_substrate	0	0	0	0	Linux kernel substrate; cc userspace tests; PR26 NDK Clang arena shim	README.md@57416caf53947f531d035072258666f9d61a4271;android/arena-c67/build.sh@7b660d590c51238b5a209a655f177b5234d87f0e;fs/appendfat/README.md@e82668e7fea6880e4fe5eb3460688dc2ec129fb5;tests/appendfat-arena.sh@764ec93d9525c3f502351d68c3547554bff1d80c;tests/appendfat-mv.sh@8730d0109beeda86d4dab9deb7fe1f2771dfca70	no_arithmetic_slash_in_this_blob
isomorphisms/sd-card-append-fat	pr	26	70481a5aa8cde3f15023aaa915f071cd90eb0596	fs/appendfat/fat_test.c	3cbb0b8fff322e1414883bc8fdcfc4177db79c2a	Linux_kernel_substrate	0	0	0	0	Linux kernel substrate; cc userspace tests; PR26 NDK Clang arena shim	README.md@57416caf53947f531d035072258666f9d61a4271;android/arena-c67/build.sh@7b660d590c51238b5a209a655f177b5234d87f0e;fs/appendfat/README.md@e82668e7fea6880e4fe5eb3460688dc2ec129fb5;tests/appendfat-arena.sh@764ec93d9525c3f502351d68c3547554bff1d80c;tests/appendfat-mv.sh@8730d0109beeda86d4dab9deb7fe1f2771dfca70	no_arithmetic_slash_in_this_blob
isomorphisms/sd-card-append-fat	pr	26	70481a5aa8cde3f15023aaa915f071cd90eb0596	fs/appendfat/fatent.c	83d0957f40bbf1c17f399c1fe05414da681d33a0	Linux_kernel_substrate	1	0	0	0	Linux kernel substrate; cc userspace tests; PR26 NDK Clang arena shim	README.md@57416caf53947f531d035072258666f9d61a4271;android/arena-c67/build.sh@7b660d590c51238b5a209a655f177b5234d87f0e;fs/appendfat/README.md@e82668e7fea6880e4fe5eb3460688dc2ec129fb5;tests/appendfat-arena.sh@764ec93d9525c3f502351d68c3547554bff1d80c;tests/appendfat-mv.sh@8730d0109beeda86d4dab9deb7fe1f2771dfca70	arithmetic_source_sites_present
isomorphisms/sd-card-append-fat	pr	26	70481a5aa8cde3f15023aaa915f071cd90eb0596	fs/appendfat/file.c	64869ae8c8869b10c472a005767992781fbd2a11	Linux_kernel_substrate	2	0	0	0	Linux kernel substrate; cc userspace tests; PR26 NDK Clang arena shim	README.md@57416caf53947f531d035072258666f9d61a4271;android/arena-c67/build.sh@7b660d590c51238b5a209a655f177b5234d87f0e;fs/appendfat/README.md@e82668e7fea6880e4fe5eb3460688dc2ec129fb5;tests/appendfat-arena.sh@764ec93d9525c3f502351d68c3547554bff1d80c;tests/appendfat-mv.sh@8730d0109beeda86d4dab9deb7fe1f2771dfca70	arithmetic_source_sites_present
isomorphisms/sd-card-append-fat	pr	26	70481a5aa8cde3f15023aaa915f071cd90eb0596	fs/appendfat/inode.c	b1f56211a9191c3f3dd67ad140710ca1582d921a	Linux_kernel_substrate	5	0	0	0	Linux kernel substrate; cc userspace tests; PR26 NDK Clang arena shim	README.md@57416caf53947f531d035072258666f9d61a4271;android/arena-c67/build.sh@7b660d590c51238b5a209a655f177b5234d87f0e;fs/appendfat/README.md@e82668e7fea6880e4fe5eb3460688dc2ec129fb5;tests/appendfat-arena.sh@764ec93d9525c3f502351d68c3547554bff1d80c;tests/appendfat-mv.sh@8730d0109beeda86d4dab9deb7fe1f2771dfca70	arithmetic_source_sites_present
isomorphisms/sd-card-append-fat	pr	26	70481a5aa8cde3f15023aaa915f071cd90eb0596	fs/appendfat/misc.c	c7e6c37c6675ccfa33552a7f2015cba8bca4392a	Linux_kernel_substrate	3	0	0	0	Linux kernel substrate; cc userspace tests; PR26 NDK Clang arena shim	README.md@57416caf53947f531d035072258666f9d61a4271;android/arena-c67/build.sh@7b660d590c51238b5a209a655f177b5234d87f0e;fs/appendfat/README.md@e82668e7fea6880e4fe5eb3460688dc2ec129fb5;tests/appendfat-arena.sh@764ec93d9525c3f502351d68c3547554bff1d80c;tests/appendfat-mv.sh@8730d0109beeda86d4dab9deb7fe1f2771dfca70	arithmetic_source_sites_present
isomorphisms/sd-card-append-fat	pr	26	70481a5aa8cde3f15023aaa915f071cd90eb0596	fs/appendfat/namei_msdos.c	152c6a7278bd49e4f8831a3195ec57d9c110c0d6	Linux_kernel_substrate	0	0	0	0	Linux kernel substrate; cc userspace tests; PR26 NDK Clang arena shim	README.md@57416caf53947f531d035072258666f9d61a4271;android/arena-c67/build.sh@7b660d590c51238b5a209a655f177b5234d87f0e;fs/appendfat/README.md@e82668e7fea6880e4fe5eb3460688dc2ec129fb5;tests/appendfat-arena.sh@764ec93d9525c3f502351d68c3547554bff1d80c;tests/appendfat-mv.sh@8730d0109beeda86d4dab9deb7fe1f2771dfca70	no_arithmetic_slash_in_this_blob
isomorphisms/sd-card-append-fat	pr	26	70481a5aa8cde3f15023aaa915f071cd90eb0596	fs/appendfat/namei_vfat.c	335d8e0ab84f7e1a59e2d674d94e5f191baf2c5d	Linux_kernel_substrate	1	0	0	0	Linux kernel substrate; cc userspace tests; PR26 NDK Clang arena shim	README.md@57416caf53947f531d035072258666f9d61a4271;android/arena-c67/build.sh@7b660d590c51238b5a209a655f177b5234d87f0e;fs/appendfat/README.md@e82668e7fea6880e4fe5eb3460688dc2ec129fb5;tests/appendfat-arena.sh@764ec93d9525c3f502351d68c3547554bff1d80c;tests/appendfat-mv.sh@8730d0109beeda86d4dab9deb7fe1f2771dfca70	arithmetic_source_sites_present
isomorphisms/sd-card-append-fat	pr	26	70481a5aa8cde3f15023aaa915f071cd90eb0596	fs/appendfat/nfs.c	4d27d321043a0555a72bd57ddb9a3d366b3626ab	Linux_kernel_substrate	0	0	1	0	Linux kernel substrate; cc userspace tests; PR26 NDK Clang arena shim	README.md@57416caf53947f531d035072258666f9d61a4271;android/arena-c67/build.sh@7b660d590c51238b5a209a655f177b5234d87f0e;fs/appendfat/README.md@e82668e7fea6880e4fe5eb3460688dc2ec129fb5;tests/appendfat-arena.sh@764ec93d9525c3f502351d68c3547554bff1d80c;tests/appendfat-mv.sh@8730d0109beeda86d4dab9deb7fe1f2771dfca70	arithmetic_source_sites_present
isomorphisms/sd-card-append-fat	pr	26	70481a5aa8cde3f15023aaa915f071cd90eb0596	lib/appendfat_arena.c	fd1d0ccb25b23820828e86362af86aa43246d88d	owned_executable_or_header	1	0	0	0	Linux kernel substrate; cc userspace tests; PR26 NDK Clang arena shim	README.md@57416caf53947f531d035072258666f9d61a4271;android/arena-c67/build.sh@7b660d590c51238b5a209a655f177b5234d87f0e;fs/appendfat/README.md@e82668e7fea6880e4fe5eb3460688dc2ec129fb5;tests/appendfat-arena.sh@764ec93d9525c3f502351d68c3547554bff1d80c;tests/appendfat-mv.sh@8730d0109beeda86d4dab9deb7fe1f2771dfca70	arithmetic_source_sites_present
isomorphisms/sd-card-append-fat	pr	26	70481a5aa8cde3f15023aaa915f071cd90eb0596	lib/appendfat_arena.h	8d239e5ecee752eebf859256d42b5a3925b9eeec	owned_executable_or_header	0	0	0	0	Linux kernel substrate; cc userspace tests; PR26 NDK Clang arena shim	README.md@57416caf53947f531d035072258666f9d61a4271;android/arena-c67/build.sh@7b660d590c51238b5a209a655f177b5234d87f0e;fs/appendfat/README.md@e82668e7fea6880e4fe5eb3460688dc2ec129fb5;tests/appendfat-arena.sh@764ec93d9525c3f502351d68c3547554bff1d80c;tests/appendfat-mv.sh@8730d0109beeda86d4dab9deb7fe1f2771dfca70	no_arithmetic_slash_in_this_blob
isomorphisms/sd-card-append-fat	pr	26	70481a5aa8cde3f15023aaa915f071cd90eb0596	tests/appendfat-arena-library.c	1602009a386b145d86e75e735a4b3edaca3c7363	owned_test_or_harness	0	0	0	0	Linux kernel substrate; cc userspace tests; PR26 NDK Clang arena shim	README.md@57416caf53947f531d035072258666f9d61a4271;android/arena-c67/build.sh@7b660d590c51238b5a209a655f177b5234d87f0e;fs/appendfat/README.md@e82668e7fea6880e4fe5eb3460688dc2ec129fb5;tests/appendfat-arena.sh@764ec93d9525c3f502351d68c3547554bff1d80c;tests/appendfat-mv.sh@8730d0109beeda86d4dab9deb7fe1f2771dfca70	no_arithmetic_slash_in_this_blob
isomorphisms/sd-card-append-fat	pr	26	70481a5aa8cde3f15023aaa915f071cd90eb0596	tests/appendfat-mv-faults.c	dc3e8ece3e95d77a07b48e02b060f012a99e9e16	owned_test_or_harness	1	0	0	0	Linux kernel substrate; cc userspace tests; PR26 NDK Clang arena shim	README.md@57416caf53947f531d035072258666f9d61a4271;android/arena-c67/build.sh@7b660d590c51238b5a209a655f177b5234d87f0e;fs/appendfat/README.md@e82668e7fea6880e4fe5eb3460688dc2ec129fb5;tests/appendfat-arena.sh@764ec93d9525c3f502351d68c3547554bff1d80c;tests/appendfat-mv.sh@8730d0109beeda86d4dab9deb7fe1f2771dfca70	arithmetic_source_sites_present
isomorphisms/sd-card-append-fat	pr	26	70481a5aa8cde3f15023aaa915f071cd90eb0596	tests/fallocate-keep-size.c	7504fe068ac889cb41b1d69b1d01ba211db57867	owned_test_or_harness	4	0	0	0	Linux kernel substrate; cc userspace tests; PR26 NDK Clang arena shim	README.md@57416caf53947f531d035072258666f9d61a4271;android/arena-c67/build.sh@7b660d590c51238b5a209a655f177b5234d87f0e;fs/appendfat/README.md@e82668e7fea6880e4fe5eb3460688dc2ec129fb5;tests/appendfat-arena.sh@764ec93d9525c3f502351d68c3547554bff1d80c;tests/appendfat-mv.sh@8730d0109beeda86d4dab9deb7fe1f2771dfca70	arithmetic_source_sites_present
isomorphisms/sd-card-append-fat	pr	26	70481a5aa8cde3f15023aaa915f071cd90eb0596	tools/appendfat_arena.c	eb14aea7cc0ab24eb241a84ec99260e54e5eef20	owned_executable_or_header	0	0	0	0	Linux kernel substrate; cc userspace tests; PR26 NDK Clang arena shim	README.md@57416caf53947f531d035072258666f9d61a4271;android/arena-c67/build.sh@7b660d590c51238b5a209a655f177b5234d87f0e;fs/appendfat/README.md@e82668e7fea6880e4fe5eb3460688dc2ec129fb5;tests/appendfat-arena.sh@764ec93d9525c3f502351d68c3547554bff1d80c;tests/appendfat-mv.sh@8730d0109beeda86d4dab9deb7fe1f2771dfca70	no_arithmetic_slash_in_this_blob
isomorphisms/sd-card-append-fat	pr	26	70481a5aa8cde3f15023aaa915f071cd90eb0596	tools/appendfat_mv.c	25655cb9de974648733910c87e33787aa06aa015	owned_executable_or_header	0	0	0	0	Linux kernel substrate; cc userspace tests; PR26 NDK Clang arena shim	README.md@57416caf53947f531d035072258666f9d61a4271;android/arena-c67/build.sh@7b660d590c51238b5a209a655f177b5234d87f0e;fs/appendfat/README.md@e82668e7fea6880e4fe5eb3460688dc2ec129fb5;tests/appendfat-arena.sh@764ec93d9525c3f502351d68c3547554bff1d80c;tests/appendfat-mv.sh@8730d0109beeda86d4dab9deb7fe1f2771dfca70	no_arithmetic_slash_in_this_blob
isomorphisms/programmers-keyboard	pr	48	1f8d9c141b7fe435e406019b34917c117c9673b0	firmware/keypad-samples-rp2040/main.c	738b29261641273ef0bf6719e079061807bfd722	owned_executable_or_header	0	0	1	0	Pico SDK gcc-arm-none-eabi RP2040 Cortex-M0+ firmware	.github/workflows/build-keypad-sample-firmware.yml@a6f3ff69f3d0d1f25f1f529a11eb8c9ece177b6d;firmware/keypad-samples-rp2040/CMakeLists.txt@12b7061dc91d4b01469aa471a00a813879385832;firmware/movement-rp2040/CMakeLists.txt@e7ec6290e1b2c11abaa977b06be14587394f7cb2;firmware/phone-controls-rp2040/CMakeLists.txt@0131e3e73068b776e93c595d718e103e3a705c30	arithmetic_source_sites_present
isomorphisms/programmers-keyboard	pr	48	1f8d9c141b7fe435e406019b34917c117c9673b0	firmware/keypad-samples-rp2040/tusb_config.h	4b0e21b59b1aae9250c8641226a7ddded0610a41	owned_executable_or_header	0	0	0	0	Pico SDK gcc-arm-none-eabi RP2040 Cortex-M0+ firmware	.github/workflows/build-keypad-sample-firmware.yml@a6f3ff69f3d0d1f25f1f529a11eb8c9ece177b6d;firmware/keypad-samples-rp2040/CMakeLists.txt@12b7061dc91d4b01469aa471a00a813879385832;firmware/movement-rp2040/CMakeLists.txt@e7ec6290e1b2c11abaa977b06be14587394f7cb2;firmware/phone-controls-rp2040/CMakeLists.txt@0131e3e73068b776e93c595d718e103e3a705c30	no_arithmetic_slash_in_this_blob
isomorphisms/programmers-keyboard	pr	48	1f8d9c141b7fe435e406019b34917c117c9673b0	firmware/keypad-samples-rp2040/usb_descriptors.c	c126f996d87646d9fd5f9f779de6517dd81a12cb	owned_executable_or_header	1	0	0	0	Pico SDK gcc-arm-none-eabi RP2040 Cortex-M0+ firmware	.github/workflows/build-keypad-sample-firmware.yml@a6f3ff69f3d0d1f25f1f529a11eb8c9ece177b6d;firmware/keypad-samples-rp2040/CMakeLists.txt@12b7061dc91d4b01469aa471a00a813879385832;firmware/movement-rp2040/CMakeLists.txt@e7ec6290e1b2c11abaa977b06be14587394f7cb2;firmware/phone-controls-rp2040/CMakeLists.txt@0131e3e73068b776e93c595d718e103e3a705c30	arithmetic_source_sites_present
isomorphisms/programmers-keyboard	pr	48	1f8d9c141b7fe435e406019b34917c117c9673b0	firmware/movement-rp2040/main.c	d35a83c83000ac2bc0a6e6c88030461f510b3940	owned_executable_or_header	0	0	0	0	Pico SDK gcc-arm-none-eabi RP2040 Cortex-M0+ firmware	.github/workflows/build-keypad-sample-firmware.yml@a6f3ff69f3d0d1f25f1f529a11eb8c9ece177b6d;firmware/keypad-samples-rp2040/CMakeLists.txt@12b7061dc91d4b01469aa471a00a813879385832;firmware/movement-rp2040/CMakeLists.txt@e7ec6290e1b2c11abaa977b06be14587394f7cb2;firmware/phone-controls-rp2040/CMakeLists.txt@0131e3e73068b776e93c595d718e103e3a705c30	no_arithmetic_slash_in_this_blob
isomorphisms/programmers-keyboard	pr	48	1f8d9c141b7fe435e406019b34917c117c9673b0	firmware/movement-rp2040/tusb_config.h	9dedbb4ca4ca4ba672cff62bfa4d9e6de4a48873	owned_executable_or_header	0	0	0	0	Pico SDK gcc-arm-none-eabi RP2040 Cortex-M0+ firmware	.github/workflows/build-keypad-sample-firmware.yml@a6f3ff69f3d0d1f25f1f529a11eb8c9ece177b6d;firmware/keypad-samples-rp2040/CMakeLists.txt@12b7061dc91d4b01469aa471a00a813879385832;firmware/movement-rp2040/CMakeLists.txt@e7ec6290e1b2c11abaa977b06be14587394f7cb2;firmware/phone-controls-rp2040/CMakeLists.txt@0131e3e73068b776e93c595d718e103e3a705c30	no_arithmetic_slash_in_this_blob
isomorphisms/programmers-keyboard	pr	48	1f8d9c141b7fe435e406019b34917c117c9673b0	firmware/movement-rp2040/usb_descriptors.c	b10cc956caf669ebf507d80d6e89c7a85e509ea6	owned_executable_or_header	1	0	0	0	Pico SDK gcc-arm-none-eabi RP2040 Cortex-M0+ firmware	.github/workflows/build-keypad-sample-firmware.yml@a6f3ff69f3d0d1f25f1f529a11eb8c9ece177b6d;firmware/keypad-samples-rp2040/CMakeLists.txt@12b7061dc91d4b01469aa471a00a813879385832;firmware/movement-rp2040/CMakeLists.txt@e7ec6290e1b2c11abaa977b06be14587394f7cb2;firmware/phone-controls-rp2040/CMakeLists.txt@0131e3e73068b776e93c595d718e103e3a705c30	arithmetic_source_sites_present
isomorphisms/programmers-keyboard	pr	48	1f8d9c141b7fe435e406019b34917c117c9673b0	firmware/phone-controls-rp2040/main.c	dc19a3a83b34e993046c64edb1ebc95cd3b7fe7d	owned_executable_or_header	0	0	0	0	Pico SDK gcc-arm-none-eabi RP2040 Cortex-M0+ firmware	.github/workflows/build-keypad-sample-firmware.yml@a6f3ff69f3d0d1f25f1f529a11eb8c9ece177b6d;firmware/keypad-samples-rp2040/CMakeLists.txt@12b7061dc91d4b01469aa471a00a813879385832;firmware/movement-rp2040/CMakeLists.txt@e7ec6290e1b2c11abaa977b06be14587394f7cb2;firmware/phone-controls-rp2040/CMakeLists.txt@0131e3e73068b776e93c595d718e103e3a705c30	no_arithmetic_slash_in_this_blob
isomorphisms/programmers-keyboard	pr	48	1f8d9c141b7fe435e406019b34917c117c9673b0	firmware/phone-controls-rp2040/tusb_config.h	71220e19cc38a458e9cfd8126d403435f79482db	owned_executable_or_header	0	0	0	0	Pico SDK gcc-arm-none-eabi RP2040 Cortex-M0+ firmware	.github/workflows/build-keypad-sample-firmware.yml@a6f3ff69f3d0d1f25f1f529a11eb8c9ece177b6d;firmware/keypad-samples-rp2040/CMakeLists.txt@12b7061dc91d4b01469aa471a00a813879385832;firmware/movement-rp2040/CMakeLists.txt@e7ec6290e1b2c11abaa977b06be14587394f7cb2;firmware/phone-controls-rp2040/CMakeLists.txt@0131e3e73068b776e93c595d718e103e3a705c30	no_arithmetic_slash_in_this_blob
isomorphisms/programmers-keyboard	pr	48	1f8d9c141b7fe435e406019b34917c117c9673b0	firmware/phone-controls-rp2040/usb_descriptors.c	2ffee19ab54f516437a88f608f06edac9958353f	owned_executable_or_header	1	0	0	0	Pico SDK gcc-arm-none-eabi RP2040 Cortex-M0+ firmware	.github/workflows/build-keypad-sample-firmware.yml@a6f3ff69f3d0d1f25f1f529a11eb8c9ece177b6d;firmware/keypad-samples-rp2040/CMakeLists.txt@12b7061dc91d4b01469aa471a00a813879385832;firmware/movement-rp2040/CMakeLists.txt@e7ec6290e1b2c11abaa977b06be14587394f7cb2;firmware/phone-controls-rp2040/CMakeLists.txt@0131e3e73068b776e93c595d718e103e3a705c30	arithmetic_source_sites_present
