repository	head	path	blob	comparison_repository	comparison_revision	comparison_path	comparison_blob	classification
isomorphisms/ir	80134ccd43e6fa859772b4838c53ebac96a35b5c	code/doc/manual/R-exts.c	436c4172859b266a45832ec50ad0b0e58dd683c8	wch/r-source	3da432e44c5ab99eef6da071183fa0ff315381f1	doc/manual/R-exts.c	436c4172859b266a45832ec50ad0b0e58dd683c8	unchanged_upstream_moved_under_code
isomorphisms/ir	80134ccd43e6fa859772b4838c53ebac96a35b5c	code/src/appl/integrate.c	f581f78225465708892c6e262aa3e2ad69398959	wch/r-source	3da432e44c5ab99eef6da071183fa0ff315381f1	src/appl/integrate.c	f581f78225465708892c6e262aa3e2ad69398959	unchanged_upstream_moved_under_code
isomorphisms/ir	80134ccd43e6fa859772b4838c53ebac96a35b5c	code/src/appl/interv.c	2fa8251b7089d33675b3ef7c19f796deef759237	wch/r-source	3da432e44c5ab99eef6da071183fa0ff315381f1	src/appl/interv.c	2fa8251b7089d33675b3ef7c19f796deef759237	unchanged_upstream_moved_under_code
isomorphisms/ir	80134ccd43e6fa859772b4838c53ebac96a35b5c	code/src/appl/lbfgsb.c	a1e53127128b21451273a4f15de7c8d3e2c3e20d	wch/r-source	3da432e44c5ab99eef6da071183fa0ff315381f1	src/appl/lbfgsb.c	a1e53127128b21451273a4f15de7c8d3e2c3e20d	unchanged_upstream_moved_under_code
isomorphisms/ir	80134ccd43e6fa859772b4838c53ebac96a35b5c	code/src/appl/maxcol.c	cf43814ba1f4b80ae4c1944b8a45005fb3aa9e28	wch/r-source	3da432e44c5ab99eef6da071183fa0ff315381f1	src/appl/maxcol.c	cf43814ba1f4b80ae4c1944b8a45005fb3aa9e28	unchanged_upstream_moved_under_code
isomorphisms/ir	80134ccd43e6fa859772b4838c53ebac96a35b5c	code/src/appl/optim.c	b0e7432ba4cdb75ab7a991ace66384d6990c9fba	wch/r-source	3da432e44c5ab99eef6da071183fa0ff315381f1	src/appl/optim.c	16cabe99d55ab78d07f00e9d34612a127bb30aea	owned_parser_or_string_changes_no_owned_arithmetic
isomorphisms/ir	80134ccd43e6fa859772b4838c53ebac96a35b5c	code/src/appl/pretty.c	c05d6b15a3580264b5b8fec3bea84c7858c2d0ea	wch/r-source	3da432e44c5ab99eef6da071183fa0ff315381f1	src/appl/pretty.c	c05d6b15a3580264b5b8fec3bea84c7858c2d0ea	unchanged_upstream_moved_under_code
isomorphisms/ir	80134ccd43e6fa859772b4838c53ebac96a35b5c	code/src/appl/uncmin.c	b7310838289931efe1e39cc510ccfa3f665e24fc	wch/r-source	3da432e44c5ab99eef6da071183fa0ff315381f1	src/appl/uncmin.c	b7310838289931efe1e39cc510ccfa3f665e24fc	unchanged_upstream_moved_under_code
isomorphisms/ir	80134ccd43e6fa859772b4838c53ebac96a35b5c	code/src/extra/blas/blas00.c	b5866310f856d2963dd7b7efa6621aee8dca8efb	wch/r-source	3da432e44c5ab99eef6da071183fa0ff315381f1	src/extra/blas/blas00.c	b5866310f856d2963dd7b7efa6621aee8dca8efb	unchanged_upstream_moved_under_code
isomorphisms/ir	80134ccd43e6fa859772b4838c53ebac96a35b5c	code/src/extra/blas/newAccelerate.c	4dc121846e87ef51e6c8b450ad8b983265fc23d5	wch/r-source	3da432e44c5ab99eef6da071183fa0ff315381f1	src/extra/blas/newAccelerate.c	4dc121846e87ef51e6c8b450ad8b983265fc23d5	unchanged_upstream_moved_under_code
isomorphisms/ir	80134ccd43e6fa859772b4838c53ebac96a35b5c	code/src/extra/blas/Rblas.def	b2eb43a82f96ea9cafdd0978c40fbcbcbc029fcf	wch/r-source	3da432e44c5ab99eef6da071183fa0ff315381f1	src/extra/blas/Rblas.def	b2eb43a82f96ea9cafdd0978c40fbcbcbc029fcf	unchanged_upstream_moved_under_code
isomorphisms/ir	80134ccd43e6fa859772b4838c53ebac96a35b5c	code/src/extra/graphapp/arith.c	499d98e0c8a90668447e0128f7e48243863f5f58	wch/r-source	3da432e44c5ab99eef6da071183fa0ff315381f1	src/extra/graphapp/arith.c	499d98e0c8a90668447e0128f7e48243863f5f58	unchanged_upstream_moved_under_code
isomorphisms/ir	80134ccd43e6fa859772b4838c53ebac96a35b5c	code/src/extra/graphapp/array.c	31edf85d6c6210e3370bac63ca256da7cf5743e2	wch/r-source	3da432e44c5ab99eef6da071183fa0ff315381f1	src/extra/graphapp/array.c	31edf85d6c6210e3370bac63ca256da7cf5743e2	unchanged_upstream_moved_under_code
isomorphisms/ir	80134ccd43e6fa859772b4838c53ebac96a35b5c	code/src/extra/graphapp/bitmaps.c	5d639cda13478cd869f1548cb48939a4395c048b	wch/r-source	3da432e44c5ab99eef6da071183fa0ff315381f1	src/extra/graphapp/bitmaps.c	5d639cda13478cd869f1548cb48939a4395c048b	unchanged_upstream_moved_under_code
isomorphisms/ir	80134ccd43e6fa859772b4838c53ebac96a35b5c	code/src/extra/graphapp/buttons.c	56185f52b4f2abdd45ae3422f4a0a0729e0450ea	wch/r-source	3da432e44c5ab99eef6da071183fa0ff315381f1	src/extra/graphapp/buttons.c	56185f52b4f2abdd45ae3422f4a0a0729e0450ea	unchanged_upstream_moved_under_code
isomorphisms/ir	80134ccd43e6fa859772b4838c53ebac96a35b5c	code/src/extra/graphapp/clipboard.c	1221e9ed2b21146b7a388e8220026d8dcb2ba6a9	wch/r-source	3da432e44c5ab99eef6da071183fa0ff315381f1	src/extra/graphapp/clipboard.c	1221e9ed2b21146b7a388e8220026d8dcb2ba6a9	unchanged_upstream_moved_under_code
isomorphisms/ir	80134ccd43e6fa859772b4838c53ebac96a35b5c	code/src/extra/graphapp/context.c	dfaa0746438066ae3456e92d433e3a84fd99df10	wch/r-source	3da432e44c5ab99eef6da071183fa0ff315381f1	src/extra/graphapp/context.c	dfaa0746438066ae3456e92d433e3a84fd99df10	unchanged_upstream_moved_under_code
isomorphisms/ir	80134ccd43e6fa859772b4838c53ebac96a35b5c	code/src/extra/graphapp/controls.c	adeb37775fdacc13664e591ca48a965d91b9ca50	wch/r-source	3da432e44c5ab99eef6da071183fa0ff315381f1	src/extra/graphapp/controls.c	adeb37775fdacc13664e591ca48a965d91b9ca50	unchanged_upstream_moved_under_code
isomorphisms/ir	80134ccd43e6fa859772b4838c53ebac96a35b5c	code/src/extra/graphapp/cursors.c	1b737ddedd2d872cf4ebff1eff66b9512e75c663	wch/r-source	3da432e44c5ab99eef6da071183fa0ff315381f1	src/extra/graphapp/cursors.c	1b737ddedd2d872cf4ebff1eff66b9512e75c663	unchanged_upstream_moved_under_code
isomorphisms/ir	80134ccd43e6fa859772b4838c53ebac96a35b5c	code/src/extra/graphapp/dialogs.c	8a9af487e030562a58c987267b28ef102c60679a	wch/r-source	3da432e44c5ab99eef6da071183fa0ff315381f1	src/extra/graphapp/dialogs.c	8a9af487e030562a58c987267b28ef102c60679a	unchanged_upstream_moved_under_code
isomorphisms/ir	80134ccd43e6fa859772b4838c53ebac96a35b5c	code/src/extra/graphapp/drawing.c	1a47c7be83a8bd91a14d479ac076a5aea7f72b9c	wch/r-source	3da432e44c5ab99eef6da071183fa0ff315381f1	src/extra/graphapp/drawing.c	1a47c7be83a8bd91a14d479ac076a5aea7f72b9c	unchanged_upstream_moved_under_code
isomorphisms/ir	80134ccd43e6fa859772b4838c53ebac96a35b5c	code/src/extra/graphapp/drawtext.c	0deb79c02ec2ce65990a0beb7a5be81c0f078f92	wch/r-source	3da432e44c5ab99eef6da071183fa0ff315381f1	src/extra/graphapp/drawtext.c	0deb79c02ec2ce65990a0beb7a5be81c0f078f92	unchanged_upstream_moved_under_code
isomorphisms/ir	80134ccd43e6fa859772b4838c53ebac96a35b5c	code/src/extra/graphapp/events.c	a32996192019bcfc2bca5b3d3bf877eae416a2ac	wch/r-source	3da432e44c5ab99eef6da071183fa0ff315381f1	src/extra/graphapp/events.c	a32996192019bcfc2bca5b3d3bf877eae416a2ac	unchanged_upstream_moved_under_code
isomorphisms/ir	80134ccd43e6fa859772b4838c53ebac96a35b5c	code/src/extra/graphapp/fonts.c	4aed485f37e8b70d165022042dcae87f12bde56f	wch/r-source	3da432e44c5ab99eef6da071183fa0ff315381f1	src/extra/graphapp/fonts.c	4aed485f37e8b70d165022042dcae87f12bde56f	unchanged_upstream_moved_under_code
isomorphisms/ir	80134ccd43e6fa859772b4838c53ebac96a35b5c	code/src/extra/graphapp/ga.h	2b2cc3b7aaa26fb83472b00c2cfde983104e44ce	wch/r-source	3da432e44c5ab99eef6da071183fa0ff315381f1	src/extra/graphapp/ga.h	2b2cc3b7aaa26fb83472b00c2cfde983104e44ce	unchanged_upstream_moved_under_code
isomorphisms/ir	80134ccd43e6fa859772b4838c53ebac96a35b5c	code/src/extra/graphapp/gbuttons.c	20044f6c39bdecab0201c274b5a8d20de2488be5	wch/r-source	3da432e44c5ab99eef6da071183fa0ff315381f1	src/extra/graphapp/gbuttons.c	20044f6c39bdecab0201c274b5a8d20de2488be5	unchanged_upstream_moved_under_code
isomorphisms/ir	80134ccd43e6fa859772b4838c53ebac96a35b5c	code/src/extra/graphapp/gdraw.c	59088e80eaed19990831cd3dc153a15a54db4de0	wch/r-source	3da432e44c5ab99eef6da071183fa0ff315381f1	src/extra/graphapp/gdraw.c	59088e80eaed19990831cd3dc153a15a54db4de0	unchanged_upstream_moved_under_code
isomorphisms/ir	80134ccd43e6fa859772b4838c53ebac96a35b5c	code/src/extra/graphapp/gif.c	d4bab59c79bce59f68601f479147cdcd64b9188f	wch/r-source	3da432e44c5ab99eef6da071183fa0ff315381f1	src/extra/graphapp/gif.c	d4bab59c79bce59f68601f479147cdcd64b9188f	unchanged_upstream_moved_under_code
isomorphisms/ir	80134ccd43e6fa859772b4838c53ebac96a35b5c	code/src/extra/graphapp/gimage.c	00a2a0cd3a75448546df8505047ab7a4f66a04e3	wch/r-source	3da432e44c5ab99eef6da071183fa0ff315381f1	src/extra/graphapp/gimage.c	00a2a0cd3a75448546df8505047ab7a4f66a04e3	unchanged_upstream_moved_under_code
isomorphisms/ir	80134ccd43e6fa859772b4838c53ebac96a35b5c	code/src/extra/graphapp/gmenus.c	3ffab71171a877d2a49e998f66a27248a3d77762	wch/r-source	3da432e44c5ab99eef6da071183fa0ff315381f1	src/extra/graphapp/gmenus.c	3ffab71171a877d2a49e998f66a27248a3d77762	unchanged_upstream_moved_under_code
isomorphisms/ir	80134ccd43e6fa859772b4838c53ebac96a35b5c	code/src/extra/graphapp/graphapp.h	4040f1d105c2f611baa63e3c639187eeec88cf55	wch/r-source	3da432e44c5ab99eef6da071183fa0ff315381f1	src/extra/graphapp/graphapp.h	4040f1d105c2f611baa63e3c639187eeec88cf55	unchanged_upstream_moved_under_code
isomorphisms/ir	80134ccd43e6fa859772b4838c53ebac96a35b5c	code/src/extra/graphapp/image.c	14e83987518f053c46a925c0ea2466b9d04834a8	wch/r-source	3da432e44c5ab99eef6da071183fa0ff315381f1	src/extra/graphapp/image.c	14e83987518f053c46a925c0ea2466b9d04834a8	unchanged_upstream_moved_under_code
isomorphisms/ir	80134ccd43e6fa859772b4838c53ebac96a35b5c	code/src/extra/graphapp/init.c	92ab61c38d6f8da9c7e74567ea628becef10bae4	wch/r-source	3da432e44c5ab99eef6da071183fa0ff315381f1	src/extra/graphapp/init.c	92ab61c38d6f8da9c7e74567ea628becef10bae4	unchanged_upstream_moved_under_code
isomorphisms/ir	80134ccd43e6fa859772b4838c53ebac96a35b5c	code/src/extra/graphapp/internal.h	adcd1f6a13993cf421503bc144b07c32460428bf	wch/r-source	3da432e44c5ab99eef6da071183fa0ff315381f1	src/extra/graphapp/internal.h	adcd1f6a13993cf421503bc144b07c32460428bf	unchanged_upstream_moved_under_code
isomorphisms/ir	80134ccd43e6fa859772b4838c53ebac96a35b5c	code/src/extra/graphapp/menus.c	cf5f5bb1c52bb1efc0f74385bbee267b70d10f1a	wch/r-source	3da432e44c5ab99eef6da071183fa0ff315381f1	src/extra/graphapp/menus.c	cf5f5bb1c52bb1efc0f74385bbee267b70d10f1a	unchanged_upstream_moved_under_code
isomorphisms/ir	80134ccd43e6fa859772b4838c53ebac96a35b5c	code/src/extra/graphapp/metafile.c	5686ded09d2331a648151bcd0535b51932a540cb	wch/r-source	3da432e44c5ab99eef6da071183fa0ff315381f1	src/extra/graphapp/metafile.c	5686ded09d2331a648151bcd0535b51932a540cb	unchanged_upstream_moved_under_code
isomorphisms/ir	80134ccd43e6fa859772b4838c53ebac96a35b5c	code/src/extra/graphapp/objects.c	db2888c535fd2d907fe650db0cb539210a1147b2	wch/r-source	3da432e44c5ab99eef6da071183fa0ff315381f1	src/extra/graphapp/objects.c	db2888c535fd2d907fe650db0cb539210a1147b2	unchanged_upstream_moved_under_code
isomorphisms/ir	80134ccd43e6fa859772b4838c53ebac96a35b5c	code/src/extra/graphapp/printer.c	2a9e4a7aa522cbc97b09e0cbd4f21b44de11be0b	wch/r-source	3da432e44c5ab99eef6da071183fa0ff315381f1	src/extra/graphapp/printer.c	2a9e4a7aa522cbc97b09e0cbd4f21b44de11be0b	unchanged_upstream_moved_under_code
isomorphisms/ir	80134ccd43e6fa859772b4838c53ebac96a35b5c	code/src/extra/graphapp/R.def	b7751c20aa25548e909030420a7c6327e4ac8faa	wch/r-source	3da432e44c5ab99eef6da071183fa0ff315381f1	src/extra/graphapp/R.def	b7751c20aa25548e909030420a7c6327e4ac8faa	unchanged_upstream_moved_under_code
isomorphisms/ir	80134ccd43e6fa859772b4838c53ebac96a35b5c	code/src/extra/graphapp/rgb.c	108b475db25ac61685ba1379ef5c59217b2730dd	wch/r-source	3da432e44c5ab99eef6da071183fa0ff315381f1	src/extra/graphapp/rgb.c	108b475db25ac61685ba1379ef5c59217b2730dd	unchanged_upstream_moved_under_code
isomorphisms/ir	80134ccd43e6fa859772b4838c53ebac96a35b5c	code/src/extra/graphapp/status.c	0dc4126ee3b1bd9324445802371d36f28346c5bd	wch/r-source	3da432e44c5ab99eef6da071183fa0ff315381f1	src/extra/graphapp/status.c	0dc4126ee3b1bd9324445802371d36f28346c5bd	unchanged_upstream_moved_under_code
isomorphisms/ir	80134ccd43e6fa859772b4838c53ebac96a35b5c	code/src/extra/graphapp/stdimg.c	a48adcf4b2aca63fe7f40bf4290bf66e43959f01	wch/r-source	3da432e44c5ab99eef6da071183fa0ff315381f1	src/extra/graphapp/stdimg.c	a48adcf4b2aca63fe7f40bf4290bf66e43959f01	unchanged_upstream_moved_under_code
isomorphisms/ir	80134ccd43e6fa859772b4838c53ebac96a35b5c	code/src/extra/graphapp/stdimg.h	b765db3cd581e515766ee1be1eeec2af79c9e59c	wch/r-source	3da432e44c5ab99eef6da071183fa0ff315381f1	src/extra/graphapp/stdimg.h	b765db3cd581e515766ee1be1eeec2af79c9e59c	unchanged_upstream_moved_under_code
isomorphisms/ir	80134ccd43e6fa859772b4838c53ebac96a35b5c	code/src/extra/graphapp/str.h	5d34810806df4be9ecb2cf6b0c02b9a7b72d3e95	wch/r-source	3da432e44c5ab99eef6da071183fa0ff315381f1	src/extra/graphapp/str.h	5d34810806df4be9ecb2cf6b0c02b9a7b72d3e95	unchanged_upstream_moved_under_code
isomorphisms/ir	80134ccd43e6fa859772b4838c53ebac96a35b5c	code/src/extra/graphapp/strings.c	b391b540cf92c5940fb61adbd3996d7ca03af638	wch/r-source	3da432e44c5ab99eef6da071183fa0ff315381f1	src/extra/graphapp/strings.c	b391b540cf92c5940fb61adbd3996d7ca03af638	unchanged_upstream_moved_under_code
isomorphisms/ir	80134ccd43e6fa859772b4838c53ebac96a35b5c	code/src/extra/graphapp/tooltips.c	2340c8aa000ee87e51148937fb30130825337001	wch/r-source	3da432e44c5ab99eef6da071183fa0ff315381f1	src/extra/graphapp/tooltips.c	2340c8aa000ee87e51148937fb30130825337001	unchanged_upstream_moved_under_code
isomorphisms/ir	80134ccd43e6fa859772b4838c53ebac96a35b5c	code/src/extra/graphapp/windows.c	d454175196fabf3bdf521e307636928867851e2d	wch/r-source	3da432e44c5ab99eef6da071183fa0ff315381f1	src/extra/graphapp/windows.c	d454175196fabf3bdf521e307636928867851e2d	unchanged_upstream_moved_under_code
isomorphisms/ir	80134ccd43e6fa859772b4838c53ebac96a35b5c	code/src/extra/intl/bindtextdom.c	dab5d4f3577752b34b7327b21657177f7bf7fb50	wch/r-source	3da432e44c5ab99eef6da071183fa0ff315381f1	src/extra/intl/bindtextdom.c	dab5d4f3577752b34b7327b21657177f7bf7fb50	unchanged_upstream_moved_under_code
isomorphisms/ir	80134ccd43e6fa859772b4838c53ebac96a35b5c	code/src/extra/intl/dcgettext.c	c2a63f08eb348d672293d845b6e914c4d1b7d79d	wch/r-source	3da432e44c5ab99eef6da071183fa0ff315381f1	src/extra/intl/dcgettext.c	c2a63f08eb348d672293d845b6e914c4d1b7d79d	unchanged_upstream_moved_under_code
isomorphisms/ir	80134ccd43e6fa859772b4838c53ebac96a35b5c	code/src/extra/intl/dcigettext.c	da141a46469c2f5e4e1bffbebc549c7c58e61672	wch/r-source	3da432e44c5ab99eef6da071183fa0ff315381f1	src/extra/intl/dcigettext.c	da141a46469c2f5e4e1bffbebc549c7c58e61672	unchanged_upstream_moved_under_code
isomorphisms/ir	80134ccd43e6fa859772b4838c53ebac96a35b5c	code/src/extra/intl/dcngettext.c	eb368336c140a968e2e5feb1c3d28d12fd38ad2f	wch/r-source	3da432e44c5ab99eef6da071183fa0ff315381f1	src/extra/intl/dcngettext.c	eb368336c140a968e2e5feb1c3d28d12fd38ad2f	unchanged_upstream_moved_under_code
isomorphisms/ir	80134ccd43e6fa859772b4838c53ebac96a35b5c	code/src/extra/intl/dgettext.c	d02816e4ae992dd2a7335eed91d219be4b8ceb31	wch/r-source	3da432e44c5ab99eef6da071183fa0ff315381f1	src/extra/intl/dgettext.c	d02816e4ae992dd2a7335eed91d219be4b8ceb31	unchanged_upstream_moved_under_code
isomorphisms/ir	80134ccd43e6fa859772b4838c53ebac96a35b5c	code/src/extra/intl/dngettext.c	8f92c4e9a072dfff2ce33bfadabd0a3095873168	wch/r-source	3da432e44c5ab99eef6da071183fa0ff315381f1	src/extra/intl/dngettext.c	8f92c4e9a072dfff2ce33bfadabd0a3095873168	unchanged_upstream_moved_under_code
isomorphisms/ir	80134ccd43e6fa859772b4838c53ebac96a35b5c	code/src/extra/intl/eval-plural.h	21eecb3a0cac75634ea8728aa1543ea84936ad06	wch/r-source	3da432e44c5ab99eef6da071183fa0ff315381f1	src/extra/intl/eval-plural.h	21eecb3a0cac75634ea8728aa1543ea84936ad06	unchanged_upstream_moved_under_code
isomorphisms/ir	80134ccd43e6fa859772b4838c53ebac96a35b5c	code/src/extra/intl/explodename.c	eb5dd755c3c369866216f53e260cea5fd1349394	wch/r-source	3da432e44c5ab99eef6da071183fa0ff315381f1	src/extra/intl/explodename.c	eb5dd755c3c369866216f53e260cea5fd1349394	unchanged_upstream_moved_under_code
isomorphisms/ir	80134ccd43e6fa859772b4838c53ebac96a35b5c	code/src/extra/intl/finddomain.c	d1789e16aa6c3dbd9205a8723303493502fdd3ba	wch/r-source	3da432e44c5ab99eef6da071183fa0ff315381f1	src/extra/intl/finddomain.c	d1789e16aa6c3dbd9205a8723303493502fdd3ba	unchanged_upstream_moved_under_code
isomorphisms/ir	80134ccd43e6fa859772b4838c53ebac96a35b5c	code/src/extra/intl/gettext.c	b524b22db478269b8c3e5e7b93ff9c8b9113c832	wch/r-source	3da432e44c5ab99eef6da071183fa0ff315381f1	src/extra/intl/gettext.c	b524b22db478269b8c3e5e7b93ff9c8b9113c832	unchanged_upstream_moved_under_code
isomorphisms/ir	80134ccd43e6fa859772b4838c53ebac96a35b5c	code/src/extra/intl/gettextP.h	79e67e5c64918d919589850473756d44bdb2f75c	wch/r-source	3da432e44c5ab99eef6da071183fa0ff315381f1	src/extra/intl/gettextP.h	79e67e5c64918d919589850473756d44bdb2f75c	unchanged_upstream_moved_under_code
isomorphisms/ir	80134ccd43e6fa859772b4838c53ebac96a35b5c	code/src/extra/intl/gmo.h	da9dbaa9caf5341925a9c2eeb16205339b69a87c	wch/r-source	3da432e44c5ab99eef6da071183fa0ff315381f1	src/extra/intl/gmo.h	da9dbaa9caf5341925a9c2eeb16205339b69a87c	unchanged_upstream_moved_under_code
isomorphisms/ir	80134ccd43e6fa859772b4838c53ebac96a35b5c	code/src/extra/intl/hash-string.c	3c513f09970ac4b4a638fa8b9b86af4cc5317693	wch/r-source	3da432e44c5ab99eef6da071183fa0ff315381f1	src/extra/intl/hash-string.c	3c513f09970ac4b4a638fa8b9b86af4cc5317693	unchanged_upstream_moved_under_code
isomorphisms/ir	80134ccd43e6fa859772b4838c53ebac96a35b5c	code/src/extra/intl/hash-string.h	98c07e4a7c8304c17d610091f6dc092acb81c385	wch/r-source	3da432e44c5ab99eef6da071183fa0ff315381f1	src/extra/intl/hash-string.h	98c07e4a7c8304c17d610091f6dc092acb81c385	unchanged_upstream_moved_under_code
isomorphisms/ir	80134ccd43e6fa859772b4838c53ebac96a35b5c	code/src/extra/intl/intl-compat.c	9b9ecbb648a7930249c4be075dba8fa9a662764b	wch/r-source	3da432e44c5ab99eef6da071183fa0ff315381f1	src/extra/intl/intl-compat.c	9b9ecbb648a7930249c4be075dba8fa9a662764b	unchanged_upstream_moved_under_code
isomorphisms/ir	80134ccd43e6fa859772b4838c53ebac96a35b5c	code/src/extra/intl/intl-exports.c	550e2794d64c568e88117e4fb80ea33b0fb29f88	wch/r-source	3da432e44c5ab99eef6da071183fa0ff315381f1	src/extra/intl/intl-exports.c	550e2794d64c568e88117e4fb80ea33b0fb29f88	unchanged_upstream_moved_under_code
isomorphisms/ir	80134ccd43e6fa859772b4838c53ebac96a35b5c	code/src/extra/intl/l10nflist.c	1b0d8a753c2914557e19e4a48d269782a3009889	wch/r-source	3da432e44c5ab99eef6da071183fa0ff315381f1	src/extra/intl/l10nflist.c	1b0d8a753c2914557e19e4a48d269782a3009889	unchanged_upstream_moved_under_code
isomorphisms/ir	80134ccd43e6fa859772b4838c53ebac96a35b5c	code/src/extra/intl/langprefs.c	505a710c9ceb675e37dda5626b4d36928046dff3	wch/r-source	3da432e44c5ab99eef6da071183fa0ff315381f1	src/extra/intl/langprefs.c	505a710c9ceb675e37dda5626b4d36928046dff3	unchanged_upstream_moved_under_code
isomorphisms/ir	80134ccd43e6fa859772b4838c53ebac96a35b5c	code/src/extra/intl/loadinfo.h	a7a19703103efe2f331f61f65a0b684339f10032	wch/r-source	3da432e44c5ab99eef6da071183fa0ff315381f1	src/extra/intl/loadinfo.h	a7a19703103efe2f331f61f65a0b684339f10032	unchanged_upstream_moved_under_code
isomorphisms/ir	80134ccd43e6fa859772b4838c53ebac96a35b5c	code/src/extra/intl/loadmsgcat.c	ae2d2ff5a9e878c76ec49137a8c51006eb602228	wch/r-source	3da432e44c5ab99eef6da071183fa0ff315381f1	src/extra/intl/loadmsgcat.c	ae2d2ff5a9e878c76ec49137a8c51006eb602228	unchanged_upstream_moved_under_code
isomorphisms/ir	80134ccd43e6fa859772b4838c53ebac96a35b5c	code/src/extra/intl/localcharset.c	e6f35de8ef50202e08234805a440faf27cde5d0c	wch/r-source	3da432e44c5ab99eef6da071183fa0ff315381f1	src/extra/intl/localcharset.c	e6f35de8ef50202e08234805a440faf27cde5d0c	unchanged_upstream_moved_under_code
isomorphisms/ir	80134ccd43e6fa859772b4838c53ebac96a35b5c	code/src/extra/intl/localcharset.h	129e4a4a3250a8cd8abc267bc9ce9fa987737dd8	wch/r-source	3da432e44c5ab99eef6da071183fa0ff315381f1	src/extra/intl/localcharset.h	129e4a4a3250a8cd8abc267bc9ce9fa987737dd8	unchanged_upstream_moved_under_code
isomorphisms/ir	80134ccd43e6fa859772b4838c53ebac96a35b5c	code/src/extra/intl/localename.c	49f07eebfbe35ed4b0e7c00c9a577445821c5bbe	wch/r-source	3da432e44c5ab99eef6da071183fa0ff315381f1	src/extra/intl/localename.c	49f07eebfbe35ed4b0e7c00c9a577445821c5bbe	unchanged_upstream_moved_under_code
isomorphisms/ir	80134ccd43e6fa859772b4838c53ebac96a35b5c	code/src/extra/intl/lock.c	1bd36125621ce41efb0ba32c45bdfa014c7bbb76	wch/r-source	3da432e44c5ab99eef6da071183fa0ff315381f1	src/extra/intl/lock.c	1bd36125621ce41efb0ba32c45bdfa014c7bbb76	unchanged_upstream_moved_under_code
isomorphisms/ir	80134ccd43e6fa859772b4838c53ebac96a35b5c	code/src/extra/intl/lock.h	144531dc5c9d7535bd08cfd4b96f0042781e96e0	wch/r-source	3da432e44c5ab99eef6da071183fa0ff315381f1	src/extra/intl/lock.h	144531dc5c9d7535bd08cfd4b96f0042781e96e0	unchanged_upstream_moved_under_code
isomorphisms/ir	80134ccd43e6fa859772b4838c53ebac96a35b5c	code/src/extra/intl/ngettext.c	2cff252290ea3be356cb48c39f53d6848f080979	wch/r-source	3da432e44c5ab99eef6da071183fa0ff315381f1	src/extra/intl/ngettext.c	2cff252290ea3be356cb48c39f53d6848f080979	unchanged_upstream_moved_under_code
isomorphisms/ir	80134ccd43e6fa859772b4838c53ebac96a35b5c	code/src/extra/intl/osdep.c	3cc35c03b737b342707954370a3179460e24bfa5	wch/r-source	3da432e44c5ab99eef6da071183fa0ff315381f1	src/extra/intl/osdep.c	3cc35c03b737b342707954370a3179460e24bfa5	unchanged_upstream_moved_under_code
isomorphisms/ir	80134ccd43e6fa859772b4838c53ebac96a35b5c	code/src/extra/intl/plural-exp.c	751a688eb395c57482d7d61a63551c8d0f8bf87a	wch/r-source	3da432e44c5ab99eef6da071183fa0ff315381f1	src/extra/intl/plural-exp.c	751a688eb395c57482d7d61a63551c8d0f8bf87a	unchanged_upstream_moved_under_code
isomorphisms/ir	80134ccd43e6fa859772b4838c53ebac96a35b5c	code/src/extra/intl/plural-exp.h	d02d75c51434cda19640967311b5635999d14127	wch/r-source	3da432e44c5ab99eef6da071183fa0ff315381f1	src/extra/intl/plural-exp.h	d02d75c51434cda19640967311b5635999d14127	unchanged_upstream_moved_under_code
isomorphisms/ir	80134ccd43e6fa859772b4838c53ebac96a35b5c	code/src/extra/intl/plural.c	a3590ca29e0779eab4e37e6a7f5b97f32dfa186a	wch/r-source	3da432e44c5ab99eef6da071183fa0ff315381f1	src/extra/intl/plural.c	a3590ca29e0779eab4e37e6a7f5b97f32dfa186a	unchanged_upstream_moved_under_code
isomorphisms/ir	80134ccd43e6fa859772b4838c53ebac96a35b5c	code/src/extra/intl/printf-args.c	cbd437d871b9e7f6386499dd33bb6017f9807441	wch/r-source	3da432e44c5ab99eef6da071183fa0ff315381f1	src/extra/intl/printf-args.c	cbd437d871b9e7f6386499dd33bb6017f9807441	unchanged_upstream_moved_under_code
isomorphisms/ir	80134ccd43e6fa859772b4838c53ebac96a35b5c	code/src/extra/intl/printf-args.h	cf89c3e710f21652e8354a28f46e135331757912	wch/r-source	3da432e44c5ab99eef6da071183fa0ff315381f1	src/extra/intl/printf-args.h	cf89c3e710f21652e8354a28f46e135331757912	unchanged_upstream_moved_under_code
isomorphisms/ir	80134ccd43e6fa859772b4838c53ebac96a35b5c	code/src/extra/intl/printf-parse.c	6ed1cc32276153ab939144abc8eef6124d957c7f	wch/r-source	3da432e44c5ab99eef6da071183fa0ff315381f1	src/extra/intl/printf-parse.c	6ed1cc32276153ab939144abc8eef6124d957c7f	unchanged_upstream_moved_under_code
isomorphisms/ir	80134ccd43e6fa859772b4838c53ebac96a35b5c	code/src/extra/intl/printf-parse.h	e785338955827ce6b672cc5d0b6685ece9707b84	wch/r-source	3da432e44c5ab99eef6da071183fa0ff315381f1	src/extra/intl/printf-parse.h	e785338955827ce6b672cc5d0b6685ece9707b84	unchanged_upstream_moved_under_code
isomorphisms/ir	80134ccd43e6fa859772b4838c53ebac96a35b5c	code/src/extra/intl/printf.c	0088e5195bccedf189009414980b1e5e3d1aebd7	wch/r-source	3da432e44c5ab99eef6da071183fa0ff315381f1	src/extra/intl/printf.c	0088e5195bccedf189009414980b1e5e3d1aebd7	unchanged_upstream_moved_under_code
isomorphisms/ir	80134ccd43e6fa859772b4838c53ebac96a35b5c	code/src/extra/intl/textdomain.c	70131bc8082bd9be4dc4b1aef633dd1da5bfbdbd	wch/r-source	3da432e44c5ab99eef6da071183fa0ff315381f1	src/extra/intl/textdomain.c	70131bc8082bd9be4dc4b1aef633dd1da5bfbdbd	unchanged_upstream_moved_under_code
isomorphisms/ir	80134ccd43e6fa859772b4838c53ebac96a35b5c	code/src/extra/intl/tsearch.c	d549dd45a3b9a0c2e3f5823ec427883f347378e5	wch/r-source	3da432e44c5ab99eef6da071183fa0ff315381f1	src/extra/intl/tsearch.c	d549dd45a3b9a0c2e3f5823ec427883f347378e5	unchanged_upstream_moved_under_code
isomorphisms/ir	80134ccd43e6fa859772b4838c53ebac96a35b5c	code/src/extra/intl/tsearch.h	f08e4a913164581ae9007f9f358111a8f53f2f0a	wch/r-source	3da432e44c5ab99eef6da071183fa0ff315381f1	src/extra/intl/tsearch.h	f08e4a913164581ae9007f9f358111a8f53f2f0a	unchanged_upstream_moved_under_code
isomorphisms/ir	80134ccd43e6fa859772b4838c53ebac96a35b5c	code/src/extra/intl/vasnprintf.c	4a8e7f05a6018309cfadc8ae0a00e42658992176	wch/r-source	3da432e44c5ab99eef6da071183fa0ff315381f1	src/extra/intl/vasnprintf.c	4a8e7f05a6018309cfadc8ae0a00e42658992176	unchanged_upstream_moved_under_code
isomorphisms/ir	80134ccd43e6fa859772b4838c53ebac96a35b5c	code/src/extra/intl/vasnprintf.h	ff1d183bf65c2abefe6db89ec750a3d5af28e861	wch/r-source	3da432e44c5ab99eef6da071183fa0ff315381f1	src/extra/intl/vasnprintf.h	ff1d183bf65c2abefe6db89ec750a3d5af28e861	unchanged_upstream_moved_under_code
isomorphisms/ir	80134ccd43e6fa859772b4838c53ebac96a35b5c	code/src/extra/intl/vasnwprintf.h	6ff03ce16bcef7842ddfe2f60ace05c3dce4c85f	wch/r-source	3da432e44c5ab99eef6da071183fa0ff315381f1	src/extra/intl/vasnwprintf.h	6ff03ce16bcef7842ddfe2f60ace05c3dce4c85f	unchanged_upstream_moved_under_code
isomorphisms/ir	80134ccd43e6fa859772b4838c53ebac96a35b5c	code/src/extra/intl/wprintf-parse.h	600b89adc4df8295a9351de3c4c4b96ca5c14af9	wch/r-source	3da432e44c5ab99eef6da071183fa0ff315381f1	src/extra/intl/wprintf-parse.h	600b89adc4df8295a9351de3c4c4b96ca5c14af9	unchanged_upstream_moved_under_code
isomorphisms/ir	80134ccd43e6fa859772b4838c53ebac96a35b5c	code/src/extra/intl/xsize.h	b3023a7d477488d92904b65c80843ea4d50faa7b	wch/r-source	3da432e44c5ab99eef6da071183fa0ff315381f1	src/extra/intl/xsize.h	b3023a7d477488d92904b65c80843ea4d50faa7b	unchanged_upstream_moved_under_code
isomorphisms/ir	80134ccd43e6fa859772b4838c53ebac96a35b5c	code/src/extra/tre/regcomp.c	31d4e52b83c02390f5dd66e10064c4c4c46ce863	wch/r-source	3da432e44c5ab99eef6da071183fa0ff315381f1	src/extra/tre/regcomp.c	31d4e52b83c02390f5dd66e10064c4c4c46ce863	unchanged_upstream_moved_under_code
isomorphisms/ir	80134ccd43e6fa859772b4838c53ebac96a35b5c	code/src/extra/tre/regerror.c	701f701ed67fb743d40cc20698548d8761f62abe	wch/r-source	3da432e44c5ab99eef6da071183fa0ff315381f1	src/extra/tre/regerror.c	701f701ed67fb743d40cc20698548d8761f62abe	unchanged_upstream_moved_under_code
isomorphisms/ir	80134ccd43e6fa859772b4838c53ebac96a35b5c	code/src/extra/tre/regexec.c	2aa2d957a30ce43da529513364ae189625f195e6	wch/r-source	3da432e44c5ab99eef6da071183fa0ff315381f1	src/extra/tre/regexec.c	2aa2d957a30ce43da529513364ae189625f195e6	unchanged_upstream_moved_under_code
isomorphisms/ir	80134ccd43e6fa859772b4838c53ebac96a35b5c	code/src/extra/tre/tre-ast.c	9b02aa29f941cd941c95e5a6ab6f3f8b8d4ee4de	wch/r-source	3da432e44c5ab99eef6da071183fa0ff315381f1	src/extra/tre/tre-ast.c	9b02aa29f941cd941c95e5a6ab6f3f8b8d4ee4de	unchanged_upstream_moved_under_code
isomorphisms/ir	80134ccd43e6fa859772b4838c53ebac96a35b5c	code/src/extra/tre/tre-ast.h	d9af3762f9accb4a6ce2fbe2373b285d86d18771	wch/r-source	3da432e44c5ab99eef6da071183fa0ff315381f1	src/extra/tre/tre-ast.h	d9af3762f9accb4a6ce2fbe2373b285d86d18771	unchanged_upstream_moved_under_code
isomorphisms/ir	80134ccd43e6fa859772b4838c53ebac96a35b5c	code/src/extra/tre/tre-compile.c	4ea8874c791ee9975c2bdb8b26bcf327d0e0b8ca	wch/r-source	3da432e44c5ab99eef6da071183fa0ff315381f1	src/extra/tre/tre-compile.c	4ea8874c791ee9975c2bdb8b26bcf327d0e0b8ca	unchanged_upstream_moved_under_code
isomorphisms/ir	80134ccd43e6fa859772b4838c53ebac96a35b5c	code/src/extra/tre/tre-compile.h	51d5ac94acc612da0c464af7a0176c33049a2194	wch/r-source	3da432e44c5ab99eef6da071183fa0ff315381f1	src/extra/tre/tre-compile.h	51d5ac94acc612da0c464af7a0176c33049a2194	unchanged_upstream_moved_under_code
isomorphisms/ir	80134ccd43e6fa859772b4838c53ebac96a35b5c	code/src/extra/tre/tre-config.h	0a683b78cde9e16a867762acbfb25e6f3314dc85	wch/r-source	3da432e44c5ab99eef6da071183fa0ff315381f1	src/extra/tre/tre-config.h	0a683b78cde9e16a867762acbfb25e6f3314dc85	unchanged_upstream_moved_under_code
isomorphisms/ir	80134ccd43e6fa859772b4838c53ebac96a35b5c	code/src/extra/tre/tre-internal.h	407aabf927dc988ae2d88b158a2f26e689723098	wch/r-source	3da432e44c5ab99eef6da071183fa0ff315381f1	src/extra/tre/tre-internal.h	407aabf927dc988ae2d88b158a2f26e689723098	unchanged_upstream_moved_under_code
isomorphisms/ir	80134ccd43e6fa859772b4838c53ebac96a35b5c	code/src/extra/tre/tre-match-approx.c	0276509009a663b29d5a5ce12796aefa08a4ad80	wch/r-source	3da432e44c5ab99eef6da071183fa0ff315381f1	src/extra/tre/tre-match-approx.c	0276509009a663b29d5a5ce12796aefa08a4ad80	unchanged_upstream_moved_under_code
isomorphisms/ir	80134ccd43e6fa859772b4838c53ebac96a35b5c	code/src/extra/tre/tre-match-backtrack.c	f09ffb73308d63a55f26a9fb3deb84348198a8b8	wch/r-source	3da432e44c5ab99eef6da071183fa0ff315381f1	src/extra/tre/tre-match-backtrack.c	f09ffb73308d63a55f26a9fb3deb84348198a8b8	unchanged_upstream_moved_under_code
isomorphisms/ir	80134ccd43e6fa859772b4838c53ebac96a35b5c	code/src/extra/tre/tre-match-parallel.c	acc0b6acfa85a41b433bb23036037262958a2716	wch/r-source	3da432e44c5ab99eef6da071183fa0ff315381f1	src/extra/tre/tre-match-parallel.c	acc0b6acfa85a41b433bb23036037262958a2716	unchanged_upstream_moved_under_code
isomorphisms/ir	80134ccd43e6fa859772b4838c53ebac96a35b5c	code/src/extra/tre/tre-match-utils.h	d0a42148a41e085d8f28bc27bd8c6f617ba8e559	wch/r-source	3da432e44c5ab99eef6da071183fa0ff315381f1	src/extra/tre/tre-match-utils.h	d0a42148a41e085d8f28bc27bd8c6f617ba8e559	unchanged_upstream_moved_under_code
isomorphisms/ir	80134ccd43e6fa859772b4838c53ebac96a35b5c	code/src/extra/tre/tre-mem.c	4b037a691f885c4ad72a201bf2ce410c9de1d176	wch/r-source	3da432e44c5ab99eef6da071183fa0ff315381f1	src/extra/tre/tre-mem.c	4b037a691f885c4ad72a201bf2ce410c9de1d176	unchanged_upstream_moved_under_code
isomorphisms/ir	80134ccd43e6fa859772b4838c53ebac96a35b5c	code/src/extra/tre/tre-mem.h	285940457f3897c024f5f4e49866db993797be21	wch/r-source	3da432e44c5ab99eef6da071183fa0ff315381f1	src/extra/tre/tre-mem.h	285940457f3897c024f5f4e49866db993797be21	unchanged_upstream_moved_under_code
isomorphisms/ir	80134ccd43e6fa859772b4838c53ebac96a35b5c	code/src/extra/tre/tre-parse.c	ba9c54384eed6a6db8d0bcf6e738cca3101a9be8	wch/r-source	3da432e44c5ab99eef6da071183fa0ff315381f1	src/extra/tre/tre-parse.c	ba9c54384eed6a6db8d0bcf6e738cca3101a9be8	unchanged_upstream_moved_under_code
isomorphisms/ir	80134ccd43e6fa859772b4838c53ebac96a35b5c	code/src/extra/tre/tre-parse.h	fe879845305ef2fc5fc563fa8677a85539f15a0a	wch/r-source	3da432e44c5ab99eef6da071183fa0ff315381f1	src/extra/tre/tre-parse.h	fe879845305ef2fc5fc563fa8677a85539f15a0a	unchanged_upstream_moved_under_code
isomorphisms/ir	80134ccd43e6fa859772b4838c53ebac96a35b5c	code/src/extra/tre/tre-stack.c	b601c97764b654adf4831a46fc9bdf5be7f5774c	wch/r-source	3da432e44c5ab99eef6da071183fa0ff315381f1	src/extra/tre/tre-stack.c	b601c97764b654adf4831a46fc9bdf5be7f5774c	unchanged_upstream_moved_under_code
isomorphisms/ir	80134ccd43e6fa859772b4838c53ebac96a35b5c	code/src/extra/tre/tre-stack.h	a1acbe72f0e8c68d158c2ef1504559f730844250	wch/r-source	3da432e44c5ab99eef6da071183fa0ff315381f1	src/extra/tre/tre-stack.h	a1acbe72f0e8c68d158c2ef1504559f730844250	unchanged_upstream_moved_under_code
isomorphisms/ir	80134ccd43e6fa859772b4838c53ebac96a35b5c	code/src/extra/tre/tre.h	128475d4ecd63c1aca6287e71c47804841c30828	wch/r-source	3da432e44c5ab99eef6da071183fa0ff315381f1	src/extra/tre/tre.h	128475d4ecd63c1aca6287e71c47804841c30828	unchanged_upstream_moved_under_code
isomorphisms/ir	80134ccd43e6fa859772b4838c53ebac96a35b5c	code/src/extra/tre/xmalloc.c	a695fb28675ffb55b568b2f90a50833a165b9484	wch/r-source	3da432e44c5ab99eef6da071183fa0ff315381f1	src/extra/tre/xmalloc.c	a695fb28675ffb55b568b2f90a50833a165b9484	unchanged_upstream_moved_under_code
isomorphisms/ir	80134ccd43e6fa859772b4838c53ebac96a35b5c	code/src/extra/tre/xmalloc.h	ce310af5204e663497022b800a8ef6bd36e36568	wch/r-source	3da432e44c5ab99eef6da071183fa0ff315381f1	src/extra/tre/xmalloc.h	ce310af5204e663497022b800a8ef6bd36e36568	unchanged_upstream_moved_under_code
isomorphisms/ir	80134ccd43e6fa859772b4838c53ebac96a35b5c	code/src/extra/trio/compat.c	b042c3a4ac8f0eac08f69263350a21d998711586	wch/r-source	3da432e44c5ab99eef6da071183fa0ff315381f1	src/extra/trio/compat.c	b042c3a4ac8f0eac08f69263350a21d998711586	unchanged_upstream_moved_under_code
isomorphisms/ir	80134ccd43e6fa859772b4838c53ebac96a35b5c	code/src/extra/trio/strio.h	d90cfcfd8a60833c525d68a476630a559ecf4b0d	wch/r-source	3da432e44c5ab99eef6da071183fa0ff315381f1	src/extra/trio/strio.h	d90cfcfd8a60833c525d68a476630a559ecf4b0d	unchanged_upstream_moved_under_code
isomorphisms/ir	80134ccd43e6fa859772b4838c53ebac96a35b5c	code/src/extra/trio/trio.c	62df6f122497179128c58ede27a80a08b2a7de20	wch/r-source	3da432e44c5ab99eef6da071183fa0ff315381f1	src/extra/trio/trio.c	62df6f122497179128c58ede27a80a08b2a7de20	unchanged_upstream_moved_under_code
isomorphisms/ir	80134ccd43e6fa859772b4838c53ebac96a35b5c	code/src/extra/trio/trio.h	ad29222dc0fb6cb50c734859626e143562674e6a	wch/r-source	3da432e44c5ab99eef6da071183fa0ff315381f1	src/extra/trio/trio.h	ad29222dc0fb6cb50c734859626e143562674e6a	unchanged_upstream_moved_under_code
isomorphisms/ir	80134ccd43e6fa859772b4838c53ebac96a35b5c	code/src/extra/trio/triodef.h	b717f74298dd82cbc7247fa4b8fc731caf214b85	wch/r-source	3da432e44c5ab99eef6da071183fa0ff315381f1	src/extra/trio/triodef.h	b717f74298dd82cbc7247fa4b8fc731caf214b85	unchanged_upstream_moved_under_code
isomorphisms/ir	80134ccd43e6fa859772b4838c53ebac96a35b5c	code/src/extra/trio/trionan.c	92d17625421fe1445ffcab263df89b4126a14114	wch/r-source	3da432e44c5ab99eef6da071183fa0ff315381f1	src/extra/trio/trionan.c	92d17625421fe1445ffcab263df89b4126a14114	unchanged_upstream_moved_under_code
isomorphisms/ir	80134ccd43e6fa859772b4838c53ebac96a35b5c	code/src/extra/trio/trionan.h	a38b1cc26ff5450eed13463b14635c8bfb7480b6	wch/r-source	3da432e44c5ab99eef6da071183fa0ff315381f1	src/extra/trio/trionan.h	a38b1cc26ff5450eed13463b14635c8bfb7480b6	unchanged_upstream_moved_under_code
isomorphisms/ir	80134ccd43e6fa859772b4838c53ebac96a35b5c	code/src/extra/trio/triop.h	4023dddca798981b64c313e949f21eb7d92a7ef1	wch/r-source	3da432e44c5ab99eef6da071183fa0ff315381f1	src/extra/trio/triop.h	4023dddca798981b64c313e949f21eb7d92a7ef1	unchanged_upstream_moved_under_code
isomorphisms/ir	80134ccd43e6fa859772b4838c53ebac96a35b5c	code/src/extra/trio/triostr.c	1438109d7f55291a855869917d78fe1b5737da57	wch/r-source	3da432e44c5ab99eef6da071183fa0ff315381f1	src/extra/trio/triostr.c	1438109d7f55291a855869917d78fe1b5737da57	unchanged_upstream_moved_under_code
isomorphisms/ir	80134ccd43e6fa859772b4838c53ebac96a35b5c	code/src/extra/trio/triostr.h	9100f0932e67bfe291da75840f0c87a0cb4eb631	wch/r-source	3da432e44c5ab99eef6da071183fa0ff315381f1	src/extra/trio/triostr.h	9100f0932e67bfe291da75840f0c87a0cb4eb631	unchanged_upstream_moved_under_code
isomorphisms/ir	80134ccd43e6fa859772b4838c53ebac96a35b5c	code/src/extra/tzone/localtime.c	8981e3b43fd3add9a91681b888d7f7daf0d2fe29	wch/r-source	3da432e44c5ab99eef6da071183fa0ff315381f1	src/extra/tzone/localtime.c	8981e3b43fd3add9a91681b888d7f7daf0d2fe29	unchanged_upstream_moved_under_code
isomorphisms/ir	80134ccd43e6fa859772b4838c53ebac96a35b5c	code/src/extra/tzone/registryTZ.c	1127dd9638f083238327e29950cb6dedd4eddb51	wch/r-source	3da432e44c5ab99eef6da071183fa0ff315381f1	src/extra/tzone/registryTZ.c	1127dd9638f083238327e29950cb6dedd4eddb51	unchanged_upstream_moved_under_code
isomorphisms/ir	80134ccd43e6fa859772b4838c53ebac96a35b5c	code/src/extra/tzone/strftime.c	31d2a17576274a909b0e114f681204c222f883e0	wch/r-source	3da432e44c5ab99eef6da071183fa0ff315381f1	src/extra/tzone/strftime.c	31d2a17576274a909b0e114f681204c222f883e0	unchanged_upstream_moved_under_code
isomorphisms/ir	80134ccd43e6fa859772b4838c53ebac96a35b5c	code/src/extra/tzone/tzfile.h	19af45e009ea62d2ec68f9b5b3d895538c0aaaf8	wch/r-source	3da432e44c5ab99eef6da071183fa0ff315381f1	src/extra/tzone/tzfile.h	19af45e009ea62d2ec68f9b5b3d895538c0aaaf8	unchanged_upstream_moved_under_code
isomorphisms/ir	80134ccd43e6fa859772b4838c53ebac96a35b5c	code/src/extra/win_iconv/win_iconv.c	8556a5b16e0cc1368f86d712a3e9744545106dbb	wch/r-source	3da432e44c5ab99eef6da071183fa0ff315381f1	src/extra/win_iconv/win_iconv.c	8556a5b16e0cc1368f86d712a3e9744545106dbb	unchanged_upstream_moved_under_code
isomorphisms/ir	80134ccd43e6fa859772b4838c53ebac96a35b5c	code/src/extra/xdr/rpc/types.h	0354e3a8d72a79ffe31ba99c8ad5f53617526070	wch/r-source	3da432e44c5ab99eef6da071183fa0ff315381f1	src/extra/xdr/rpc/types.h	0354e3a8d72a79ffe31ba99c8ad5f53617526070	unchanged_upstream_moved_under_code
isomorphisms/ir	80134ccd43e6fa859772b4838c53ebac96a35b5c	code/src/extra/xdr/rpc/xdr.h	0433c9838e0d404ef60787b12d773beda814b8f2	wch/r-source	3da432e44c5ab99eef6da071183fa0ff315381f1	src/extra/xdr/rpc/xdr.h	0433c9838e0d404ef60787b12d773beda814b8f2	unchanged_upstream_moved_under_code
isomorphisms/ir	80134ccd43e6fa859772b4838c53ebac96a35b5c	code/src/extra/xdr/xdr_float.c	1702401fab1a117bb0f32cee52149a3de1baa80b	wch/r-source	3da432e44c5ab99eef6da071183fa0ff315381f1	src/extra/xdr/xdr_float.c	1702401fab1a117bb0f32cee52149a3de1baa80b	unchanged_upstream_moved_under_code
isomorphisms/ir	80134ccd43e6fa859772b4838c53ebac96a35b5c	code/src/extra/xdr/xdr_mem.c	b9d82d0dad6e1ca57e4edbe123b7cc4834dd1d81	wch/r-source	3da432e44c5ab99eef6da071183fa0ff315381f1	src/extra/xdr/xdr_mem.c	b9d82d0dad6e1ca57e4edbe123b7cc4834dd1d81	unchanged_upstream_moved_under_code
isomorphisms/ir	80134ccd43e6fa859772b4838c53ebac96a35b5c	code/src/extra/xdr/xdr_stdio.c	b15c37dd419ae990a87113b81f6bb9c6c267abb0	wch/r-source	3da432e44c5ab99eef6da071183fa0ff315381f1	src/extra/xdr/xdr_stdio.c	b15c37dd419ae990a87113b81f6bb9c6c267abb0	unchanged_upstream_moved_under_code
isomorphisms/ir	80134ccd43e6fa859772b4838c53ebac96a35b5c	code/src/extra/xdr/xdr.c	5ca9e819c2fdd79b5614a47aa0c4640f049955bf	wch/r-source	3da432e44c5ab99eef6da071183fa0ff315381f1	src/extra/xdr/xdr.c	5ca9e819c2fdd79b5614a47aa0c4640f049955bf	unchanged_upstream_moved_under_code
isomorphisms/ir	80134ccd43e6fa859772b4838c53ebac96a35b5c	code/src/gnuwin32/console.c	d667a75b8ff507b279a89c66cbf91b8aa2c7842e	wch/r-source	3da432e44c5ab99eef6da071183fa0ff315381f1	src/gnuwin32/console.c	d667a75b8ff507b279a89c66cbf91b8aa2c7842e	unchanged_upstream_moved_under_code
isomorphisms/ir	80134ccd43e6fa859772b4838c53ebac96a35b5c	code/src/gnuwin32/console.h	bb0d439e70942120f303514534d5f25faa8dd6c2	wch/r-source	3da432e44c5ab99eef6da071183fa0ff315381f1	src/gnuwin32/console.h	bb0d439e70942120f303514534d5f25faa8dd6c2	unchanged_upstream_moved_under_code
isomorphisms/ir	80134ccd43e6fa859772b4838c53ebac96a35b5c	code/src/gnuwin32/consolestructs.h	781bb1023a35b4212548ded5778f96a29ebd4a9d	wch/r-source	3da432e44c5ab99eef6da071183fa0ff315381f1	src/gnuwin32/consolestructs.h	781bb1023a35b4212548ded5778f96a29ebd4a9d	unchanged_upstream_moved_under_code
isomorphisms/ir	80134ccd43e6fa859772b4838c53ebac96a35b5c	code/src/gnuwin32/dos_wglob.c	f18213106e01eb04c3aa3fba0e1aad8f5db7b0e4	wch/r-source	3da432e44c5ab99eef6da071183fa0ff315381f1	src/gnuwin32/dos_wglob.c	f18213106e01eb04c3aa3fba0e1aad8f5db7b0e4	unchanged_upstream_moved_under_code
isomorphisms/ir	80134ccd43e6fa859772b4838c53ebac96a35b5c	code/src/gnuwin32/dos_wglob.h	3e5e3e7572ff801334afb17ce00989a2f6ed05db	wch/r-source	3da432e44c5ab99eef6da071183fa0ff315381f1	src/gnuwin32/dos_wglob.h	3e5e3e7572ff801334afb17ce00989a2f6ed05db	unchanged_upstream_moved_under_code
isomorphisms/ir	80134ccd43e6fa859772b4838c53ebac96a35b5c	code/src/gnuwin32/dynload.c	3d66ffcd8372ad0585288c9b820be9829ad67f8e	wch/r-source	3da432e44c5ab99eef6da071183fa0ff315381f1	src/gnuwin32/dynload.c	3d66ffcd8372ad0585288c9b820be9829ad67f8e	unchanged_upstream_moved_under_code
isomorphisms/ir	80134ccd43e6fa859772b4838c53ebac96a35b5c	code/src/gnuwin32/editor.c	9a7c15f00051034e909979784933b03987acac31	wch/r-source	3da432e44c5ab99eef6da071183fa0ff315381f1	src/gnuwin32/editor.c	9a7c15f00051034e909979784933b03987acac31	unchanged_upstream_moved_under_code
isomorphisms/ir	80134ccd43e6fa859772b4838c53ebac96a35b5c	code/src/gnuwin32/editor.h	11b07ba81ee59c322789adc1cf5558695e6ed5c4	wch/r-source	3da432e44c5ab99eef6da071183fa0ff315381f1	src/gnuwin32/editor.h	11b07ba81ee59c322789adc1cf5558695e6ed5c4	unchanged_upstream_moved_under_code
isomorphisms/ir	80134ccd43e6fa859772b4838c53ebac96a35b5c	code/src/gnuwin32/embeddedR.c	b76aaaf5d78a669347c5a781cd0d517b0cbc0cc9	wch/r-source	3da432e44c5ab99eef6da071183fa0ff315381f1	src/gnuwin32/embeddedR.c	b76aaaf5d78a669347c5a781cd0d517b0cbc0cc9	unchanged_upstream_moved_under_code
isomorphisms/ir	80134ccd43e6fa859772b4838c53ebac96a35b5c	code/src/gnuwin32/extra.c	02052c9f20ad25bac459cbfe35ad941d043eb287	wch/r-source	3da432e44c5ab99eef6da071183fa0ff315381f1	src/gnuwin32/extra.c	02052c9f20ad25bac459cbfe35ad941d043eb287	unchanged_upstream_moved_under_code
isomorphisms/ir	80134ccd43e6fa859772b4838c53ebac96a35b5c	code/src/gnuwin32/fixed/h/config.h	f88b4c2ee26197c7e5fa48edac5d58d365099e91	wch/r-source	3da432e44c5ab99eef6da071183fa0ff315381f1	src/gnuwin32/fixed/h/config.h	f88b4c2ee26197c7e5fa48edac5d58d365099e91	unchanged_upstream_moved_under_code
isomorphisms/ir	80134ccd43e6fa859772b4838c53ebac96a35b5c	code/src/gnuwin32/fixed/h/iconv.h	2fb7a71a6e8bc47c288a518d68cb2c0a543aad3f	wch/r-source	3da432e44c5ab99eef6da071183fa0ff315381f1	src/gnuwin32/fixed/h/iconv.h	2fb7a71a6e8bc47c288a518d68cb2c0a543aad3f	unchanged_upstream_moved_under_code
isomorphisms/ir	80134ccd43e6fa859772b4838c53ebac96a35b5c	code/src/gnuwin32/fixed/h/psignal.h	86bd5c4235d68673581140d8fdb4a55c5b42156d	wch/r-source	3da432e44c5ab99eef6da071183fa0ff315381f1	src/gnuwin32/fixed/h/psignal.h	86bd5c4235d68673581140d8fdb4a55c5b42156d	unchanged_upstream_moved_under_code
isomorphisms/ir	80134ccd43e6fa859772b4838c53ebac96a35b5c	code/src/gnuwin32/fixed/h/Rconfig.h	5bc500bca8f29eaddb9de9fabb39d9591feb2f36	wch/r-source	3da432e44c5ab99eef6da071183fa0ff315381f1	src/gnuwin32/fixed/h/Rconfig.h	5bc500bca8f29eaddb9de9fabb39d9591feb2f36	unchanged_upstream_moved_under_code
isomorphisms/ir	80134ccd43e6fa859772b4838c53ebac96a35b5c	code/src/gnuwin32/fixed/h/trioremap.h	fa8d054fed128bce868b6fa30d17892abc3a9cef	wch/r-source	3da432e44c5ab99eef6da071183fa0ff315381f1	src/gnuwin32/fixed/h/trioremap.h	fa8d054fed128bce868b6fa30d17892abc3a9cef	unchanged_upstream_moved_under_code
isomorphisms/ir	80134ccd43e6fa859772b4838c53ebac96a35b5c	code/src/gnuwin32/front-ends/graphappmain.c	c763e8f0104eac927c8e081346401b62beda5827	wch/r-source	3da432e44c5ab99eef6da071183fa0ff315381f1	src/gnuwin32/front-ends/graphappmain.c	c763e8f0104eac927c8e081346401b62beda5827	unchanged_upstream_moved_under_code
isomorphisms/ir	80134ccd43e6fa859772b4838c53ebac96a35b5c	code/src/gnuwin32/front-ends/open.c	6898f5250a1439d2f527b3e6e2bdb4c7ca331e57	wch/r-source	3da432e44c5ab99eef6da071183fa0ff315381f1	src/gnuwin32/front-ends/open.c	6898f5250a1439d2f527b3e6e2bdb4c7ca331e57	unchanged_upstream_moved_under_code
isomorphisms/ir	80134ccd43e6fa859772b4838c53ebac96a35b5c	code/src/gnuwin32/front-ends/R.c	a14a1426d261daa039a736358c26c2b41896e3f5	wch/r-source	3da432e44c5ab99eef6da071183fa0ff315381f1	src/gnuwin32/front-ends/R.c	a14a1426d261daa039a736358c26c2b41896e3f5	unchanged_upstream_moved_under_code
isomorphisms/ir	80134ccd43e6fa859772b4838c53ebac96a35b5c	code/src/gnuwin32/front-ends/rcmd.c	123304914207be94df6aebfdd2bcb58fe7522ccd	wch/r-source	3da432e44c5ab99eef6da071183fa0ff315381f1	src/gnuwin32/front-ends/rcmd.c	123304914207be94df6aebfdd2bcb58fe7522ccd	unchanged_upstream_moved_under_code
isomorphisms/ir	80134ccd43e6fa859772b4838c53ebac96a35b5c	code/src/gnuwin32/front-ends/rcmdfn.c	00dcceb43ef7f43195f4bffe36bb3931551b943f	wch/r-source	3da432e44c5ab99eef6da071183fa0ff315381f1	src/gnuwin32/front-ends/rcmdfn.c	00dcceb43ef7f43195f4bffe36bb3931551b943f	unchanged_upstream_moved_under_code
isomorphisms/ir	80134ccd43e6fa859772b4838c53ebac96a35b5c	code/src/gnuwin32/front-ends/Rfe.c	77febd5e233f271eef2be309db939f68c2001d91	wch/r-source	3da432e44c5ab99eef6da071183fa0ff315381f1	src/gnuwin32/front-ends/Rfe.c	77febd5e233f271eef2be309db939f68c2001d91	unchanged_upstream_moved_under_code
isomorphisms/ir	80134ccd43e6fa859772b4838c53ebac96a35b5c	code/src/gnuwin32/front-ends/rgui.c	ae0fe86dc257e832355d4d6de7c4e0042f40590f	wch/r-source	3da432e44c5ab99eef6da071183fa0ff315381f1	src/gnuwin32/front-ends/rgui.c	ae0fe86dc257e832355d4d6de7c4e0042f40590f	unchanged_upstream_moved_under_code
isomorphisms/ir	80134ccd43e6fa859772b4838c53ebac96a35b5c	code/src/gnuwin32/front-ends/rpwd.c	7544f86866bb8c4510dae6aa3f352bd6475fa9b1	wch/r-source	3da432e44c5ab99eef6da071183fa0ff315381f1	src/gnuwin32/front-ends/rpwd.c	7544f86866bb8c4510dae6aa3f352bd6475fa9b1	unchanged_upstream_moved_under_code
isomorphisms/ir	80134ccd43e6fa859772b4838c53ebac96a35b5c	code/src/gnuwin32/front-ends/RSetReg.c	673d024556e3d536bca79655dea84648cb1d1817	wch/r-source	3da432e44c5ab99eef6da071183fa0ff315381f1	src/gnuwin32/front-ends/RSetReg.c	673d024556e3d536bca79655dea84648cb1d1817	unchanged_upstream_moved_under_code
isomorphisms/ir	80134ccd43e6fa859772b4838c53ebac96a35b5c	code/src/gnuwin32/front-ends/rterm.c	c9d95fa80b93fb4ad335b2377fdb9f7ffdc9c323	wch/r-source	3da432e44c5ab99eef6da071183fa0ff315381f1	src/gnuwin32/front-ends/rterm.c	c9d95fa80b93fb4ad335b2377fdb9f7ffdc9c323	unchanged_upstream_moved_under_code
isomorphisms/ir	80134ccd43e6fa859772b4838c53ebac96a35b5c	code/src/gnuwin32/front-ends/rtest.c	3ceab79fef153717e5a8c849294557d1fda79f92	wch/r-source	3da432e44c5ab99eef6da071183fa0ff315381f1	src/gnuwin32/front-ends/rtest.c	3ceab79fef153717e5a8c849294557d1fda79f92	unchanged_upstream_moved_under_code
isomorphisms/ir	80134ccd43e6fa859772b4838c53ebac96a35b5c	code/src/gnuwin32/getline/getline.c	2d057591e5320a029560e02f4f2a4427fa591d04	wch/r-source	3da432e44c5ab99eef6da071183fa0ff315381f1	src/gnuwin32/getline/getline.c	2d057591e5320a029560e02f4f2a4427fa591d04	unchanged_upstream_moved_under_code
isomorphisms/ir	80134ccd43e6fa859772b4838c53ebac96a35b5c	code/src/gnuwin32/getline/getline.h	b8103c892416412bd03199e24b1f31e7a7a7cf5c	wch/r-source	3da432e44c5ab99eef6da071183fa0ff315381f1	src/gnuwin32/getline/getline.h	b8103c892416412bd03199e24b1f31e7a7a7cf5c	unchanged_upstream_moved_under_code
isomorphisms/ir	80134ccd43e6fa859772b4838c53ebac96a35b5c	code/src/gnuwin32/getline/testgl.c	a97523ca7b567e4039f68ebeb59a1d79e73ffa76	wch/r-source	3da432e44c5ab99eef6da071183fa0ff315381f1	src/gnuwin32/getline/testgl.c	a97523ca7b567e4039f68ebeb59a1d79e73ffa76	unchanged_upstream_moved_under_code
isomorphisms/ir	80134ccd43e6fa859772b4838c53ebac96a35b5c	code/src/gnuwin32/getline/wc_history.c	e20d815cb8e93147810fea0a590c1ed5c89dd7c3	wch/r-source	3da432e44c5ab99eef6da071183fa0ff315381f1	src/gnuwin32/getline/wc_history.c	e20d815cb8e93147810fea0a590c1ed5c89dd7c3	unchanged_upstream_moved_under_code
isomorphisms/ir	80134ccd43e6fa859772b4838c53ebac96a35b5c	code/src/gnuwin32/getline/wc_history.h	0f3639115555147100789324aa69608504b0f032	wch/r-source	3da432e44c5ab99eef6da071183fa0ff315381f1	src/gnuwin32/getline/wc_history.h	0f3639115555147100789324aa69608504b0f032	unchanged_upstream_moved_under_code
isomorphisms/ir	80134ccd43e6fa859772b4838c53ebac96a35b5c	code/src/gnuwin32/guicolors.h	342f4d35043e580406df7042eb887e7678f65967	wch/r-source	3da432e44c5ab99eef6da071183fa0ff315381f1	src/gnuwin32/guicolors.h	342f4d35043e580406df7042eb887e7678f65967	unchanged_upstream_moved_under_code
isomorphisms/ir	80134ccd43e6fa859772b4838c53ebac96a35b5c	code/src/gnuwin32/installer/uuidgen.c	7c2baf472efe95852f45967bf804f1430c8cce60	wch/r-source	3da432e44c5ab99eef6da071183fa0ff315381f1	src/gnuwin32/installer/uuidgen.c	7c2baf472efe95852f45967bf804f1430c8cce60	unchanged_upstream_moved_under_code
isomorphisms/ir	80134ccd43e6fa859772b4838c53ebac96a35b5c	code/src/gnuwin32/opt.c	1c84f11f54f8e06d183d42341e5d7858086d79c3	wch/r-source	3da432e44c5ab99eef6da071183fa0ff315381f1	src/gnuwin32/opt.c	1c84f11f54f8e06d183d42341e5d7858086d79c3	unchanged_upstream_moved_under_code
isomorphisms/ir	80134ccd43e6fa859772b4838c53ebac96a35b5c	code/src/gnuwin32/opt.h	9c0bcf91da948f5d096ae547f9d25a0869715a09	wch/r-source	3da432e44c5ab99eef6da071183fa0ff315381f1	src/gnuwin32/opt.h	9c0bcf91da948f5d096ae547f9d25a0869715a09	unchanged_upstream_moved_under_code
isomorphisms/ir	80134ccd43e6fa859772b4838c53ebac96a35b5c	code/src/gnuwin32/pager.c	578beb3456ea0dd06997f55c35df9869c7bc623e	wch/r-source	3da432e44c5ab99eef6da071183fa0ff315381f1	src/gnuwin32/pager.c	578beb3456ea0dd06997f55c35df9869c7bc623e	unchanged_upstream_moved_under_code
isomorphisms/ir	80134ccd43e6fa859772b4838c53ebac96a35b5c	code/src/gnuwin32/preferences.c	533f40c889dc4b8bf47e7d16708be53a350ebbd2	wch/r-source	3da432e44c5ab99eef6da071183fa0ff315381f1	src/gnuwin32/preferences.c	533f40c889dc4b8bf47e7d16708be53a350ebbd2	unchanged_upstream_moved_under_code
isomorphisms/ir	80134ccd43e6fa859772b4838c53ebac96a35b5c	code/src/gnuwin32/preferences.h	19f6eeb015a0273c1a39e9735279c1416e8d1093	wch/r-source	3da432e44c5ab99eef6da071183fa0ff315381f1	src/gnuwin32/preferences.h	19f6eeb015a0273c1a39e9735279c1416e8d1093	unchanged_upstream_moved_under_code
isomorphisms/ir	80134ccd43e6fa859772b4838c53ebac96a35b5c	code/src/gnuwin32/psignal.c	98cb875b75bb9b1064a7f48037548883dc753535	wch/r-source	3da432e44c5ab99eef6da071183fa0ff315381f1	src/gnuwin32/psignal.c	98cb875b75bb9b1064a7f48037548883dc753535	unchanged_upstream_moved_under_code
isomorphisms/ir	80134ccd43e6fa859772b4838c53ebac96a35b5c	code/src/gnuwin32/rgui_UTF8.h	e26b4f4c4f11b1befb8d85a705018d70c101f4b6	wch/r-source	3da432e44c5ab99eef6da071183fa0ff315381f1	src/gnuwin32/rgui_UTF8.h	e26b4f4c4f11b1befb8d85a705018d70c101f4b6	unchanged_upstream_moved_under_code
isomorphisms/ir	80134ccd43e6fa859772b4838c53ebac96a35b5c	code/src/gnuwin32/rhome.c	70e3d505a7b32bf1a26d5ce2dc98fbc925134ad3	wch/r-source	3da432e44c5ab99eef6da071183fa0ff315381f1	src/gnuwin32/rhome.c	70e3d505a7b32bf1a26d5ce2dc98fbc925134ad3	unchanged_upstream_moved_under_code
isomorphisms/ir	80134ccd43e6fa859772b4838c53ebac96a35b5c	code/src/gnuwin32/rt_complete.c	2a7ecb62ae61165d89f4a4f8392fbe38a18b320d	wch/r-source	3da432e44c5ab99eef6da071183fa0ff315381f1	src/gnuwin32/rt_complete.c	2a7ecb62ae61165d89f4a4f8392fbe38a18b320d	unchanged_upstream_moved_under_code
isomorphisms/ir	80134ccd43e6fa859772b4838c53ebac96a35b5c	code/src/gnuwin32/rui.c	7c7e59a890db6f819ac5511f7aa831a8fd0522ee	wch/r-source	3da432e44c5ab99eef6da071183fa0ff315381f1	src/gnuwin32/rui.c	0f920e9236c8fd3ce8271d9fc81bc7d241501bc6	owned_parser_or_string_changes_no_owned_arithmetic
isomorphisms/ir	80134ccd43e6fa859772b4838c53ebac96a35b5c	code/src/gnuwin32/rui.h	5266b62464ad826c15c18072a4120d5d6a7d88fd	wch/r-source	3da432e44c5ab99eef6da071183fa0ff315381f1	src/gnuwin32/rui.h	5266b62464ad826c15c18072a4120d5d6a7d88fd	unchanged_upstream_moved_under_code
isomorphisms/ir	80134ccd43e6fa859772b4838c53ebac96a35b5c	code/src/gnuwin32/run.c	474e7ed408cb98fdb5a5700be331548b5092c9e3	wch/r-source	3da432e44c5ab99eef6da071183fa0ff315381f1	src/gnuwin32/run.c	474e7ed408cb98fdb5a5700be331548b5092c9e3	unchanged_upstream_moved_under_code
isomorphisms/ir	80134ccd43e6fa859772b4838c53ebac96a35b5c	code/src/gnuwin32/run.h	c8247260ecf58ecc92ac1f0f0e6a5b425c01e62d	wch/r-source	3da432e44c5ab99eef6da071183fa0ff315381f1	src/gnuwin32/run.h	c8247260ecf58ecc92ac1f0f0e6a5b425c01e62d	unchanged_upstream_moved_under_code
isomorphisms/ir	80134ccd43e6fa859772b4838c53ebac96a35b5c	code/src/gnuwin32/shext.c	251006145e8c7197277392a9ca15c13f9571df24	wch/r-source	3da432e44c5ab99eef6da071183fa0ff315381f1	src/gnuwin32/shext.c	251006145e8c7197277392a9ca15c13f9571df24	unchanged_upstream_moved_under_code
isomorphisms/ir	80134ccd43e6fa859772b4838c53ebac96a35b5c	code/src/gnuwin32/sys-win32.c	1b497b62738c6143ba5d2d39f742fea6076c9642	wch/r-source	3da432e44c5ab99eef6da071183fa0ff315381f1	src/gnuwin32/sys-win32.c	1b497b62738c6143ba5d2d39f742fea6076c9642	unchanged_upstream_moved_under_code
isomorphisms/ir	80134ccd43e6fa859772b4838c53ebac96a35b5c	code/src/gnuwin32/system.c	d5be15b8ade8ff6f997d205d3ca4a1f469712319	wch/r-source	3da432e44c5ab99eef6da071183fa0ff315381f1	src/gnuwin32/system.c	d5be15b8ade8ff6f997d205d3ca4a1f469712319	unchanged_upstream_moved_under_code
isomorphisms/ir	80134ccd43e6fa859772b4838c53ebac96a35b5c	code/src/gnuwin32/unicode/iconv.def	42134da7514073909365911afff4240116b6ff74	wch/r-source	3da432e44c5ab99eef6da071183fa0ff315381f1	src/gnuwin32/unicode/iconv.def	42134da7514073909365911afff4240116b6ff74	unchanged_upstream_moved_under_code
isomorphisms/ir	80134ccd43e6fa859772b4838c53ebac96a35b5c	code/src/gnuwin32/win-nls.h	37f86c840d9d3ce0927ae2f86e96083b5c70c2c9	wch/r-source	3da432e44c5ab99eef6da071183fa0ff315381f1	src/gnuwin32/win-nls.h	37f86c840d9d3ce0927ae2f86e96083b5c70c2c9	unchanged_upstream_moved_under_code
isomorphisms/ir	80134ccd43e6fa859772b4838c53ebac96a35b5c	code/src/gnuwin32/windlgs/src/ttest.c	1c1b91218156d4f9400a79a05a76a2deaa80848c	wch/r-source	3da432e44c5ab99eef6da071183fa0ff315381f1	src/gnuwin32/windlgs/src/ttest.c	1c1b91218156d4f9400a79a05a76a2deaa80848c	unchanged_upstream_moved_under_code
isomorphisms/ir	80134ccd43e6fa859772b4838c53ebac96a35b5c	code/src/include/Defn.h	474a2f1f3d56ec992cd692ab7695d3f5e8ca9041	wch/r-source	3da432e44c5ab99eef6da071183fa0ff315381f1	src/include/Defn.h	474a2f1f3d56ec992cd692ab7695d3f5e8ca9041	unchanged_upstream_moved_under_code
isomorphisms/ir	80134ccd43e6fa859772b4838c53ebac96a35b5c	code/src/include/Errormsg.h	ac6dba0ff6a661ba65a30584aed5ff1af6bad9ff	wch/r-source	3da432e44c5ab99eef6da071183fa0ff315381f1	src/include/Errormsg.h	ac6dba0ff6a661ba65a30584aed5ff1af6bad9ff	unchanged_upstream_moved_under_code
isomorphisms/ir	80134ccd43e6fa859772b4838c53ebac96a35b5c	code/src/include/Fileio.h	8433d28aa17abfc54589eb549f050401c86cb86a	wch/r-source	3da432e44c5ab99eef6da071183fa0ff315381f1	src/include/Fileio.h	8433d28aa17abfc54589eb549f050401c86cb86a	unchanged_upstream_moved_under_code
isomorphisms/ir	80134ccd43e6fa859772b4838c53ebac96a35b5c	code/src/include/Graphics.h	9c60a999a3779cd751dfc4350bb4930a0c899f3c	wch/r-source	3da432e44c5ab99eef6da071183fa0ff315381f1	src/include/Graphics.h	9c60a999a3779cd751dfc4350bb4930a0c899f3c	unchanged_upstream_moved_under_code
isomorphisms/ir	80134ccd43e6fa859772b4838c53ebac96a35b5c	code/src/include/GraphicsBase.h	e1122c57be3fa53f4e00e6597423008494f4c2cc	wch/r-source	3da432e44c5ab99eef6da071183fa0ff315381f1	src/include/GraphicsBase.h	e1122c57be3fa53f4e00e6597423008494f4c2cc	unchanged_upstream_moved_under_code
isomorphisms/ir	80134ccd43e6fa859772b4838c53ebac96a35b5c	code/src/include/Internal.h	53c9941deff393a0283d7d9e53d34e1f3ae7b5c6	wch/r-source	3da432e44c5ab99eef6da071183fa0ff315381f1	src/include/Internal.h	53c9941deff393a0283d7d9e53d34e1f3ae7b5c6	unchanged_upstream_moved_under_code
isomorphisms/ir	80134ccd43e6fa859772b4838c53ebac96a35b5c	code/src/include/IOStuff.h	1bc02c8146267aa63039b64339477e7aba95ff71	wch/r-source	3da432e44c5ab99eef6da071183fa0ff315381f1	src/include/IOStuff.h	1bc02c8146267aa63039b64339477e7aba95ff71	unchanged_upstream_moved_under_code
isomorphisms/ir	80134ccd43e6fa859772b4838c53ebac96a35b5c	code/src/include/Parse.h	08cf846b51e1e397b3ab04ad476bce637c2fbba7	wch/r-source	3da432e44c5ab99eef6da071183fa0ff315381f1	src/include/Parse.h	08cf846b51e1e397b3ab04ad476bce637c2fbba7	unchanged_upstream_moved_under_code
isomorphisms/ir	80134ccd43e6fa859772b4838c53ebac96a35b5c	code/src/include/Print.h	bd9dcc0b5a1bec869d1bbc737dda431a336ecc60	wch/r-source	3da432e44c5ab99eef6da071183fa0ff315381f1	src/include/Print.h	bd9dcc0b5a1bec869d1bbc737dda431a336ecc60	unchanged_upstream_moved_under_code
isomorphisms/ir	80134ccd43e6fa859772b4838c53ebac96a35b5c	code/src/include/PrtUtil.h	ce436754e989ff9fb49d331605dc1d163af6ed38	wch/r-source	3da432e44c5ab99eef6da071183fa0ff315381f1	src/include/PrtUtil.h	ce436754e989ff9fb49d331605dc1d163af6ed38	unchanged_upstream_moved_under_code
isomorphisms/ir	80134ccd43e6fa859772b4838c53ebac96a35b5c	code/src/include/R_ext/Altrep.h	0160dcc6968e2d13ae7cf1230df3b62411bfb5db	wch/r-source	3da432e44c5ab99eef6da071183fa0ff315381f1	src/include/R_ext/Altrep.h	0160dcc6968e2d13ae7cf1230df3b62411bfb5db	unchanged_upstream_moved_under_code
isomorphisms/ir	80134ccd43e6fa859772b4838c53ebac96a35b5c	code/src/include/R_ext/Applic.h	330aa1f38add9e7852a3f120bff71a920a011bd3	wch/r-source	3da432e44c5ab99eef6da071183fa0ff315381f1	src/include/R_ext/Applic.h	330aa1f38add9e7852a3f120bff71a920a011bd3	unchanged_upstream_moved_under_code
isomorphisms/ir	80134ccd43e6fa859772b4838c53ebac96a35b5c	code/src/include/R_ext/Arith.h	d1b9cec6bf73c572150ec6ba99348c9cd8db5a04	wch/r-source	3da432e44c5ab99eef6da071183fa0ff315381f1	src/include/R_ext/Arith.h	d1b9cec6bf73c572150ec6ba99348c9cd8db5a04	unchanged_upstream_moved_under_code
isomorphisms/ir	80134ccd43e6fa859772b4838c53ebac96a35b5c	code/src/include/R_ext/BLAS.h	2c6f636fba48c5b90464de823051bbdaae652ba9	wch/r-source	3da432e44c5ab99eef6da071183fa0ff315381f1	src/include/R_ext/BLAS.h	2c6f636fba48c5b90464de823051bbdaae652ba9	unchanged_upstream_moved_under_code
isomorphisms/ir	80134ccd43e6fa859772b4838c53ebac96a35b5c	code/src/include/R_ext/Boolean.h	810db9a53ef10c12aa595152b325cea2bf42db62	wch/r-source	3da432e44c5ab99eef6da071183fa0ff315381f1	src/include/R_ext/Boolean.h	810db9a53ef10c12aa595152b325cea2bf42db62	unchanged_upstream_moved_under_code
isomorphisms/ir	80134ccd43e6fa859772b4838c53ebac96a35b5c	code/src/include/R_ext/Callbacks.h	1c758389318811c79791d7393190c672b4b567b9	wch/r-source	3da432e44c5ab99eef6da071183fa0ff315381f1	src/include/R_ext/Callbacks.h	1c758389318811c79791d7393190c672b4b567b9	unchanged_upstream_moved_under_code
isomorphisms/ir	80134ccd43e6fa859772b4838c53ebac96a35b5c	code/src/include/R_ext/Complex.h	6d27ac70072f3db845a5dd0a89482ec5b77e074c	wch/r-source	3da432e44c5ab99eef6da071183fa0ff315381f1	src/include/R_ext/Complex.h	6d27ac70072f3db845a5dd0a89482ec5b77e074c	unchanged_upstream_moved_under_code
isomorphisms/ir	80134ccd43e6fa859772b4838c53ebac96a35b5c	code/src/include/R_ext/Connections.h	0d5287e45236832c82b87266c17ab850ba845653	wch/r-source	3da432e44c5ab99eef6da071183fa0ff315381f1	src/include/R_ext/Connections.h	0d5287e45236832c82b87266c17ab850ba845653	unchanged_upstream_moved_under_code
isomorphisms/ir	80134ccd43e6fa859772b4838c53ebac96a35b5c	code/src/include/R_ext/Constants.h	dca811bb5a5dcc7a9a3882d3266a25487bc20012	wch/r-source	3da432e44c5ab99eef6da071183fa0ff315381f1	src/include/R_ext/Constants.h	dca811bb5a5dcc7a9a3882d3266a25487bc20012	unchanged_upstream_moved_under_code
isomorphisms/ir	80134ccd43e6fa859772b4838c53ebac96a35b5c	code/src/include/R_ext/Error.h	b68506b0e12c1bf1c6a337dd159db0ee80145101	wch/r-source	3da432e44c5ab99eef6da071183fa0ff315381f1	src/include/R_ext/Error.h	b68506b0e12c1bf1c6a337dd159db0ee80145101	unchanged_upstream_moved_under_code
isomorphisms/ir	80134ccd43e6fa859772b4838c53ebac96a35b5c	code/src/include/R_ext/eventloop.h	d1dbee8584adf4ed55beb39a2e4ac08a7b443f22	wch/r-source	3da432e44c5ab99eef6da071183fa0ff315381f1	src/include/R_ext/eventloop.h	d1dbee8584adf4ed55beb39a2e4ac08a7b443f22	unchanged_upstream_moved_under_code
isomorphisms/ir	80134ccd43e6fa859772b4838c53ebac96a35b5c	code/src/include/R_ext/GetX11Image.h	07b4fd1b0069042a1c87908c98c1cacfe306ea1a	wch/r-source	3da432e44c5ab99eef6da071183fa0ff315381f1	src/include/R_ext/GetX11Image.h	07b4fd1b0069042a1c87908c98c1cacfe306ea1a	unchanged_upstream_moved_under_code
isomorphisms/ir	80134ccd43e6fa859772b4838c53ebac96a35b5c	code/src/include/R_ext/GraphicsDevice.h	3aa70c4942a5f822ca649b2ab43e5e018d10b1c5	wch/r-source	3da432e44c5ab99eef6da071183fa0ff315381f1	src/include/R_ext/GraphicsDevice.h	3aa70c4942a5f822ca649b2ab43e5e018d10b1c5	unchanged_upstream_moved_under_code
isomorphisms/ir	80134ccd43e6fa859772b4838c53ebac96a35b5c	code/src/include/R_ext/GraphicsEngine.h	0ceba221d2a485cd5b2ee0692f06c633ac8f3991	wch/r-source	3da432e44c5ab99eef6da071183fa0ff315381f1	src/include/R_ext/GraphicsEngine.h	0ceba221d2a485cd5b2ee0692f06c633ac8f3991	unchanged_upstream_moved_under_code
isomorphisms/ir	80134ccd43e6fa859772b4838c53ebac96a35b5c	code/src/include/R_ext/Itermacros.h	cafcb94464cb5576fa82973fc431002a23472f65	wch/r-source	3da432e44c5ab99eef6da071183fa0ff315381f1	src/include/R_ext/Itermacros.h	cafcb94464cb5576fa82973fc431002a23472f65	unchanged_upstream_moved_under_code
isomorphisms/ir	80134ccd43e6fa859772b4838c53ebac96a35b5c	code/src/include/R_ext/Lapack.h	46acaa527f9a59cdeb9287b8202f2fed7c3f3304	wch/r-source	3da432e44c5ab99eef6da071183fa0ff315381f1	src/include/R_ext/Lapack.h	46acaa527f9a59cdeb9287b8202f2fed7c3f3304	unchanged_upstream_moved_under_code
isomorphisms/ir	80134ccd43e6fa859772b4838c53ebac96a35b5c	code/src/include/R_ext/libextern.h	ad161132e6f53b138c0750001d11b82d8d78950b	wch/r-source	3da432e44c5ab99eef6da071183fa0ff315381f1	src/include/R_ext/libextern.h	ad161132e6f53b138c0750001d11b82d8d78950b	unchanged_upstream_moved_under_code
isomorphisms/ir	80134ccd43e6fa859772b4838c53ebac96a35b5c	code/src/include/R_ext/Linpack.h	d1307ff91d5c70e08af0e46299577c9f621d8595	wch/r-source	3da432e44c5ab99eef6da071183fa0ff315381f1	src/include/R_ext/Linpack.h	d1307ff91d5c70e08af0e46299577c9f621d8595	unchanged_upstream_moved_under_code
isomorphisms/ir	80134ccd43e6fa859772b4838c53ebac96a35b5c	code/src/include/R_ext/MathThreads.h	a520661ed98cbafc0d5acdede9624e0f63780b32	wch/r-source	3da432e44c5ab99eef6da071183fa0ff315381f1	src/include/R_ext/MathThreads.h	a520661ed98cbafc0d5acdede9624e0f63780b32	unchanged_upstream_moved_under_code
isomorphisms/ir	80134ccd43e6fa859772b4838c53ebac96a35b5c	code/src/include/R_ext/Memory.h	75963dd8a33e404720a4954348c17394c55ee3d9	wch/r-source	3da432e44c5ab99eef6da071183fa0ff315381f1	src/include/R_ext/Memory.h	75963dd8a33e404720a4954348c17394c55ee3d9	unchanged_upstream_moved_under_code
isomorphisms/ir	80134ccd43e6fa859772b4838c53ebac96a35b5c	code/src/include/R_ext/ObjectTable.h	480b55adadef11e101527306fba1fece74dd7619	wch/r-source	3da432e44c5ab99eef6da071183fa0ff315381f1	src/include/R_ext/ObjectTable.h	480b55adadef11e101527306fba1fece74dd7619	unchanged_upstream_moved_under_code
isomorphisms/ir	80134ccd43e6fa859772b4838c53ebac96a35b5c	code/src/include/R_ext/Parse.h	74499c6b284fe79fed2f087fc7c53019d033b2ed	wch/r-source	3da432e44c5ab99eef6da071183fa0ff315381f1	src/include/R_ext/Parse.h	74499c6b284fe79fed2f087fc7c53019d033b2ed	unchanged_upstream_moved_under_code
isomorphisms/ir	80134ccd43e6fa859772b4838c53ebac96a35b5c	code/src/include/R_ext/Print.h	1888b6faa878c2e58e358251e56afb4d0abaee7a	wch/r-source	3da432e44c5ab99eef6da071183fa0ff315381f1	src/include/R_ext/Print.h	1888b6faa878c2e58e358251e56afb4d0abaee7a	unchanged_upstream_moved_under_code
isomorphisms/ir	80134ccd43e6fa859772b4838c53ebac96a35b5c	code/src/include/R_ext/QuartzDevice.h	396b832ded7dfe796bd4ac5cd362c2d2587c2ef5	wch/r-source	3da432e44c5ab99eef6da071183fa0ff315381f1	src/include/R_ext/QuartzDevice.h	396b832ded7dfe796bd4ac5cd362c2d2587c2ef5	unchanged_upstream_moved_under_code
isomorphisms/ir	80134ccd43e6fa859772b4838c53ebac96a35b5c	code/src/include/R_ext/Rallocators.h	e475b2d09a7d6acd06c314dd4eda35d9e30d9c3d	wch/r-source	3da432e44c5ab99eef6da071183fa0ff315381f1	src/include/R_ext/Rallocators.h	e475b2d09a7d6acd06c314dd4eda35d9e30d9c3d	unchanged_upstream_moved_under_code
isomorphisms/ir	80134ccd43e6fa859772b4838c53ebac96a35b5c	code/src/include/R_ext/Random.h	eaf5839c37855cd5a9ad9f998f55b82a2cea9f2f	wch/r-source	3da432e44c5ab99eef6da071183fa0ff315381f1	src/include/R_ext/Random.h	eaf5839c37855cd5a9ad9f998f55b82a2cea9f2f	unchanged_upstream_moved_under_code
isomorphisms/ir	80134ccd43e6fa859772b4838c53ebac96a35b5c	code/src/include/R_ext/Rdynload.h	200366103ee20edd615186055a8defa06b6ed5c8	wch/r-source	3da432e44c5ab99eef6da071183fa0ff315381f1	src/include/R_ext/Rdynload.h	200366103ee20edd615186055a8defa06b6ed5c8	unchanged_upstream_moved_under_code
isomorphisms/ir	80134ccd43e6fa859772b4838c53ebac96a35b5c	code/src/include/R_ext/Riconv.h	74825367a68ca88729edf40a498776c0c7ebb900	wch/r-source	3da432e44c5ab99eef6da071183fa0ff315381f1	src/include/R_ext/Riconv.h	74825367a68ca88729edf40a498776c0c7ebb900	unchanged_upstream_moved_under_code
isomorphisms/ir	80134ccd43e6fa859772b4838c53ebac96a35b5c	code/src/include/R_ext/RS.h	7f3ae258cf7b4ac3ccfd55479e0e32c4d79c2fff	wch/r-source	3da432e44c5ab99eef6da071183fa0ff315381f1	src/include/R_ext/RS.h	7f3ae258cf7b4ac3ccfd55479e0e32c4d79c2fff	unchanged_upstream_moved_under_code
isomorphisms/ir	80134ccd43e6fa859772b4838c53ebac96a35b5c	code/src/include/R_ext/RStartup.h	89921ba81d81696fb20a895edffac4b62f843400	wch/r-source	3da432e44c5ab99eef6da071183fa0ff315381f1	src/include/R_ext/RStartup.h	89921ba81d81696fb20a895edffac4b62f843400	unchanged_upstream_moved_under_code
isomorphisms/ir	80134ccd43e6fa859772b4838c53ebac96a35b5c	code/src/include/R_ext/stats_package.h	1aea2fbdc665cc2258ab488bcda22c7ac78b3e90	wch/r-source	3da432e44c5ab99eef6da071183fa0ff315381f1	src/include/R_ext/stats_package.h	1aea2fbdc665cc2258ab488bcda22c7ac78b3e90	unchanged_upstream_moved_under_code
isomorphisms/ir	80134ccd43e6fa859772b4838c53ebac96a35b5c	code/src/include/R_ext/stats_stubs.h	a379dcc75460414c51c2b1c7dc8e2fe8c0e46afe	wch/r-source	3da432e44c5ab99eef6da071183fa0ff315381f1	src/include/R_ext/stats_stubs.h	a379dcc75460414c51c2b1c7dc8e2fe8c0e46afe	unchanged_upstream_moved_under_code
isomorphisms/ir	80134ccd43e6fa859772b4838c53ebac96a35b5c	code/src/include/R_ext/Utils.h	477739e3c6271e2e6005e9212da389b3e93399bd	wch/r-source	3da432e44c5ab99eef6da071183fa0ff315381f1	src/include/R_ext/Utils.h	477739e3c6271e2e6005e9212da389b3e93399bd	unchanged_upstream_moved_under_code
isomorphisms/ir	80134ccd43e6fa859772b4838c53ebac96a35b5c	code/src/include/R_ext/Visibility.h	9bfaef4d767b9e2e3267a33acabe6d6939d3079a	wch/r-source	3da432e44c5ab99eef6da071183fa0ff315381f1	src/include/R_ext/Visibility.h	9bfaef4d767b9e2e3267a33acabe6d6939d3079a	unchanged_upstream_moved_under_code
isomorphisms/ir	80134ccd43e6fa859772b4838c53ebac96a35b5c	code/src/include/R.h	43a4f192d90184ec07f2ae92b357995568e122ab	wch/r-source	3da432e44c5ab99eef6da071183fa0ff315381f1	src/include/R.h	43a4f192d90184ec07f2ae92b357995568e122ab	unchanged_upstream_moved_under_code
isomorphisms/ir	80134ccd43e6fa859772b4838c53ebac96a35b5c	code/src/include/Rconnections.h	ad7d5bcd2043c9b33b6e71de6c08cc123861cbd6	wch/r-source	3da432e44c5ab99eef6da071183fa0ff315381f1	src/include/Rconnections.h	ad7d5bcd2043c9b33b6e71de6c08cc123861cbd6	unchanged_upstream_moved_under_code
isomorphisms/ir	80134ccd43e6fa859772b4838c53ebac96a35b5c	code/src/include/Rdefines.h	73b87866ca6849a61ad28dd7717612e43a2125aa	wch/r-source	3da432e44c5ab99eef6da071183fa0ff315381f1	src/include/Rdefines.h	73b87866ca6849a61ad28dd7717612e43a2125aa	unchanged_upstream_moved_under_code
isomorphisms/ir	80134ccd43e6fa859772b4838c53ebac96a35b5c	code/src/include/Rdynpriv.h	7b914f8d6eb60f6553d3eae6e8f7a53f420e0fa6	wch/r-source	3da432e44c5ab99eef6da071183fa0ff315381f1	src/include/Rdynpriv.h	7b914f8d6eb60f6553d3eae6e8f7a53f420e0fa6	unchanged_upstream_moved_under_code
isomorphisms/ir	80134ccd43e6fa859772b4838c53ebac96a35b5c	code/src/include/Rembedded.h	3b35a4acb7830ad882701dcb43906c317d4ceff6	wch/r-source	3da432e44c5ab99eef6da071183fa0ff315381f1	src/include/Rembedded.h	3b35a4acb7830ad882701dcb43906c317d4ceff6	unchanged_upstream_moved_under_code
isomorphisms/ir	80134ccd43e6fa859772b4838c53ebac96a35b5c	code/src/include/Rgraphics.h	096ab27b92c4c1183f3102cba7604b0782acae3a	wch/r-source	3da432e44c5ab99eef6da071183fa0ff315381f1	src/include/Rgraphics.h	096ab27b92c4c1183f3102cba7604b0782acae3a	unchanged_upstream_moved_under_code
isomorphisms/ir	80134ccd43e6fa859772b4838c53ebac96a35b5c	code/src/include/Rinlinedfuns.h	444993c56b0934b5ece3d3113e391b0d981725b6	wch/r-source	3da432e44c5ab99eef6da071183fa0ff315381f1	src/include/Rinlinedfuns.h	6b004b7b0b5c7ae7bf8aa62922742ec9e0a555ac	owned_parser_or_string_changes_no_owned_arithmetic
isomorphisms/ir	80134ccd43e6fa859772b4838c53ebac96a35b5c	code/src/include/Rinterface.h	f992c3e7d465c4d275fc8023148ea087da872d79	wch/r-source	3da432e44c5ab99eef6da071183fa0ff315381f1	src/include/Rinterface.h	f992c3e7d465c4d275fc8023148ea087da872d79	unchanged_upstream_moved_under_code
isomorphisms/ir	80134ccd43e6fa859772b4838c53ebac96a35b5c	code/src/include/Rinternals.h	d06ca3fc9fd6a8a19d4f8af896672feb860250f9	wch/r-source	3da432e44c5ab99eef6da071183fa0ff315381f1	src/include/Rinternals.h	d06ca3fc9fd6a8a19d4f8af896672feb860250f9	unchanged_upstream_moved_under_code
isomorphisms/ir	80134ccd43e6fa859772b4838c53ebac96a35b5c	code/src/include/rlocale.h	1e9b736686bc4824697abf958789bc63ac9138e7	wch/r-source	3da432e44c5ab99eef6da071183fa0ff315381f1	src/include/rlocale.h	1e9b736686bc4824697abf958789bc63ac9138e7	unchanged_upstream_moved_under_code
isomorphisms/ir	80134ccd43e6fa859772b4838c53ebac96a35b5c	code/src/include/Rmodules/Rinternet.h	481541739f5c437ff5de04f7828cc38035ba3519	wch/r-source	3da432e44c5ab99eef6da071183fa0ff315381f1	src/include/Rmodules/Rinternet.h	481541739f5c437ff5de04f7828cc38035ba3519	unchanged_upstream_moved_under_code
isomorphisms/ir	80134ccd43e6fa859772b4838c53ebac96a35b5c	code/src/include/Rmodules/Rlapack.h	e192d27574fd3222d80eb8e0307d4f0ecb141f37	wch/r-source	3da432e44c5ab99eef6da071183fa0ff315381f1	src/include/Rmodules/Rlapack.h	e192d27574fd3222d80eb8e0307d4f0ecb141f37	unchanged_upstream_moved_under_code
isomorphisms/ir	80134ccd43e6fa859772b4838c53ebac96a35b5c	code/src/include/Rmodules/RX11.h	e63c1f5e2843e65931f1ffa58127cf65932743cb	wch/r-source	3da432e44c5ab99eef6da071183fa0ff315381f1	src/include/Rmodules/RX11.h	e63c1f5e2843e65931f1ffa58127cf65932743cb	unchanged_upstream_moved_under_code
isomorphisms/ir	80134ccd43e6fa859772b4838c53ebac96a35b5c	code/src/include/Startup.h	ed7fbc8eb3e02fba81a182a856b456576a50fdc1	wch/r-source	3da432e44c5ab99eef6da071183fa0ff315381f1	src/include/Startup.h	ed7fbc8eb3e02fba81a182a856b456576a50fdc1	unchanged_upstream_moved_under_code
isomorphisms/ir	80134ccd43e6fa859772b4838c53ebac96a35b5c	code/src/library/graphics/src/base.c	d3348c1c9244191456c530164b5978cc7dbe7a0a	wch/r-source	3da432e44c5ab99eef6da071183fa0ff315381f1	src/library/graphics/src/base.c	d3348c1c9244191456c530164b5978cc7dbe7a0a	unchanged_upstream_moved_under_code
isomorphisms/ir	80134ccd43e6fa859772b4838c53ebac96a35b5c	code/src/library/graphics/src/graphics.c	17bb7c27d4dfb3a52d261ab9e620335c41fae6f2	wch/r-source	3da432e44c5ab99eef6da071183fa0ff315381f1	src/library/graphics/src/graphics.c	17bb7c27d4dfb3a52d261ab9e620335c41fae6f2	unchanged_upstream_moved_under_code
isomorphisms/ir	80134ccd43e6fa859772b4838c53ebac96a35b5c	code/src/library/graphics/src/graphics.h	166f412b5243d226fb4e1f0ee7654fd10ecb5ccd	wch/r-source	3da432e44c5ab99eef6da071183fa0ff315381f1	src/library/graphics/src/graphics.h	166f412b5243d226fb4e1f0ee7654fd10ecb5ccd	unchanged_upstream_moved_under_code
isomorphisms/ir	80134ccd43e6fa859772b4838c53ebac96a35b5c	code/src/library/graphics/src/init.c	a5d1f7a4fe6ca6c8fb2c47fb5d89d9e7d2a22378	wch/r-source	3da432e44c5ab99eef6da071183fa0ff315381f1	src/library/graphics/src/init.c	a5d1f7a4fe6ca6c8fb2c47fb5d89d9e7d2a22378	unchanged_upstream_moved_under_code
isomorphisms/ir	80134ccd43e6fa859772b4838c53ebac96a35b5c	code/src/library/graphics/src/par-common.c	857e4ede784a7d9c86017c980b9c829f3456e5a3	wch/r-source	3da432e44c5ab99eef6da071183fa0ff315381f1	src/library/graphics/src/par-common.c	857e4ede784a7d9c86017c980b9c829f3456e5a3	unchanged_upstream_moved_under_code
isomorphisms/ir	80134ccd43e6fa859772b4838c53ebac96a35b5c	code/src/library/graphics/src/par.c	3193c8b85d2a84e04cf636b2f47f45422f4be81f	wch/r-source	3da432e44c5ab99eef6da071183fa0ff315381f1	src/library/graphics/src/par.c	3193c8b85d2a84e04cf636b2f47f45422f4be81f	unchanged_upstream_moved_under_code
isomorphisms/ir	80134ccd43e6fa859772b4838c53ebac96a35b5c	code/src/library/graphics/src/plot.c	c702e98a56804549ff62d1a1af0c0081d5943ecd	wch/r-source	3da432e44c5ab99eef6da071183fa0ff315381f1	src/library/graphics/src/plot.c	c702e98a56804549ff62d1a1af0c0081d5943ecd	unchanged_upstream_moved_under_code
isomorphisms/ir	80134ccd43e6fa859772b4838c53ebac96a35b5c	code/src/library/graphics/src/plot3d.c	06594e4a33b1b567a50e077c38ab9cc6b3553b1c	wch/r-source	3da432e44c5ab99eef6da071183fa0ff315381f1	src/library/graphics/src/plot3d.c	06594e4a33b1b567a50e077c38ab9cc6b3553b1c	unchanged_upstream_moved_under_code
isomorphisms/ir	80134ccd43e6fa859772b4838c53ebac96a35b5c	code/src/library/graphics/src/stem.c	329d2c1c60052959dd2177480d19141c7394f4d8	wch/r-source	3da432e44c5ab99eef6da071183fa0ff315381f1	src/library/graphics/src/stem.c	329d2c1c60052959dd2177480d19141c7394f4d8	unchanged_upstream_moved_under_code
isomorphisms/ir	80134ccd43e6fa859772b4838c53ebac96a35b5c	code/src/library/grDevices/src/axis_scales.c	b0a83d758b962104399f120630545dcb7453ff06	wch/r-source	3da432e44c5ab99eef6da071183fa0ff315381f1	src/library/grDevices/src/axis_scales.c	b0a83d758b962104399f120630545dcb7453ff06	unchanged_upstream_moved_under_code
isomorphisms/ir	80134ccd43e6fa859772b4838c53ebac96a35b5c	code/src/library/grDevices/src/cairo/cairoBM.c	24e2964c9dfe541beb4dc6969a188d37dfd710b4	wch/r-source	3da432e44c5ab99eef6da071183fa0ff315381f1	src/library/grDevices/src/cairo/cairoBM.c	24e2964c9dfe541beb4dc6969a188d37dfd710b4	unchanged_upstream_moved_under_code
isomorphisms/ir	80134ccd43e6fa859772b4838c53ebac96a35b5c	code/src/library/grDevices/src/cairo/cairoBM.h	8d57eee846be34a2de5417c2be932893f26de370	wch/r-source	3da432e44c5ab99eef6da071183fa0ff315381f1	src/library/grDevices/src/cairo/cairoBM.h	8d57eee846be34a2de5417c2be932893f26de370	unchanged_upstream_moved_under_code
isomorphisms/ir	80134ccd43e6fa859772b4838c53ebac96a35b5c	code/src/library/grDevices/src/cairo/cairoFns.c	602675d9eebd13dce7f2f6446bfd1a6a0e425681	wch/r-source	3da432e44c5ab99eef6da071183fa0ff315381f1	src/library/grDevices/src/cairo/cairoFns.c	602675d9eebd13dce7f2f6446bfd1a6a0e425681	unchanged_upstream_moved_under_code
isomorphisms/ir	80134ccd43e6fa859772b4838c53ebac96a35b5c	code/src/library/grDevices/src/chull.c	b442f372f1bf70dab65a5f0633b7d1c87f9529fe	wch/r-source	3da432e44c5ab99eef6da071183fa0ff315381f1	src/library/grDevices/src/chull.c	b442f372f1bf70dab65a5f0633b7d1c87f9529fe	unchanged_upstream_moved_under_code
isomorphisms/ir	80134ccd43e6fa859772b4838c53ebac96a35b5c	code/src/library/grDevices/src/clippath.c	71220b279bc1f6a6197a1c9fd9b4bf3a8fd26add	wch/r-source	3da432e44c5ab99eef6da071183fa0ff315381f1	src/library/grDevices/src/clippath.c	71220b279bc1f6a6197a1c9fd9b4bf3a8fd26add	unchanged_upstream_moved_under_code
isomorphisms/ir	80134ccd43e6fa859772b4838c53ebac96a35b5c	code/src/library/grDevices/src/colors.c	17b6ff9680c64c5ddab67f6a24be5d647ffedcae	wch/r-source	3da432e44c5ab99eef6da071183fa0ff315381f1	src/library/grDevices/src/colors.c	17b6ff9680c64c5ddab67f6a24be5d647ffedcae	unchanged_upstream_moved_under_code
isomorphisms/ir	80134ccd43e6fa859772b4838c53ebac96a35b5c	code/src/library/grDevices/src/devCairo.c	dbee380fdb0b2cb377ce707d6c87c8a7f3a325ab	wch/r-source	3da432e44c5ab99eef6da071183fa0ff315381f1	src/library/grDevices/src/devCairo.c	dbee380fdb0b2cb377ce707d6c87c8a7f3a325ab	unchanged_upstream_moved_under_code
isomorphisms/ir	80134ccd43e6fa859772b4838c53ebac96a35b5c	code/src/library/grDevices/src/devices.c	de4ea69b741c97d65d471962d8b478a2a7ede70c	wch/r-source	3da432e44c5ab99eef6da071183fa0ff315381f1	src/library/grDevices/src/devices.c	de4ea69b741c97d65d471962d8b478a2a7ede70c	unchanged_upstream_moved_under_code
isomorphisms/ir	80134ccd43e6fa859772b4838c53ebac96a35b5c	code/src/library/grDevices/src/devPicTeX.c	1c29ce3cd01adbb3669d71c2465543a818718b72	wch/r-source	3da432e44c5ab99eef6da071183fa0ff315381f1	src/library/grDevices/src/devPicTeX.c	1c29ce3cd01adbb3669d71c2465543a818718b72	unchanged_upstream_moved_under_code
isomorphisms/ir	80134ccd43e6fa859772b4838c53ebac96a35b5c	code/src/library/grDevices/src/devPS.c	36425457a7570ee6bbafef0716f477451cc798d6	wch/r-source	3da432e44c5ab99eef6da071183fa0ff315381f1	src/library/grDevices/src/devPS.c	36425457a7570ee6bbafef0716f477451cc798d6	unchanged_upstream_moved_under_code
isomorphisms/ir	80134ccd43e6fa859772b4838c53ebac96a35b5c	code/src/library/grDevices/src/devQuartz.c	fa1d3d135d7f31368a7f3291dba767235cea3698	wch/r-source	3da432e44c5ab99eef6da071183fa0ff315381f1	src/library/grDevices/src/devQuartz.c	fa1d3d135d7f31368a7f3291dba767235cea3698	unchanged_upstream_moved_under_code
isomorphisms/ir	80134ccd43e6fa859772b4838c53ebac96a35b5c	code/src/library/grDevices/src/devWindows.c	8aa3e7f075cfe75a4acab3f320c0c8cb7ca9935a	wch/r-source	3da432e44c5ab99eef6da071183fa0ff315381f1	src/library/grDevices/src/devWindows.c	8aa3e7f075cfe75a4acab3f320c0c8cb7ca9935a	unchanged_upstream_moved_under_code
isomorphisms/ir	80134ccd43e6fa859772b4838c53ebac96a35b5c	code/src/library/grDevices/src/devWindows.h	c63152ea76bae8f2f0edef22b1a70dedf5a5fc7a	wch/r-source	3da432e44c5ab99eef6da071183fa0ff315381f1	src/library/grDevices/src/devWindows.h	c63152ea76bae8f2f0edef22b1a70dedf5a5fc7a	unchanged_upstream_moved_under_code
isomorphisms/ir	80134ccd43e6fa859772b4838c53ebac96a35b5c	code/src/library/grDevices/src/grDevices.h	92f85059961b87ecfb680cea216befaf633e6e0b	wch/r-source	3da432e44c5ab99eef6da071183fa0ff315381f1	src/library/grDevices/src/grDevices.h	92f85059961b87ecfb680cea216befaf633e6e0b	unchanged_upstream_moved_under_code
isomorphisms/ir	80134ccd43e6fa859772b4838c53ebac96a35b5c	code/src/library/grDevices/src/group.c	61d5b7bed18bd4be16cbc3ef2d92ed269de7d596	wch/r-source	3da432e44c5ab99eef6da071183fa0ff315381f1	src/library/grDevices/src/group.c	61d5b7bed18bd4be16cbc3ef2d92ed269de7d596	unchanged_upstream_moved_under_code
isomorphisms/ir	80134ccd43e6fa859772b4838c53ebac96a35b5c	code/src/library/grDevices/src/init.c	48ab39cf9bd19fe3b980d716eaba5654b4e30df0	wch/r-source	3da432e44c5ab99eef6da071183fa0ff315381f1	src/library/grDevices/src/init.c	48ab39cf9bd19fe3b980d716eaba5654b4e30df0	unchanged_upstream_moved_under_code
isomorphisms/ir	80134ccd43e6fa859772b4838c53ebac96a35b5c	code/src/library/grDevices/src/mask.c	b32802ef2d7812907f38158583078bc2ca4516c5	wch/r-source	3da432e44c5ab99eef6da071183fa0ff315381f1	src/library/grDevices/src/mask.c	b32802ef2d7812907f38158583078bc2ca4516c5	unchanged_upstream_moved_under_code
isomorphisms/ir	80134ccd43e6fa859772b4838c53ebac96a35b5c	code/src/library/grDevices/src/patterns.c	3b0ed639f77fc821724e88c30bad546b2b45887a	wch/r-source	3da432e44c5ab99eef6da071183fa0ff315381f1	src/library/grDevices/src/patterns.c	3b0ed639f77fc821724e88c30bad546b2b45887a	unchanged_upstream_moved_under_code
isomorphisms/ir	80134ccd43e6fa859772b4838c53ebac96a35b5c	code/src/library/grDevices/src/qdBitmap.c	7d714e98afa9864a82c86d15b973451246c9dd5d	wch/r-source	3da432e44c5ab99eef6da071183fa0ff315381f1	src/library/grDevices/src/qdBitmap.c	7d714e98afa9864a82c86d15b973451246c9dd5d	unchanged_upstream_moved_under_code
isomorphisms/ir	80134ccd43e6fa859772b4838c53ebac96a35b5c	code/src/library/grDevices/src/qdBitmap.h	53170e6f3214f658b2f690db8ae43f35cd5bd30a	wch/r-source	3da432e44c5ab99eef6da071183fa0ff315381f1	src/library/grDevices/src/qdBitmap.h	53170e6f3214f658b2f690db8ae43f35cd5bd30a	unchanged_upstream_moved_under_code
isomorphisms/ir	80134ccd43e6fa859772b4838c53ebac96a35b5c	code/src/library/grDevices/src/qdCocoa.h	02d9cdda800147acaf5c94aa5b37f1bc091af74b	wch/r-source	3da432e44c5ab99eef6da071183fa0ff315381f1	src/library/grDevices/src/qdCocoa.h	02d9cdda800147acaf5c94aa5b37f1bc091af74b	unchanged_upstream_moved_under_code
isomorphisms/ir	80134ccd43e6fa859772b4838c53ebac96a35b5c	code/src/library/grDevices/src/qdPDF.c	a7d86884bb55b87154935039982eafea41882d0c	wch/r-source	3da432e44c5ab99eef6da071183fa0ff315381f1	src/library/grDevices/src/qdPDF.c	a7d86884bb55b87154935039982eafea41882d0c	unchanged_upstream_moved_under_code
isomorphisms/ir	80134ccd43e6fa859772b4838c53ebac96a35b5c	code/src/library/grDevices/src/qdPDF.h	24aa7573b6ed148bab1901fb17db8b3dff6afdd2	wch/r-source	3da432e44c5ab99eef6da071183fa0ff315381f1	src/library/grDevices/src/qdPDF.h	24aa7573b6ed148bab1901fb17db8b3dff6afdd2	unchanged_upstream_moved_under_code
isomorphisms/ir	80134ccd43e6fa859772b4838c53ebac96a35b5c	code/src/library/grDevices/src/stubs.c	0ddf81ff48c9a31f3fbbc881ea3b95f401cac537	wch/r-source	3da432e44c5ab99eef6da071183fa0ff315381f1	src/library/grDevices/src/stubs.c	0ddf81ff48c9a31f3fbbc881ea3b95f401cac537	unchanged_upstream_moved_under_code
isomorphisms/ir	80134ccd43e6fa859772b4838c53ebac96a35b5c	code/src/library/grDevices/src/winbitmap.c	ba53553d9ae50e2e72efc8159a905087f0156140	wch/r-source	3da432e44c5ab99eef6da071183fa0ff315381f1	src/library/grDevices/src/winbitmap.c	ba53553d9ae50e2e72efc8159a905087f0156140	unchanged_upstream_moved_under_code
isomorphisms/ir	80134ccd43e6fa859772b4838c53ebac96a35b5c	code/src/library/grDevices/src/winbitmap.h	362779b04fc83833913edcb74a8e9ff27844436e	wch/r-source	3da432e44c5ab99eef6da071183fa0ff315381f1	src/library/grDevices/src/winbitmap.h	362779b04fc83833913edcb74a8e9ff27844436e	unchanged_upstream_moved_under_code
isomorphisms/ir	80134ccd43e6fa859772b4838c53ebac96a35b5c	code/src/library/grid/src/clippath.c	f2d542e4b2bfcf189d9bf1b874097a1404eb29c0	wch/r-source	3da432e44c5ab99eef6da071183fa0ff315381f1	src/library/grid/src/clippath.c	f2d542e4b2bfcf189d9bf1b874097a1404eb29c0	unchanged_upstream_moved_under_code
isomorphisms/ir	80134ccd43e6fa859772b4838c53ebac96a35b5c	code/src/library/grid/src/gpar.c	a90ef30c9c3b40e347980373eaac4d19386b8cfc	wch/r-source	3da432e44c5ab99eef6da071183fa0ff315381f1	src/library/grid/src/gpar.c	a90ef30c9c3b40e347980373eaac4d19386b8cfc	unchanged_upstream_moved_under_code
isomorphisms/ir	80134ccd43e6fa859772b4838c53ebac96a35b5c	code/src/library/grid/src/grid-win.def	8ab14daf4a2c8f2c03d6378161c251e1a51e1545	wch/r-source	3da432e44c5ab99eef6da071183fa0ff315381f1	src/library/grid/src/grid-win.def	8ab14daf4a2c8f2c03d6378161c251e1a51e1545	unchanged_upstream_moved_under_code
isomorphisms/ir	80134ccd43e6fa859772b4838c53ebac96a35b5c	code/src/library/grid/src/grid.c	689186bffc72549ed58f18871f52c319d32ed9db	wch/r-source	3da432e44c5ab99eef6da071183fa0ff315381f1	src/library/grid/src/grid.c	689186bffc72549ed58f18871f52c319d32ed9db	unchanged_upstream_moved_under_code
isomorphisms/ir	80134ccd43e6fa859772b4838c53ebac96a35b5c	code/src/library/grid/src/grid.h	f71a7401f2c5ec62d1f05ed20002d999635c63be	wch/r-source	3da432e44c5ab99eef6da071183fa0ff315381f1	src/library/grid/src/grid.h	f71a7401f2c5ec62d1f05ed20002d999635c63be	unchanged_upstream_moved_under_code
isomorphisms/ir	80134ccd43e6fa859772b4838c53ebac96a35b5c	code/src/library/grid/src/just.c	3e9e5efb1350eb78dda5346bf81913421fe81f78	wch/r-source	3da432e44c5ab99eef6da071183fa0ff315381f1	src/library/grid/src/just.c	3e9e5efb1350eb78dda5346bf81913421fe81f78	unchanged_upstream_moved_under_code
isomorphisms/ir	80134ccd43e6fa859772b4838c53ebac96a35b5c	code/src/library/grid/src/layout.c	b0793f3f3c76fd8e06f5604268a1eda9db7a974e	wch/r-source	3da432e44c5ab99eef6da071183fa0ff315381f1	src/library/grid/src/layout.c	b0793f3f3c76fd8e06f5604268a1eda9db7a974e	unchanged_upstream_moved_under_code
isomorphisms/ir	80134ccd43e6fa859772b4838c53ebac96a35b5c	code/src/library/grid/src/mask.c	08c27efcd54b812bbcc4f2006e58a64eb93ab32d	wch/r-source	3da432e44c5ab99eef6da071183fa0ff315381f1	src/library/grid/src/mask.c	08c27efcd54b812bbcc4f2006e58a64eb93ab32d	unchanged_upstream_moved_under_code
isomorphisms/ir	80134ccd43e6fa859772b4838c53ebac96a35b5c	code/src/library/grid/src/matrix.c	a39b22631a777fb86b0edcc8aed7dca22a0ec29d	wch/r-source	3da432e44c5ab99eef6da071183fa0ff315381f1	src/library/grid/src/matrix.c	a39b22631a777fb86b0edcc8aed7dca22a0ec29d	unchanged_upstream_moved_under_code
isomorphisms/ir	80134ccd43e6fa859772b4838c53ebac96a35b5c	code/src/library/grid/src/path.c	a0dcad4b8ac2fc46a8b2d9b3eb4335eee4701c59	wch/r-source	3da432e44c5ab99eef6da071183fa0ff315381f1	src/library/grid/src/path.c	a0dcad4b8ac2fc46a8b2d9b3eb4335eee4701c59	unchanged_upstream_moved_under_code
isomorphisms/ir	80134ccd43e6fa859772b4838c53ebac96a35b5c	code/src/library/grid/src/register.c	d4beddc7ccb043cda97d340800df72ce7c5eecc1	wch/r-source	3da432e44c5ab99eef6da071183fa0ff315381f1	src/library/grid/src/register.c	d4beddc7ccb043cda97d340800df72ce7c5eecc1	unchanged_upstream_moved_under_code
isomorphisms/ir	80134ccd43e6fa859772b4838c53ebac96a35b5c	code/src/library/grid/src/state.c	ca4f6a095ee5790bd6addd44c92f7f7b1598ed93	wch/r-source	3da432e44c5ab99eef6da071183fa0ff315381f1	src/library/grid/src/state.c	ca4f6a095ee5790bd6addd44c92f7f7b1598ed93	unchanged_upstream_moved_under_code
isomorphisms/ir	80134ccd43e6fa859772b4838c53ebac96a35b5c	code/src/library/grid/src/typeset.c	82409499bae61ac43def61bf2d4c0335924d1041	wch/r-source	3da432e44c5ab99eef6da071183fa0ff315381f1	src/library/grid/src/typeset.c	82409499bae61ac43def61bf2d4c0335924d1041	unchanged_upstream_moved_under_code
isomorphisms/ir	80134ccd43e6fa859772b4838c53ebac96a35b5c	code/src/library/grid/src/unit.c	717c9f93c19a20f1c7e018da3adba69a27c6d160	wch/r-source	3da432e44c5ab99eef6da071183fa0ff315381f1	src/library/grid/src/unit.c	717c9f93c19a20f1c7e018da3adba69a27c6d160	unchanged_upstream_moved_under_code
isomorphisms/ir	80134ccd43e6fa859772b4838c53ebac96a35b5c	code/src/library/grid/src/util.c	ba0b1d35084c8e220f2e2358d529c850be57bcec	wch/r-source	3da432e44c5ab99eef6da071183fa0ff315381f1	src/library/grid/src/util.c	ba0b1d35084c8e220f2e2358d529c850be57bcec	unchanged_upstream_moved_under_code
isomorphisms/ir	80134ccd43e6fa859772b4838c53ebac96a35b5c	code/src/library/grid/src/viewport.c	b697f8e981593d25902b17d6815b2fde12534f6a	wch/r-source	3da432e44c5ab99eef6da071183fa0ff315381f1	src/library/grid/src/viewport.c	b697f8e981593d25902b17d6815b2fde12534f6a	unchanged_upstream_moved_under_code
isomorphisms/ir	80134ccd43e6fa859772b4838c53ebac96a35b5c	code/src/library/methods/src/class_support.c	cb6a80cf411134f09b234dc0270e488036f605c1	wch/r-source	3da432e44c5ab99eef6da071183fa0ff315381f1	src/library/methods/src/class_support.c	cb6a80cf411134f09b234dc0270e488036f605c1	unchanged_upstream_moved_under_code
isomorphisms/ir	80134ccd43e6fa859772b4838c53ebac96a35b5c	code/src/library/methods/src/do_substitute_direct.c	4cf754974c1f8914fcba50b2715a703f11ea77f4	wch/r-source	3da432e44c5ab99eef6da071183fa0ff315381f1	src/library/methods/src/do_substitute_direct.c	4cf754974c1f8914fcba50b2715a703f11ea77f4	unchanged_upstream_moved_under_code
isomorphisms/ir	80134ccd43e6fa859772b4838c53ebac96a35b5c	code/src/library/methods/src/init.c	b048a4df2843cef202d91c683a121922c0be9148	wch/r-source	3da432e44c5ab99eef6da071183fa0ff315381f1	src/library/methods/src/init.c	b048a4df2843cef202d91c683a121922c0be9148	unchanged_upstream_moved_under_code
isomorphisms/ir	80134ccd43e6fa859772b4838c53ebac96a35b5c	code/src/library/methods/src/methods_list_dispatch.c	9dad32793f30a1d30d4be574900f68f985a06719	wch/r-source	3da432e44c5ab99eef6da071183fa0ff315381f1	src/library/methods/src/methods_list_dispatch.c	9dad32793f30a1d30d4be574900f68f985a06719	unchanged_upstream_moved_under_code
isomorphisms/ir	80134ccd43e6fa859772b4838c53ebac96a35b5c	code/src/library/methods/src/methods.h	a65f667d9291b16f101d310529f95f1dd6d3d6d0	wch/r-source	3da432e44c5ab99eef6da071183fa0ff315381f1	src/library/methods/src/methods.h	a65f667d9291b16f101d310529f95f1dd6d3d6d0	unchanged_upstream_moved_under_code
isomorphisms/ir	80134ccd43e6fa859772b4838c53ebac96a35b5c	code/src/library/methods/src/RSMethods.h	d968e09614fbabf0a2fc995b25772ce05515ba66	wch/r-source	3da432e44c5ab99eef6da071183fa0ff315381f1	src/library/methods/src/RSMethods.h	d968e09614fbabf0a2fc995b25772ce05515ba66	unchanged_upstream_moved_under_code
isomorphisms/ir	80134ccd43e6fa859772b4838c53ebac96a35b5c	code/src/library/methods/src/slot.c	ad8092740b987e70bfb34ce8136cc98f469df384	wch/r-source	3da432e44c5ab99eef6da071183fa0ff315381f1	src/library/methods/src/slot.c	ad8092740b987e70bfb34ce8136cc98f469df384	unchanged_upstream_moved_under_code
isomorphisms/ir	80134ccd43e6fa859772b4838c53ebac96a35b5c	code/src/library/methods/src/tests.c	c272cdb3194a505f40ec0f04779d992a6964f168	wch/r-source	3da432e44c5ab99eef6da071183fa0ff315381f1	src/library/methods/src/tests.c	c272cdb3194a505f40ec0f04779d992a6964f168	unchanged_upstream_moved_under_code
isomorphisms/ir	80134ccd43e6fa859772b4838c53ebac96a35b5c	code/src/library/methods/src/utils.c	742bb1a39f192abd385739b24c1886f8c5903644	wch/r-source	3da432e44c5ab99eef6da071183fa0ff315381f1	src/library/methods/src/utils.c	742bb1a39f192abd385739b24c1886f8c5903644	unchanged_upstream_moved_under_code
isomorphisms/ir	80134ccd43e6fa859772b4838c53ebac96a35b5c	code/src/library/parallel/src/fork.c	41627ecc22765ab64378877dcb8b7628948a23de	wch/r-source	3da432e44c5ab99eef6da071183fa0ff315381f1	src/library/parallel/src/fork.c	41627ecc22765ab64378877dcb8b7628948a23de	unchanged_upstream_moved_under_code
isomorphisms/ir	80134ccd43e6fa859772b4838c53ebac96a35b5c	code/src/library/parallel/src/glpi.h	4957b8aa719169be2001bf3e470d16f9da70f067	wch/r-source	3da432e44c5ab99eef6da071183fa0ff315381f1	src/library/parallel/src/glpi.h	4957b8aa719169be2001bf3e470d16f9da70f067	unchanged_upstream_moved_under_code
isomorphisms/ir	80134ccd43e6fa859772b4838c53ebac96a35b5c	code/src/library/parallel/src/init.c	5b64f54b81ef21c51a9d6a002886c44bcacfdd70	wch/r-source	3da432e44c5ab99eef6da071183fa0ff315381f1	src/library/parallel/src/init.c	5b64f54b81ef21c51a9d6a002886c44bcacfdd70	unchanged_upstream_moved_under_code
isomorphisms/ir	80134ccd43e6fa859772b4838c53ebac96a35b5c	code/src/library/parallel/src/ncpus.c	ac97ef03740a51bb64333e698083d2c0ca11885a	wch/r-source	3da432e44c5ab99eef6da071183fa0ff315381f1	src/library/parallel/src/ncpus.c	ac97ef03740a51bb64333e698083d2c0ca11885a	unchanged_upstream_moved_under_code
isomorphisms/ir	80134ccd43e6fa859772b4838c53ebac96a35b5c	code/src/library/parallel/src/parallel.h	481a680a4b23a28d261ac78765e837b2eaa3fcf2	wch/r-source	3da432e44c5ab99eef6da071183fa0ff315381f1	src/library/parallel/src/parallel.h	481a680a4b23a28d261ac78765e837b2eaa3fcf2	unchanged_upstream_moved_under_code
isomorphisms/ir	80134ccd43e6fa859772b4838c53ebac96a35b5c	code/src/library/parallel/src/rngstream.c	3de81fbbcb3ba84bbb7efdae17b4cdc5775c338f	wch/r-source	3da432e44c5ab99eef6da071183fa0ff315381f1	src/library/parallel/src/rngstream.c	3de81fbbcb3ba84bbb7efdae17b4cdc5775c338f	unchanged_upstream_moved_under_code
isomorphisms/ir	80134ccd43e6fa859772b4838c53ebac96a35b5c	code/src/library/splines/src/splines.c	53f116a4314ce855608e1276357cce321f48925d	wch/r-source	3da432e44c5ab99eef6da071183fa0ff315381f1	src/library/splines/src/splines.c	53f116a4314ce855608e1276357cce321f48925d	unchanged_upstream_moved_under_code
isomorphisms/ir	80134ccd43e6fa859772b4838c53ebac96a35b5c	code/src/library/stats/src/ansari.c	d45fa27d7862e50ad44728d50951862ec3ccdafe	wch/r-source	3da432e44c5ab99eef6da071183fa0ff315381f1	src/library/stats/src/ansari.c	d45fa27d7862e50ad44728d50951862ec3ccdafe	unchanged_upstream_moved_under_code
isomorphisms/ir	80134ccd43e6fa859772b4838c53ebac96a35b5c	code/src/library/stats/src/approx.c	640eae74e43e8436d1d1582c07ece09029640846	wch/r-source	3da432e44c5ab99eef6da071183fa0ff315381f1	src/library/stats/src/approx.c	640eae74e43e8436d1d1582c07ece09029640846	unchanged_upstream_moved_under_code
isomorphisms/ir	80134ccd43e6fa859772b4838c53ebac96a35b5c	code/src/library/stats/src/arima.c	da35939bec259f6d14a987315921fb5e623a644f	wch/r-source	3da432e44c5ab99eef6da071183fa0ff315381f1	src/library/stats/src/arima.c	da35939bec259f6d14a987315921fb5e623a644f	unchanged_upstream_moved_under_code
isomorphisms/ir	80134ccd43e6fa859772b4838c53ebac96a35b5c	code/src/library/stats/src/bandwidths.c	f7d2ba24e8e39358995822284c26b8945c07ab7e	wch/r-source	3da432e44c5ab99eef6da071183fa0ff315381f1	src/library/stats/src/bandwidths.c	f7d2ba24e8e39358995822284c26b8945c07ab7e	unchanged_upstream_moved_under_code
isomorphisms/ir	80134ccd43e6fa859772b4838c53ebac96a35b5c	code/src/library/stats/src/burg.c	df4e81423599b1d03c3e82fdf739743267116dc4	wch/r-source	3da432e44c5ab99eef6da071183fa0ff315381f1	src/library/stats/src/burg.c	df4e81423599b1d03c3e82fdf739743267116dc4	unchanged_upstream_moved_under_code
isomorphisms/ir	80134ccd43e6fa859772b4838c53ebac96a35b5c	code/src/library/stats/src/chisqsim.c	858add7178b1df69c0d06e049e238a63ad9fc8ad	wch/r-source	3da432e44c5ab99eef6da071183fa0ff315381f1	src/library/stats/src/chisqsim.c	858add7178b1df69c0d06e049e238a63ad9fc8ad	unchanged_upstream_moved_under_code
isomorphisms/ir	80134ccd43e6fa859772b4838c53ebac96a35b5c	code/src/library/stats/src/complete_cases.c	62df890154bbb6bd565dec57949becfa4a03ef52	wch/r-source	3da432e44c5ab99eef6da071183fa0ff315381f1	src/library/stats/src/complete_cases.c	62df890154bbb6bd565dec57949becfa4a03ef52	unchanged_upstream_moved_under_code
isomorphisms/ir	80134ccd43e6fa859772b4838c53ebac96a35b5c	code/src/library/stats/src/cov_kendall.c	ee712a26b69b1236142ee421a64f5e9b8f9a015f	wch/r-source	3da432e44c5ab99eef6da071183fa0ff315381f1	src/library/stats/src/cov_kendall.c	ee712a26b69b1236142ee421a64f5e9b8f9a015f	unchanged_upstream_moved_under_code
isomorphisms/ir	80134ccd43e6fa859772b4838c53ebac96a35b5c	code/src/library/stats/src/cov.c	aa11175b25b6fe4126acb95cb8305a039d544d99	wch/r-source	3da432e44c5ab99eef6da071183fa0ff315381f1	src/library/stats/src/cov.c	aa11175b25b6fe4126acb95cb8305a039d544d99	unchanged_upstream_moved_under_code
isomorphisms/ir	80134ccd43e6fa859772b4838c53ebac96a35b5c	code/src/library/stats/src/d2x2xk.c	0047ee6f35e8819ccddaeec3e5fc0c27312b1092	wch/r-source	3da432e44c5ab99eef6da071183fa0ff315381f1	src/library/stats/src/d2x2xk.c	0047ee6f35e8819ccddaeec3e5fc0c27312b1092	unchanged_upstream_moved_under_code
isomorphisms/ir	80134ccd43e6fa859772b4838c53ebac96a35b5c	code/src/library/stats/src/dblcen.c	3131bb7cd1e1b981f1a4c6b25e256a989b54ade7	wch/r-source	3da432e44c5ab99eef6da071183fa0ff315381f1	src/library/stats/src/dblcen.c	3131bb7cd1e1b981f1a4c6b25e256a989b54ade7	unchanged_upstream_moved_under_code
isomorphisms/ir	80134ccd43e6fa859772b4838c53ebac96a35b5c	code/src/library/stats/src/deriv.c	4affec26a04de7fa9b27d9a6127f886fa56f0800	wch/r-source	3da432e44c5ab99eef6da071183fa0ff315381f1	src/library/stats/src/deriv.c	4affec26a04de7fa9b27d9a6127f886fa56f0800	unchanged_upstream_moved_under_code
isomorphisms/ir	80134ccd43e6fa859772b4838c53ebac96a35b5c	code/src/library/stats/src/distance.c	84458403526aa1f393d27fbeb59eaf4e7f73c661	wch/r-source	3da432e44c5ab99eef6da071183fa0ff315381f1	src/library/stats/src/distance.c	84458403526aa1f393d27fbeb59eaf4e7f73c661	unchanged_upstream_moved_under_code
isomorphisms/ir	80134ccd43e6fa859772b4838c53ebac96a35b5c	code/src/library/stats/src/distn.c	578a08dd6226d7427497ecbc916c3e2fd9a3f002	wch/r-source	3da432e44c5ab99eef6da071183fa0ff315381f1	src/library/stats/src/distn.c	578a08dd6226d7427497ecbc916c3e2fd9a3f002	unchanged_upstream_moved_under_code
isomorphisms/ir	80134ccd43e6fa859772b4838c53ebac96a35b5c	code/src/library/stats/src/family.c	542f0f3c9fc157225058d817ebeee623cce987f6	wch/r-source	3da432e44c5ab99eef6da071183fa0ff315381f1	src/library/stats/src/family.c	542f0f3c9fc157225058d817ebeee623cce987f6	unchanged_upstream_moved_under_code
isomorphisms/ir	80134ccd43e6fa859772b4838c53ebac96a35b5c	code/src/library/stats/src/fexact.c	2765ce6908c98c766721cc42a862a22c8b275679	wch/r-source	3da432e44c5ab99eef6da071183fa0ff315381f1	src/library/stats/src/fexact.c	2765ce6908c98c766721cc42a862a22c8b275679	unchanged_upstream_moved_under_code
isomorphisms/ir	80134ccd43e6fa859772b4838c53ebac96a35b5c	code/src/library/stats/src/fft.c	58370669e02d7d078ca6532fc71a7c70faaf2ace	wch/r-source	3da432e44c5ab99eef6da071183fa0ff315381f1	src/library/stats/src/fft.c	58370669e02d7d078ca6532fc71a7c70faaf2ace	unchanged_upstream_moved_under_code
isomorphisms/ir	80134ccd43e6fa859772b4838c53ebac96a35b5c	code/src/library/stats/src/filter.c	e94ee7c50368f9d4c700fdca31fb2e680a4aeafe	wch/r-source	3da432e44c5ab99eef6da071183fa0ff315381f1	src/library/stats/src/filter.c	e94ee7c50368f9d4c700fdca31fb2e680a4aeafe	unchanged_upstream_moved_under_code
isomorphisms/ir	80134ccd43e6fa859772b4838c53ebac96a35b5c	code/src/library/stats/src/fourier.c	13db86c0e1264cd78a4bb228e0265dd21a7d7d32	wch/r-source	3da432e44c5ab99eef6da071183fa0ff315381f1	src/library/stats/src/fourier.c	13db86c0e1264cd78a4bb228e0265dd21a7d7d32	unchanged_upstream_moved_under_code
isomorphisms/ir	80134ccd43e6fa859772b4838c53ebac96a35b5c	code/src/library/stats/src/hclust-utils.c	cc0475a6a8b265aa81c38418b4f8c775ea210841	wch/r-source	3da432e44c5ab99eef6da071183fa0ff315381f1	src/library/stats/src/hclust-utils.c	cc0475a6a8b265aa81c38418b4f8c775ea210841	unchanged_upstream_moved_under_code
isomorphisms/ir	80134ccd43e6fa859772b4838c53ebac96a35b5c	code/src/library/stats/src/HoltWinters.c	ca87cce4e31c02560be66a9dfb393b7d224f02ec	wch/r-source	3da432e44c5ab99eef6da071183fa0ff315381f1	src/library/stats/src/HoltWinters.c	ca87cce4e31c02560be66a9dfb393b7d224f02ec	unchanged_upstream_moved_under_code
isomorphisms/ir	80134ccd43e6fa859772b4838c53ebac96a35b5c	code/src/library/stats/src/influence.c	15c05435a1c5e6ab43a4bb99ff139e6fb7b7f5dd	wch/r-source	3da432e44c5ab99eef6da071183fa0ff315381f1	src/library/stats/src/influence.c	15c05435a1c5e6ab43a4bb99ff139e6fb7b7f5dd	unchanged_upstream_moved_under_code
isomorphisms/ir	80134ccd43e6fa859772b4838c53ebac96a35b5c	code/src/library/stats/src/init.c	1616c2bce6470f1eea01c0d8acbdff0f2978b431	wch/r-source	3da432e44c5ab99eef6da071183fa0ff315381f1	src/library/stats/src/init.c	1616c2bce6470f1eea01c0d8acbdff0f2978b431	unchanged_upstream_moved_under_code
isomorphisms/ir	80134ccd43e6fa859772b4838c53ebac96a35b5c	code/src/library/stats/src/integrate.c	15af136453c0a38c12176fc6fec4e796439b62b2	wch/r-source	3da432e44c5ab99eef6da071183fa0ff315381f1	src/library/stats/src/integrate.c	15af136453c0a38c12176fc6fec4e796439b62b2	unchanged_upstream_moved_under_code
isomorphisms/ir	80134ccd43e6fa859772b4838c53ebac96a35b5c	code/src/library/stats/src/isoreg.c	bac3ed3f3d4cd1f0405f07eb49f37b299b8e9034	wch/r-source	3da432e44c5ab99eef6da071183fa0ff315381f1	src/library/stats/src/isoreg.c	bac3ed3f3d4cd1f0405f07eb49f37b299b8e9034	unchanged_upstream_moved_under_code
isomorphisms/ir	80134ccd43e6fa859772b4838c53ebac96a35b5c	code/src/library/stats/src/kendall.c	df2e878a2605a672f2bc50385b9df36d1c6c86c7	wch/r-source	3da432e44c5ab99eef6da071183fa0ff315381f1	src/library/stats/src/kendall.c	df2e878a2605a672f2bc50385b9df36d1c6c86c7	unchanged_upstream_moved_under_code
isomorphisms/ir	80134ccd43e6fa859772b4838c53ebac96a35b5c	code/src/library/stats/src/kmeans.c	6717def0211335257ccfdc4466f411074ed290e5	wch/r-source	3da432e44c5ab99eef6da071183fa0ff315381f1	src/library/stats/src/kmeans.c	6717def0211335257ccfdc4466f411074ed290e5	unchanged_upstream_moved_under_code
isomorphisms/ir	80134ccd43e6fa859772b4838c53ebac96a35b5c	code/src/library/stats/src/ks.c	872e7d6a116783060f4c071b45891217c3213281	wch/r-source	3da432e44c5ab99eef6da071183fa0ff315381f1	src/library/stats/src/ks.c	872e7d6a116783060f4c071b45891217c3213281	unchanged_upstream_moved_under_code
isomorphisms/ir	80134ccd43e6fa859772b4838c53ebac96a35b5c	code/src/library/stats/src/ksmooth.c	3160047e3ebc5f69d43f733e5eb0c0311faab990	wch/r-source	3da432e44c5ab99eef6da071183fa0ff315381f1	src/library/stats/src/ksmooth.c	3160047e3ebc5f69d43f733e5eb0c0311faab990	unchanged_upstream_moved_under_code
isomorphisms/ir	80134ccd43e6fa859772b4838c53ebac96a35b5c	code/src/library/stats/src/line.c	b5665b333535910d04969c6ed6c0ad99802283d6	wch/r-source	3da432e44c5ab99eef6da071183fa0ff315381f1	src/library/stats/src/line.c	b5665b333535910d04969c6ed6c0ad99802283d6	unchanged_upstream_moved_under_code
isomorphisms/ir	80134ccd43e6fa859772b4838c53ebac96a35b5c	code/src/library/stats/src/lm.c	e91a260f8a08602b2d449ff441752897c19decec	wch/r-source	3da432e44c5ab99eef6da071183fa0ff315381f1	src/library/stats/src/lm.c	e91a260f8a08602b2d449ff441752897c19decec	unchanged_upstream_moved_under_code
isomorphisms/ir	80134ccd43e6fa859772b4838c53ebac96a35b5c	code/src/library/stats/src/loessc.c	eddfaf7390ea67b2dd837892d57df682cd55fb4d	wch/r-source	3da432e44c5ab99eef6da071183fa0ff315381f1	src/library/stats/src/loessc.c	eddfaf7390ea67b2dd837892d57df682cd55fb4d	unchanged_upstream_moved_under_code
isomorphisms/ir	80134ccd43e6fa859772b4838c53ebac96a35b5c	code/src/library/stats/src/loglin.c	a6adcd317f828ef06f6ca3ed869b0d9d0a2f1f98	wch/r-source	3da432e44c5ab99eef6da071183fa0ff315381f1	src/library/stats/src/loglin.c	a6adcd317f828ef06f6ca3ed869b0d9d0a2f1f98	unchanged_upstream_moved_under_code
isomorphisms/ir	80134ccd43e6fa859772b4838c53ebac96a35b5c	code/src/library/stats/src/lowess.c	91a86b9b86c97238d17b6e5c3228e889057000f5	wch/r-source	3da432e44c5ab99eef6da071183fa0ff315381f1	src/library/stats/src/lowess.c	91a86b9b86c97238d17b6e5c3228e889057000f5	unchanged_upstream_moved_under_code
isomorphisms/ir	80134ccd43e6fa859772b4838c53ebac96a35b5c	code/src/library/stats/src/mAR.c	914d6ba4859536372519445749aa6c18acbc41a3	wch/r-source	3da432e44c5ab99eef6da071183fa0ff315381f1	src/library/stats/src/mAR.c	914d6ba4859536372519445749aa6c18acbc41a3	unchanged_upstream_moved_under_code
isomorphisms/ir	80134ccd43e6fa859772b4838c53ebac96a35b5c	code/src/library/stats/src/massdist.c	fb69a3a841232fc7cedc4296ab545aa59eb8f972	wch/r-source	3da432e44c5ab99eef6da071183fa0ff315381f1	src/library/stats/src/massdist.c	fb69a3a841232fc7cedc4296ab545aa59eb8f972	unchanged_upstream_moved_under_code
isomorphisms/ir	80134ccd43e6fa859772b4838c53ebac96a35b5c	code/src/library/stats/src/model.c	48440c5cb674224d85af11d866b9bffa6e49d787	wch/r-source	3da432e44c5ab99eef6da071183fa0ff315381f1	src/library/stats/src/model.c	48440c5cb674224d85af11d866b9bffa6e49d787	unchanged_upstream_moved_under_code
isomorphisms/ir	80134ccd43e6fa859772b4838c53ebac96a35b5c	code/src/library/stats/src/modreg.h	3cdef8268ea0892310f9da0c8d740bbfb6aafe99	wch/r-source	3da432e44c5ab99eef6da071183fa0ff315381f1	src/library/stats/src/modreg.h	3cdef8268ea0892310f9da0c8d740bbfb6aafe99	unchanged_upstream_moved_under_code
isomorphisms/ir	80134ccd43e6fa859772b4838c53ebac96a35b5c	code/src/library/stats/src/monoSpl.c	9759513847b8e2ab329801a21122e3186c763647	wch/r-source	3da432e44c5ab99eef6da071183fa0ff315381f1	src/library/stats/src/monoSpl.c	9759513847b8e2ab329801a21122e3186c763647	unchanged_upstream_moved_under_code
isomorphisms/ir	80134ccd43e6fa859772b4838c53ebac96a35b5c	code/src/library/stats/src/nls.c	959468cb2bf9c27bd095ba5884388b44b9ee070e	wch/r-source	3da432e44c5ab99eef6da071183fa0ff315381f1	src/library/stats/src/nls.c	959468cb2bf9c27bd095ba5884388b44b9ee070e	unchanged_upstream_moved_under_code
isomorphisms/ir	80134ccd43e6fa859772b4838c53ebac96a35b5c	code/src/library/stats/src/nls.h	3f78ed7fb168ff2c9c87e66af71ef6ee435394f8	wch/r-source	3da432e44c5ab99eef6da071183fa0ff315381f1	src/library/stats/src/nls.h	3f78ed7fb168ff2c9c87e66af71ef6ee435394f8	unchanged_upstream_moved_under_code
isomorphisms/ir	80134ccd43e6fa859772b4838c53ebac96a35b5c	code/src/library/stats/src/optim.c	db676a488f813c5e897b8d56cfc342be901ca7e6	wch/r-source	3da432e44c5ab99eef6da071183fa0ff315381f1	src/library/stats/src/optim.c	20ee1d832ef1e0993bf74ab28e5321c9e1bcd9b1	owned_parser_or_string_changes_no_owned_arithmetic
isomorphisms/ir	80134ccd43e6fa859772b4838c53ebac96a35b5c	code/src/library/stats/src/optimize.c	c8a5782bd5ec8d00d50eeac31109259855dcaeda	wch/r-source	3da432e44c5ab99eef6da071183fa0ff315381f1	src/library/stats/src/optimize.c	c8a5782bd5ec8d00d50eeac31109259855dcaeda	unchanged_upstream_moved_under_code
isomorphisms/ir	80134ccd43e6fa859772b4838c53ebac96a35b5c	code/src/library/stats/src/pacf.c	e0bf759d2710854e5e892c0101cf3354c28e8e76	wch/r-source	3da432e44c5ab99eef6da071183fa0ff315381f1	src/library/stats/src/pacf.c	e0bf759d2710854e5e892c0101cf3354c28e8e76	unchanged_upstream_moved_under_code
isomorphisms/ir	80134ccd43e6fa859772b4838c53ebac96a35b5c	code/src/library/stats/src/permdist.c	4688bab3ddc887c7c0be030c50ac1de0a8dafd46	wch/r-source	3da432e44c5ab99eef6da071183fa0ff315381f1	src/library/stats/src/permdist.c	4688bab3ddc887c7c0be030c50ac1de0a8dafd46	unchanged_upstream_moved_under_code
isomorphisms/ir	80134ccd43e6fa859772b4838c53ebac96a35b5c	code/src/library/stats/src/port.c	0bf755b579eaf919b7c4885a27f482f6d4adbe0e	wch/r-source	3da432e44c5ab99eef6da071183fa0ff315381f1	src/library/stats/src/port.c	0bf755b579eaf919b7c4885a27f482f6d4adbe0e	unchanged_upstream_moved_under_code
isomorphisms/ir	80134ccd43e6fa859772b4838c53ebac96a35b5c	code/src/library/stats/src/port.h	b3c9d93d2cbb59730760326518f8687c92697a0f	wch/r-source	3da432e44c5ab99eef6da071183fa0ff315381f1	src/library/stats/src/port.h	b3c9d93d2cbb59730760326518f8687c92697a0f	unchanged_upstream_moved_under_code
isomorphisms/ir	80134ccd43e6fa859772b4838c53ebac96a35b5c	code/src/library/stats/src/PPsum.c	74548027049f07f69242ff23a9149b49d280b02c	wch/r-source	3da432e44c5ab99eef6da071183fa0ff315381f1	src/library/stats/src/PPsum.c	74548027049f07f69242ff23a9149b49d280b02c	unchanged_upstream_moved_under_code
isomorphisms/ir	80134ccd43e6fa859772b4838c53ebac96a35b5c	code/src/library/stats/src/prho.c	fff520da9df36baef4ef42509bd7bded74f8bcdb	wch/r-source	3da432e44c5ab99eef6da071183fa0ff315381f1	src/library/stats/src/prho.c	fff520da9df36baef4ef42509bd7bded74f8bcdb	unchanged_upstream_moved_under_code
isomorphisms/ir	80134ccd43e6fa859772b4838c53ebac96a35b5c	code/src/library/stats/src/random.c	bab131e94486629883abc47c3ec9434f7abb4e8e	wch/r-source	3da432e44c5ab99eef6da071183fa0ff315381f1	src/library/stats/src/random.c	bab131e94486629883abc47c3ec9434f7abb4e8e	unchanged_upstream_moved_under_code
isomorphisms/ir	80134ccd43e6fa859772b4838c53ebac96a35b5c	code/src/library/stats/src/rcont.c	69e428fd97c4e7a88556773847ccc1cfd8cd3ebc	wch/r-source	3da432e44c5ab99eef6da071183fa0ff315381f1	src/library/stats/src/rcont.c	69e428fd97c4e7a88556773847ccc1cfd8cd3ebc	unchanged_upstream_moved_under_code
isomorphisms/ir	80134ccd43e6fa859772b4838c53ebac96a35b5c	code/src/library/stats/src/rWishart.c	f71c7723a9bfe3f34553a6f738418782f094f3a9	wch/r-source	3da432e44c5ab99eef6da071183fa0ff315381f1	src/library/stats/src/rWishart.c	f71c7723a9bfe3f34553a6f738418782f094f3a9	unchanged_upstream_moved_under_code
isomorphisms/ir	80134ccd43e6fa859772b4838c53ebac96a35b5c	code/src/library/stats/src/sbart.c	c4cb28f85bc727c81f7c0066e6e35798dd80f743	wch/r-source	3da432e44c5ab99eef6da071183fa0ff315381f1	src/library/stats/src/sbart.c	c4cb28f85bc727c81f7c0066e6e35798dd80f743	unchanged_upstream_moved_under_code
isomorphisms/ir	80134ccd43e6fa859772b4838c53ebac96a35b5c	code/src/library/stats/src/smooth.c	ea3385049500d2ff619f4cd3de93e6223d701d6b	wch/r-source	3da432e44c5ab99eef6da071183fa0ff315381f1	src/library/stats/src/smooth.c	ea3385049500d2ff619f4cd3de93e6223d701d6b	unchanged_upstream_moved_under_code
isomorphisms/ir	80134ccd43e6fa859772b4838c53ebac96a35b5c	code/src/library/stats/src/splines.c	23ef6e121284ce5488d371db6183122a8acbe31c	wch/r-source	3da432e44c5ab99eef6da071183fa0ff315381f1	src/library/stats/src/splines.c	23ef6e121284ce5488d371db6183122a8acbe31c	unchanged_upstream_moved_under_code
isomorphisms/ir	80134ccd43e6fa859772b4838c53ebac96a35b5c	code/src/library/stats/src/Srunmed.c	1dea23eff06098050e40603f130399730a4a2007	wch/r-source	3da432e44c5ab99eef6da071183fa0ff315381f1	src/library/stats/src/Srunmed.c	1dea23eff06098050e40603f130399730a4a2007	unchanged_upstream_moved_under_code
isomorphisms/ir	80134ccd43e6fa859772b4838c53ebac96a35b5c	code/src/library/stats/src/starma.c	fc39f07b13086c3e0418b461083485732196697b	wch/r-source	3da432e44c5ab99eef6da071183fa0ff315381f1	src/library/stats/src/starma.c	fc39f07b13086c3e0418b461083485732196697b	unchanged_upstream_moved_under_code
isomorphisms/ir	80134ccd43e6fa859772b4838c53ebac96a35b5c	code/src/library/stats/src/stats-win.def	3a5be6671919cbe05f05c50cb6a589d45709bfb9	wch/r-source	3da432e44c5ab99eef6da071183fa0ff315381f1	src/library/stats/src/stats-win.def	3a5be6671919cbe05f05c50cb6a589d45709bfb9	unchanged_upstream_moved_under_code
isomorphisms/ir	80134ccd43e6fa859772b4838c53ebac96a35b5c	code/src/library/stats/src/stats.h	cd8f416d8f1ca911d46c3ae6337540b919b6d585	wch/r-source	3da432e44c5ab99eef6da071183fa0ff315381f1	src/library/stats/src/stats.h	cd8f416d8f1ca911d46c3ae6337540b919b6d585	unchanged_upstream_moved_under_code
isomorphisms/ir	80134ccd43e6fa859772b4838c53ebac96a35b5c	code/src/library/stats/src/statsErr.h	f17a1719bbffda705eae31e6344f99ff4957fff4	wch/r-source	3da432e44c5ab99eef6da071183fa0ff315381f1	src/library/stats/src/statsErr.h	f17a1719bbffda705eae31e6344f99ff4957fff4	unchanged_upstream_moved_under_code
isomorphisms/ir	80134ccd43e6fa859772b4838c53ebac96a35b5c	code/src/library/stats/src/statsR.h	78b379ccce571034ba242aa67b88173b3db3bcf4	wch/r-source	3da432e44c5ab99eef6da071183fa0ff315381f1	src/library/stats/src/statsR.h	78b379ccce571034ba242aa67b88173b3db3bcf4	unchanged_upstream_moved_under_code
isomorphisms/ir	80134ccd43e6fa859772b4838c53ebac96a35b5c	code/src/library/stats/src/stl.c	5859f92f9fafaff80d998c30fe81385518005d86	wch/r-source	3da432e44c5ab99eef6da071183fa0ff315381f1	src/library/stats/src/stl.c	5859f92f9fafaff80d998c30fe81385518005d86	unchanged_upstream_moved_under_code
isomorphisms/ir	80134ccd43e6fa859772b4838c53ebac96a35b5c	code/src/library/stats/src/swilk.c	263ee6058708c79db4ef0ee61327b96f32cccf14	wch/r-source	3da432e44c5ab99eef6da071183fa0ff315381f1	src/library/stats/src/swilk.c	263ee6058708c79db4ef0ee61327b96f32cccf14	unchanged_upstream_moved_under_code
isomorphisms/ir	80134ccd43e6fa859772b4838c53ebac96a35b5c	code/src/library/stats/src/Trunmed.c	fe11672a9e7c7ed3d253bfc66dbdfdf0f549b0ec	wch/r-source	3da432e44c5ab99eef6da071183fa0ff315381f1	src/library/stats/src/Trunmed.c	fe11672a9e7c7ed3d253bfc66dbdfdf0f549b0ec	unchanged_upstream_moved_under_code
isomorphisms/ir	80134ccd43e6fa859772b4838c53ebac96a35b5c	code/src/library/stats/src/ts.h	f8f872531c6a7f7b6a531313413b3423ce5e298c	wch/r-source	3da432e44c5ab99eef6da071183fa0ff315381f1	src/library/stats/src/ts.h	f8f872531c6a7f7b6a531313413b3423ce5e298c	unchanged_upstream_moved_under_code
isomorphisms/ir	80134ccd43e6fa859772b4838c53ebac96a35b5c	code/src/library/stats/src/zeroin.c	8ddf2c73de67532d2212be7d16feec1df753ff0d	wch/r-source	3da432e44c5ab99eef6da071183fa0ff315381f1	src/library/stats/src/zeroin.c	8ddf2c73de67532d2212be7d16feec1df753ff0d	unchanged_upstream_moved_under_code
isomorphisms/ir	80134ccd43e6fa859772b4838c53ebac96a35b5c	code/src/library/tcltk/src/init.c	4cfaa4483b418c8d58a185601e470216a20b3e23	wch/r-source	3da432e44c5ab99eef6da071183fa0ff315381f1	src/library/tcltk/src/init.c	4cfaa4483b418c8d58a185601e470216a20b3e23	unchanged_upstream_moved_under_code
isomorphisms/ir	80134ccd43e6fa859772b4838c53ebac96a35b5c	code/src/library/tcltk/src/tcltk_unix.c	833e6cd4eba8a3ed7650e7b280eab7b2620b6c5f	wch/r-source	3da432e44c5ab99eef6da071183fa0ff315381f1	src/library/tcltk/src/tcltk_unix.c	833e6cd4eba8a3ed7650e7b280eab7b2620b6c5f	unchanged_upstream_moved_under_code
isomorphisms/ir	80134ccd43e6fa859772b4838c53ebac96a35b5c	code/src/library/tcltk/src/tcltk_win.c	d47bab9bb0c27e72d832020777b89fe97bf10abd	wch/r-source	3da432e44c5ab99eef6da071183fa0ff315381f1	src/library/tcltk/src/tcltk_win.c	d47bab9bb0c27e72d832020777b89fe97bf10abd	unchanged_upstream_moved_under_code
isomorphisms/ir	80134ccd43e6fa859772b4838c53ebac96a35b5c	code/src/library/tcltk/src/tcltk.c	84b64b431c07b251c1b9c2b3d65911079f76b900	wch/r-source	3da432e44c5ab99eef6da071183fa0ff315381f1	src/library/tcltk/src/tcltk.c	84b64b431c07b251c1b9c2b3d65911079f76b900	unchanged_upstream_moved_under_code
isomorphisms/ir	80134ccd43e6fa859772b4838c53ebac96a35b5c	code/src/library/tcltk/src/tcltk.h	2032e34eb0d67c6eb6ec7d60f702cda57020f277	wch/r-source	3da432e44c5ab99eef6da071183fa0ff315381f1	src/library/tcltk/src/tcltk.h	2032e34eb0d67c6eb6ec7d60f702cda57020f277	unchanged_upstream_moved_under_code
isomorphisms/ir	80134ccd43e6fa859772b4838c53ebac96a35b5c	code/src/library/tools/src/getfmts.c	c39a254ccd7acd4b7537b7168a15ab96914cf16a	wch/r-source	3da432e44c5ab99eef6da071183fa0ff315381f1	src/library/tools/src/getfmts.c	c39a254ccd7acd4b7537b7168a15ab96914cf16a	unchanged_upstream_moved_under_code
isomorphisms/ir	80134ccd43e6fa859772b4838c53ebac96a35b5c	code/src/library/tools/src/gramLatex.c	84edfce6e9a1cae03fe59244177ffeb2cb414f39	wch/r-source	3da432e44c5ab99eef6da071183fa0ff315381f1	src/library/tools/src/gramLatex.c	84edfce6e9a1cae03fe59244177ffeb2cb414f39	unchanged_upstream_moved_under_code
isomorphisms/ir	80134ccd43e6fa859772b4838c53ebac96a35b5c	code/src/library/tools/src/gramLatex.y	a7ac6b12e169f008ebbade2c2e5aac5e0df9cc76	wch/r-source	3da432e44c5ab99eef6da071183fa0ff315381f1	src/library/tools/src/gramLatex.y	a7ac6b12e169f008ebbade2c2e5aac5e0df9cc76	unchanged_upstream_moved_under_code
isomorphisms/ir	80134ccd43e6fa859772b4838c53ebac96a35b5c	code/src/library/tools/src/gramRd.c	c307af6695eac28fa092cca4daf8540a250b68cd	wch/r-source	3da432e44c5ab99eef6da071183fa0ff315381f1	src/library/tools/src/gramRd.c	c307af6695eac28fa092cca4daf8540a250b68cd	unchanged_upstream_moved_under_code
isomorphisms/ir	80134ccd43e6fa859772b4838c53ebac96a35b5c	code/src/library/tools/src/gramRd.y	379b10e6410c0d92832d48aa62cc8aa2bd15a843	wch/r-source	3da432e44c5ab99eef6da071183fa0ff315381f1	src/library/tools/src/gramRd.y	379b10e6410c0d92832d48aa62cc8aa2bd15a843	unchanged_upstream_moved_under_code
isomorphisms/ir	80134ccd43e6fa859772b4838c53ebac96a35b5c	code/src/library/tools/src/http.c	d8842e7b5276f598b0f47145ecfe4fbeb09079e9	wch/r-source	3da432e44c5ab99eef6da071183fa0ff315381f1	src/library/tools/src/http.c	d8842e7b5276f598b0f47145ecfe4fbeb09079e9	unchanged_upstream_moved_under_code
isomorphisms/ir	80134ccd43e6fa859772b4838c53ebac96a35b5c	code/src/library/tools/src/init.c	60cbf337f69c22393b3d3e9ba643911fe07b2537	wch/r-source	3da432e44c5ab99eef6da071183fa0ff315381f1	src/library/tools/src/init.c	60cbf337f69c22393b3d3e9ba643911fe07b2537	unchanged_upstream_moved_under_code
isomorphisms/ir	80134ccd43e6fa859772b4838c53ebac96a35b5c	code/src/library/tools/src/install.c	ad289864cf77a0508dbc01f98f3139c48e953b09	wch/r-source	3da432e44c5ab99eef6da071183fa0ff315381f1	src/library/tools/src/install.c	ad289864cf77a0508dbc01f98f3139c48e953b09	unchanged_upstream_moved_under_code
isomorphisms/ir	80134ccd43e6fa859772b4838c53ebac96a35b5c	code/src/library/tools/src/md5.c	22a1b0e4efc42c265169df32fe2c5f224a0c7cbe	wch/r-source	3da432e44c5ab99eef6da071183fa0ff315381f1	src/library/tools/src/md5.c	22a1b0e4efc42c265169df32fe2c5f224a0c7cbe	unchanged_upstream_moved_under_code
isomorphisms/ir	80134ccd43e6fa859772b4838c53ebac96a35b5c	code/src/library/tools/src/md5.h	3b1becfe48699fd0a0c9e82bf1fad0ae38ad97ae	wch/r-source	3da432e44c5ab99eef6da071183fa0ff315381f1	src/library/tools/src/md5.h	3b1becfe48699fd0a0c9e82bf1fad0ae38ad97ae	unchanged_upstream_moved_under_code
isomorphisms/ir	80134ccd43e6fa859772b4838c53ebac96a35b5c	code/src/library/tools/src/pdscan.c	8df93f7603d44c9fe82b46b7e41bf4676d873ee1	wch/r-source	3da432e44c5ab99eef6da071183fa0ff315381f1	src/library/tools/src/pdscan.c	8df93f7603d44c9fe82b46b7e41bf4676d873ee1	unchanged_upstream_moved_under_code
isomorphisms/ir	80134ccd43e6fa859772b4838c53ebac96a35b5c	code/src/library/tools/src/Rmd5.c	11512ff19f7d0a5c62128838a49dac95ff78f3aa	wch/r-source	3da432e44c5ab99eef6da071183fa0ff315381f1	src/library/tools/src/Rmd5.c	11512ff19f7d0a5c62128838a49dac95ff78f3aa	unchanged_upstream_moved_under_code
isomorphisms/ir	80134ccd43e6fa859772b4838c53ebac96a35b5c	code/src/library/tools/src/Rsha256.c	e81de54aa0f511ab91b5d5ee464a1056607d5f37	wch/r-source	3da432e44c5ab99eef6da071183fa0ff315381f1	src/library/tools/src/Rsha256.c	e81de54aa0f511ab91b5d5ee464a1056607d5f37	unchanged_upstream_moved_under_code
isomorphisms/ir	80134ccd43e6fa859772b4838c53ebac96a35b5c	code/src/library/tools/src/sha256.c	91d0ffd0e4a3b47cfe307317ebef6646070f9ac6	wch/r-source	3da432e44c5ab99eef6da071183fa0ff315381f1	src/library/tools/src/sha256.c	91d0ffd0e4a3b47cfe307317ebef6646070f9ac6	unchanged_upstream_moved_under_code
isomorphisms/ir	80134ccd43e6fa859772b4838c53ebac96a35b5c	code/src/library/tools/src/sha256.h	bafaedf7af0193d5b121b9c11fa8e4ba99ba35eb	wch/r-source	3da432e44c5ab99eef6da071183fa0ff315381f1	src/library/tools/src/sha256.h	bafaedf7af0193d5b121b9c11fa8e4ba99ba35eb	unchanged_upstream_moved_under_code
isomorphisms/ir	80134ccd43e6fa859772b4838c53ebac96a35b5c	code/src/library/tools/src/signals.c	5033ea9c47697d5c391e4a9c19b5cc805095d0e0	wch/r-source	3da432e44c5ab99eef6da071183fa0ff315381f1	src/library/tools/src/signals.c	5033ea9c47697d5c391e4a9c19b5cc805095d0e0	unchanged_upstream_moved_under_code
isomorphisms/ir	80134ccd43e6fa859772b4838c53ebac96a35b5c	code/src/library/tools/src/text.c	913648137b5cccd683cf947e443f56031cdeb7e5	wch/r-source	3da432e44c5ab99eef6da071183fa0ff315381f1	src/library/tools/src/text.c	913648137b5cccd683cf947e443f56031cdeb7e5	unchanged_upstream_moved_under_code
isomorphisms/ir	80134ccd43e6fa859772b4838c53ebac96a35b5c	code/src/library/tools/src/tools.h	ea34bd81e91e6be526d3d4f2b5c58c7d1b183e6b	wch/r-source	3da432e44c5ab99eef6da071183fa0ff315381f1	src/library/tools/src/tools.h	ea34bd81e91e6be526d3d4f2b5c58c7d1b183e6b	unchanged_upstream_moved_under_code
isomorphisms/ir	80134ccd43e6fa859772b4838c53ebac96a35b5c	code/src/library/utils/src/hashtab.c	9a60e4573085487c8b454a8bfdf53df4edc84e90	wch/r-source	3da432e44c5ab99eef6da071183fa0ff315381f1	src/library/utils/src/hashtab.c	9a60e4573085487c8b454a8bfdf53df4edc84e90	unchanged_upstream_moved_under_code
isomorphisms/ir	80134ccd43e6fa859772b4838c53ebac96a35b5c	code/src/library/utils/src/init.c	73d0dc191cb26fb5f286419c3ee7592524914b37	wch/r-source	3da432e44c5ab99eef6da071183fa0ff315381f1	src/library/utils/src/init.c	73d0dc191cb26fb5f286419c3ee7592524914b37	unchanged_upstream_moved_under_code
isomorphisms/ir	80134ccd43e6fa859772b4838c53ebac96a35b5c	code/src/library/utils/src/io.c	4a473aa98b6a36bca28d62129a4680cd20e0df3c	wch/r-source	3da432e44c5ab99eef6da071183fa0ff315381f1	src/library/utils/src/io.c	4a473aa98b6a36bca28d62129a4680cd20e0df3c	unchanged_upstream_moved_under_code
isomorphisms/ir	80134ccd43e6fa859772b4838c53ebac96a35b5c	code/src/library/utils/src/size.c	46e76e08d1823dbbd6dbdc0117b0b04ad09efa57	wch/r-source	3da432e44c5ab99eef6da071183fa0ff315381f1	src/library/utils/src/size.c	46e76e08d1823dbbd6dbdc0117b0b04ad09efa57	unchanged_upstream_moved_under_code
isomorphisms/ir	80134ccd43e6fa859772b4838c53ebac96a35b5c	code/src/library/utils/src/sock.c	d95f440e26eb9f62839123e547fa2f63cdda10b9	wch/r-source	3da432e44c5ab99eef6da071183fa0ff315381f1	src/library/utils/src/sock.c	d95f440e26eb9f62839123e547fa2f63cdda10b9	unchanged_upstream_moved_under_code
isomorphisms/ir	80134ccd43e6fa859772b4838c53ebac96a35b5c	code/src/library/utils/src/stubs.c	c03bde7747fabe19d0491e2bdf4159794d6b0198	wch/r-source	3da432e44c5ab99eef6da071183fa0ff315381f1	src/library/utils/src/stubs.c	c03bde7747fabe19d0491e2bdf4159794d6b0198	unchanged_upstream_moved_under_code
isomorphisms/ir	80134ccd43e6fa859772b4838c53ebac96a35b5c	code/src/library/utils/src/utils.c	85ac44f7abc3101624459475d278ff2828d4f66d	wch/r-source	3da432e44c5ab99eef6da071183fa0ff315381f1	src/library/utils/src/utils.c	85ac44f7abc3101624459475d278ff2828d4f66d	unchanged_upstream_moved_under_code
isomorphisms/ir	80134ccd43e6fa859772b4838c53ebac96a35b5c	code/src/library/utils/src/utils.h	3bca92e6665e96d8acc98d6be6ca10ff89094665	wch/r-source	3da432e44c5ab99eef6da071183fa0ff315381f1	src/library/utils/src/utils.h	3bca92e6665e96d8acc98d6be6ca10ff89094665	unchanged_upstream_moved_under_code
isomorphisms/ir	80134ccd43e6fa859772b4838c53ebac96a35b5c	code/src/library/utils/src/windows/dataentry.c	0cf50beeda5cb9fa50b0f674267537b195565e45	wch/r-source	3da432e44c5ab99eef6da071183fa0ff315381f1	src/library/utils/src/windows/dataentry.c	0cf50beeda5cb9fa50b0f674267537b195565e45	unchanged_upstream_moved_under_code
isomorphisms/ir	80134ccd43e6fa859772b4838c53ebac96a35b5c	code/src/library/utils/src/windows/dialogs.c	6d0e3cd8055a4dc76973c84728d9ead09afe3d60	wch/r-source	3da432e44c5ab99eef6da071183fa0ff315381f1	src/library/utils/src/windows/dialogs.c	6d0e3cd8055a4dc76973c84728d9ead09afe3d60	unchanged_upstream_moved_under_code
isomorphisms/ir	80134ccd43e6fa859772b4838c53ebac96a35b5c	code/src/library/utils/src/windows/registry.c	ef129b45917fa248dde1140be24cac77841f268a	wch/r-source	3da432e44c5ab99eef6da071183fa0ff315381f1	src/library/utils/src/windows/registry.c	ef129b45917fa248dde1140be24cac77841f268a	unchanged_upstream_moved_under_code
isomorphisms/ir	80134ccd43e6fa859772b4838c53ebac96a35b5c	code/src/library/utils/src/windows/util.c	62f7443790a8fa82d199d6115f73549779ba9980	wch/r-source	3da432e44c5ab99eef6da071183fa0ff315381f1	src/library/utils/src/windows/util.c	62f7443790a8fa82d199d6115f73549779ba9980	unchanged_upstream_moved_under_code
isomorphisms/ir	80134ccd43e6fa859772b4838c53ebac96a35b5c	code/src/library/utils/src/windows/widgets.c	65334eac37fa68b11ca22a40c0b37c55398158a5	wch/r-source	3da432e44c5ab99eef6da071183fa0ff315381f1	src/library/utils/src/windows/widgets.c	65334eac37fa68b11ca22a40c0b37c55398158a5	unchanged_upstream_moved_under_code
isomorphisms/ir	80134ccd43e6fa859772b4838c53ebac96a35b5c	code/src/main/agrep.c	bcbbe238fb06e5a124e687ade8eee08800087194	wch/r-source	3da432e44c5ab99eef6da071183fa0ff315381f1	src/main/agrep.c	bcbbe238fb06e5a124e687ade8eee08800087194	unchanged_upstream_moved_under_code
isomorphisms/ir	80134ccd43e6fa859772b4838c53ebac96a35b5c	code/src/main/alloca.c	a96ff3e898462c1baf3c062acf947d4588e78528	wch/r-source	3da432e44c5ab99eef6da071183fa0ff315381f1	src/main/alloca.c	a96ff3e898462c1baf3c062acf947d4588e78528	unchanged_upstream_moved_under_code
isomorphisms/ir	80134ccd43e6fa859772b4838c53ebac96a35b5c	code/src/main/altclasses.c	b852c5f108e97417cce861e0e6ae667faf22a321	wch/r-source	3da432e44c5ab99eef6da071183fa0ff315381f1	src/main/altclasses.c	b852c5f108e97417cce861e0e6ae667faf22a321	unchanged_upstream_moved_under_code
isomorphisms/ir	80134ccd43e6fa859772b4838c53ebac96a35b5c	code/src/main/altrep.c	40238840bf51e2b69bb3be36964a968e7034bcd1	wch/r-source	3da432e44c5ab99eef6da071183fa0ff315381f1	src/main/altrep.c	40238840bf51e2b69bb3be36964a968e7034bcd1	unchanged_upstream_moved_under_code
isomorphisms/ir	80134ccd43e6fa859772b4838c53ebac96a35b5c	code/src/main/apply.c	a05d6645756c587eafc285fa621440ee902e1787	wch/r-source	3da432e44c5ab99eef6da071183fa0ff315381f1	src/main/apply.c	a05d6645756c587eafc285fa621440ee902e1787	unchanged_upstream_moved_under_code
isomorphisms/ir	80134ccd43e6fa859772b4838c53ebac96a35b5c	code/src/main/arithmetic.c	03a7b705ef8ded65d28d88c6bdc2ba90c81ab315	wch/r-source	3da432e44c5ab99eef6da071183fa0ff315381f1	src/main/arithmetic.c	03a7b705ef8ded65d28d88c6bdc2ba90c81ab315	unchanged_upstream_moved_under_code
isomorphisms/ir	80134ccd43e6fa859772b4838c53ebac96a35b5c	code/src/main/arithmetic.h	e48e337580c333432e6977d0bfa31e5c53f08da0	wch/r-source	3da432e44c5ab99eef6da071183fa0ff315381f1	src/main/arithmetic.h	e48e337580c333432e6977d0bfa31e5c53f08da0	unchanged_upstream_moved_under_code
isomorphisms/ir	80134ccd43e6fa859772b4838c53ebac96a35b5c	code/src/main/array.c	8eab48277eb719dfeb8d954ca62196d47235c82e	wch/r-source	3da432e44c5ab99eef6da071183fa0ff315381f1	src/main/array.c	8eab48277eb719dfeb8d954ca62196d47235c82e	unchanged_upstream_moved_under_code
isomorphisms/ir	80134ccd43e6fa859772b4838c53ebac96a35b5c	code/src/main/attrib.c	c0ef235f66f4dda4c60625704fa7dec42f01df18	wch/r-source	3da432e44c5ab99eef6da071183fa0ff315381f1	src/main/attrib.c	c0ef235f66f4dda4c60625704fa7dec42f01df18	unchanged_upstream_moved_under_code
isomorphisms/ir	80134ccd43e6fa859772b4838c53ebac96a35b5c	code/src/main/basedecl.h	cb0fde10c2692a9d57a8405f0f8c7bf370957747	wch/r-source	3da432e44c5ab99eef6da071183fa0ff315381f1	src/main/basedecl.h	cb0fde10c2692a9d57a8405f0f8c7bf370957747	unchanged_upstream_moved_under_code
isomorphisms/ir	80134ccd43e6fa859772b4838c53ebac96a35b5c	code/src/main/bind.c	7d987b12db5b7badb4a779142e2d2cc7f6c1aa91	wch/r-source	3da432e44c5ab99eef6da071183fa0ff315381f1	src/main/bind.c	7d987b12db5b7badb4a779142e2d2cc7f6c1aa91	unchanged_upstream_moved_under_code
isomorphisms/ir	80134ccd43e6fa859772b4838c53ebac96a35b5c	code/src/main/builtin.c	72b26be34e67e112d03e9ddf5367c3d42f31d497	wch/r-source	3da432e44c5ab99eef6da071183fa0ff315381f1	src/main/builtin.c	72b26be34e67e112d03e9ddf5367c3d42f31d497	unchanged_upstream_moved_under_code
isomorphisms/ir	80134ccd43e6fa859772b4838c53ebac96a35b5c	code/src/main/character.c	d2fc10cb68ab86f7b2420fb7b4a42a62065097a3	wch/r-source	3da432e44c5ab99eef6da071183fa0ff315381f1	src/main/character.c	d2fc10cb68ab86f7b2420fb7b4a42a62065097a3	unchanged_upstream_moved_under_code
isomorphisms/ir	80134ccd43e6fa859772b4838c53ebac96a35b5c	code/src/main/clippath.c	f2b00eefdce389349fb1279db81e3d1f0a3ad89d	wch/r-source	3da432e44c5ab99eef6da071183fa0ff315381f1	src/main/clippath.c	f2b00eefdce389349fb1279db81e3d1f0a3ad89d	unchanged_upstream_moved_under_code
isomorphisms/ir	80134ccd43e6fa859772b4838c53ebac96a35b5c	code/src/main/coerce.c	8b355efedd9761b85c5f4cccb7302f99926d923f	wch/r-source	3da432e44c5ab99eef6da071183fa0ff315381f1	src/main/coerce.c	8b355efedd9761b85c5f4cccb7302f99926d923f	unchanged_upstream_moved_under_code
isomorphisms/ir	80134ccd43e6fa859772b4838c53ebac96a35b5c	code/src/main/colors.c	b64599a9415bef2b9dccb47bed68005dcb642a59	wch/r-source	3da432e44c5ab99eef6da071183fa0ff315381f1	src/main/colors.c	b64599a9415bef2b9dccb47bed68005dcb642a59	unchanged_upstream_moved_under_code
isomorphisms/ir	80134ccd43e6fa859772b4838c53ebac96a35b5c	code/src/main/CommandLineArgs.c	17e245f72dd3a8b65bce69173670c3662b0930db	wch/r-source	3da432e44c5ab99eef6da071183fa0ff315381f1	src/main/CommandLineArgs.c	17e245f72dd3a8b65bce69173670c3662b0930db	unchanged_upstream_moved_under_code
isomorphisms/ir	80134ccd43e6fa859772b4838c53ebac96a35b5c	code/src/main/complex.c	258bba70a4c345a861ecd5327ffcdda22c0c446c	wch/r-source	3da432e44c5ab99eef6da071183fa0ff315381f1	src/main/complex.c	258bba70a4c345a861ecd5327ffcdda22c0c446c	unchanged_upstream_moved_under_code
isomorphisms/ir	80134ccd43e6fa859772b4838c53ebac96a35b5c	code/src/main/connections.c	b11a2311ef592cbde907d466c9fff7183c396ed6	wch/r-source	3da432e44c5ab99eef6da071183fa0ff315381f1	src/main/connections.c	b11a2311ef592cbde907d466c9fff7183c396ed6	unchanged_upstream_moved_under_code
isomorphisms/ir	80134ccd43e6fa859772b4838c53ebac96a35b5c	code/src/main/context.c	12b071e485445b7ceb62bb2a09ed7290be8c6c5f	wch/r-source	3da432e44c5ab99eef6da071183fa0ff315381f1	src/main/context.c	12b071e485445b7ceb62bb2a09ed7290be8c6c5f	unchanged_upstream_moved_under_code
isomorphisms/ir	80134ccd43e6fa859772b4838c53ebac96a35b5c	code/src/main/contour-common.h	9c3d510a8a0d98c2f8ca267691a5d7ccc91e6acf	wch/r-source	3da432e44c5ab99eef6da071183fa0ff315381f1	src/main/contour-common.h	9c3d510a8a0d98c2f8ca267691a5d7ccc91e6acf	unchanged_upstream_moved_under_code
isomorphisms/ir	80134ccd43e6fa859772b4838c53ebac96a35b5c	code/src/main/cum.c	d6278ad64355e3e48036ba1a7f3cd8e7df3c6cd5	wch/r-source	3da432e44c5ab99eef6da071183fa0ff315381f1	src/main/cum.c	d6278ad64355e3e48036ba1a7f3cd8e7df3c6cd5	unchanged_upstream_moved_under_code
isomorphisms/ir	80134ccd43e6fa859772b4838c53ebac96a35b5c	code/src/main/datetime.c	41a4abeb0716cda4b49f7ef454aacc4e17032d60	wch/r-source	3da432e44c5ab99eef6da071183fa0ff315381f1	src/main/datetime.c	41a4abeb0716cda4b49f7ef454aacc4e17032d60	unchanged_upstream_moved_under_code
isomorphisms/ir	80134ccd43e6fa859772b4838c53ebac96a35b5c	code/src/main/datetime.h	b29c723dafefc60cdaf25df5ac58f90860042d82	wch/r-source	3da432e44c5ab99eef6da071183fa0ff315381f1	src/main/datetime.h	b29c723dafefc60cdaf25df5ac58f90860042d82	unchanged_upstream_moved_under_code
isomorphisms/ir	80134ccd43e6fa859772b4838c53ebac96a35b5c	code/src/main/dcf.c	57403a1c4aa572e623989195f93ad537068e9d4f	wch/r-source	3da432e44c5ab99eef6da071183fa0ff315381f1	src/main/dcf.c	57403a1c4aa572e623989195f93ad537068e9d4f	unchanged_upstream_moved_under_code
isomorphisms/ir	80134ccd43e6fa859772b4838c53ebac96a35b5c	code/src/main/debug.c	c94e777905730a8345c58c83b598f3d29e6bc6a5	wch/r-source	3da432e44c5ab99eef6da071183fa0ff315381f1	src/main/debug.c	c94e777905730a8345c58c83b598f3d29e6bc6a5	unchanged_upstream_moved_under_code
isomorphisms/ir	80134ccd43e6fa859772b4838c53ebac96a35b5c	code/src/main/deparse.c	d546291120fbd9d0ba1a6694a46c9c67a8c40263	wch/r-source	3da432e44c5ab99eef6da071183fa0ff315381f1	src/main/deparse.c	d546291120fbd9d0ba1a6694a46c9c67a8c40263	unchanged_upstream_moved_under_code
isomorphisms/ir	80134ccd43e6fa859772b4838c53ebac96a35b5c	code/src/main/devices.c	30711ccf0df1cf2172a863738b906cefa1e91864	wch/r-source	3da432e44c5ab99eef6da071183fa0ff315381f1	src/main/devices.c	30711ccf0df1cf2172a863738b906cefa1e91864	unchanged_upstream_moved_under_code
isomorphisms/ir	80134ccd43e6fa859772b4838c53ebac96a35b5c	code/src/main/dotcode.c	13899bf32d6a209ac4665b234caa8d2cb57586d4	wch/r-source	3da432e44c5ab99eef6da071183fa0ff315381f1	src/main/dotcode.c	13899bf32d6a209ac4665b234caa8d2cb57586d4	unchanged_upstream_moved_under_code
isomorphisms/ir	80134ccd43e6fa859772b4838c53ebac96a35b5c	code/src/main/dounzip.c	8da78e5d16d89b1503c656b4714a20e40d9dd9b4	wch/r-source	3da432e44c5ab99eef6da071183fa0ff315381f1	src/main/dounzip.c	8da78e5d16d89b1503c656b4714a20e40d9dd9b4	unchanged_upstream_moved_under_code
isomorphisms/ir	80134ccd43e6fa859772b4838c53ebac96a35b5c	code/src/main/dstruct.c	e926d039b4807889a431a71ddaab62992102e5b4	wch/r-source	3da432e44c5ab99eef6da071183fa0ff315381f1	src/main/dstruct.c	e926d039b4807889a431a71ddaab62992102e5b4	unchanged_upstream_moved_under_code
isomorphisms/ir	80134ccd43e6fa859772b4838c53ebac96a35b5c	code/src/main/duplicate.c	a373cc9da3c0363127d306f021247964735cc8ea	wch/r-source	3da432e44c5ab99eef6da071183fa0ff315381f1	src/main/duplicate.c	a373cc9da3c0363127d306f021247964735cc8ea	unchanged_upstream_moved_under_code
isomorphisms/ir	80134ccd43e6fa859772b4838c53ebac96a35b5c	code/src/main/duplicate.h	b1d271fa0268e74f883075d7fc776ec799fd0c0d	wch/r-source	3da432e44c5ab99eef6da071183fa0ff315381f1	src/main/duplicate.h	b1d271fa0268e74f883075d7fc776ec799fd0c0d	unchanged_upstream_moved_under_code
isomorphisms/ir	80134ccd43e6fa859772b4838c53ebac96a35b5c	code/src/main/edit.c	107199fdcef90ab78ee3ee5d85f2c67ab1509100	wch/r-source	3da432e44c5ab99eef6da071183fa0ff315381f1	src/main/edit.c	107199fdcef90ab78ee3ee5d85f2c67ab1509100	unchanged_upstream_moved_under_code
isomorphisms/ir	80134ccd43e6fa859772b4838c53ebac96a35b5c	code/src/main/engine.c	f065b8c0a7bf7a01af6d947b7e2a2d28e514f872	wch/r-source	3da432e44c5ab99eef6da071183fa0ff315381f1	src/main/engine.c	f065b8c0a7bf7a01af6d947b7e2a2d28e514f872	unchanged_upstream_moved_under_code
isomorphisms/ir	80134ccd43e6fa859772b4838c53ebac96a35b5c	code/src/main/envir.c	8cacbbb86f48725df6530ebe65be9bc6668a8d56	wch/r-source	3da432e44c5ab99eef6da071183fa0ff315381f1	src/main/envir.c	8cacbbb86f48725df6530ebe65be9bc6668a8d56	unchanged_upstream_moved_under_code
isomorphisms/ir	80134ccd43e6fa859772b4838c53ebac96a35b5c	code/src/main/errors.c	5c88cc52d8403decb58239939a4b2ad3f05d26d5	wch/r-source	3da432e44c5ab99eef6da071183fa0ff315381f1	src/main/errors.c	5c88cc52d8403decb58239939a4b2ad3f05d26d5	unchanged_upstream_moved_under_code
isomorphisms/ir	80134ccd43e6fa859772b4838c53ebac96a35b5c	code/src/main/eval.c	010e53e47f64b06f7df5d0e87e3aadffb88eac28	wch/r-source	3da432e44c5ab99eef6da071183fa0ff315381f1	src/main/eval.c	010e53e47f64b06f7df5d0e87e3aadffb88eac28	unchanged_upstream_moved_under_code
isomorphisms/ir	80134ccd43e6fa859772b4838c53ebac96a35b5c	code/src/main/flexiblas.c	9c78fba9e5cb914b423ca69827988efef2e20765	wch/r-source	3da432e44c5ab99eef6da071183fa0ff315381f1	src/main/flexiblas.c	9c78fba9e5cb914b423ca69827988efef2e20765	unchanged_upstream_moved_under_code
isomorphisms/ir	80134ccd43e6fa859772b4838c53ebac96a35b5c	code/src/main/format.c	e764b077c23e21fb633eff781912e7e2899ebfaa	wch/r-source	3da432e44c5ab99eef6da071183fa0ff315381f1	src/main/format.c	e764b077c23e21fb633eff781912e7e2899ebfaa	unchanged_upstream_moved_under_code
isomorphisms/ir	80134ccd43e6fa859772b4838c53ebac96a35b5c	code/src/main/g_alab_her.c	62421ef4fe1a6c30439624f428cb17b011e4dd8f	wch/r-source	3da432e44c5ab99eef6da071183fa0ff315381f1	src/main/g_alab_her.c	62421ef4fe1a6c30439624f428cb17b011e4dd8f	unchanged_upstream_moved_under_code
isomorphisms/ir	80134ccd43e6fa859772b4838c53ebac96a35b5c	code/src/main/g_cntrlify.c	675e588811140cc6b85d3b0ad4063b88508a84ce	wch/r-source	3da432e44c5ab99eef6da071183fa0ff315381f1	src/main/g_cntrlify.c	675e588811140cc6b85d3b0ad4063b88508a84ce	unchanged_upstream_moved_under_code
isomorphisms/ir	80134ccd43e6fa859772b4838c53ebac96a35b5c	code/src/main/g_cntrlify.h	bf9dace5bfacd352e9f6a30390b12989424883c8	wch/r-source	3da432e44c5ab99eef6da071183fa0ff315381f1	src/main/g_cntrlify.h	bf9dace5bfacd352e9f6a30390b12989424883c8	unchanged_upstream_moved_under_code
isomorphisms/ir	80134ccd43e6fa859772b4838c53ebac96a35b5c	code/src/main/g_control.h	175648587c41e4ad9cb0f5641c3d74682cb932d7	wch/r-source	3da432e44c5ab99eef6da071183fa0ff315381f1	src/main/g_control.h	175648587c41e4ad9cb0f5641c3d74682cb932d7	unchanged_upstream_moved_under_code
isomorphisms/ir	80134ccd43e6fa859772b4838c53ebac96a35b5c	code/src/main/g_extern.h	b04b30ce0c1497954dc21a83327bd0af6fabd6e3	wch/r-source	3da432e44c5ab99eef6da071183fa0ff315381f1	src/main/g_extern.h	b04b30ce0c1497954dc21a83327bd0af6fabd6e3	unchanged_upstream_moved_under_code
isomorphisms/ir	80134ccd43e6fa859772b4838c53ebac96a35b5c	code/src/main/g_fontdb.c	d93b4aacf81ea4de6b91fa8148146e4a292bdc6e	wch/r-source	3da432e44c5ab99eef6da071183fa0ff315381f1	src/main/g_fontdb.c	d93b4aacf81ea4de6b91fa8148146e4a292bdc6e	unchanged_upstream_moved_under_code
isomorphisms/ir	80134ccd43e6fa859772b4838c53ebac96a35b5c	code/src/main/g_her_glyph.c	b56cd5f08a0c9e26f21a1d340e0e59cb3227769b	wch/r-source	3da432e44c5ab99eef6da071183fa0ff315381f1	src/main/g_her_glyph.c	b56cd5f08a0c9e26f21a1d340e0e59cb3227769b	unchanged_upstream_moved_under_code
isomorphisms/ir	80134ccd43e6fa859772b4838c53ebac96a35b5c	code/src/main/g_her_metr.h	572c190cb72d97657a69d4f364b9610f606ca8d6	wch/r-source	3da432e44c5ab99eef6da071183fa0ff315381f1	src/main/g_her_metr.h	572c190cb72d97657a69d4f364b9610f606ca8d6	unchanged_upstream_moved_under_code
isomorphisms/ir	80134ccd43e6fa859772b4838c53ebac96a35b5c	code/src/main/g_jis.h	fae1a399045705ac3c3a2fec2bc5a14744a14f6e	wch/r-source	3da432e44c5ab99eef6da071183fa0ff315381f1	src/main/g_jis.h	fae1a399045705ac3c3a2fec2bc5a14744a14f6e	unchanged_upstream_moved_under_code
isomorphisms/ir	80134ccd43e6fa859772b4838c53ebac96a35b5c	code/src/main/gevents.c	e13bffc5e180573649dcf42b16b9a5265b423c66	wch/r-source	3da432e44c5ab99eef6da071183fa0ff315381f1	src/main/gevents.c	e13bffc5e180573649dcf42b16b9a5265b423c66	unchanged_upstream_moved_under_code
isomorphisms/ir	80134ccd43e6fa859772b4838c53ebac96a35b5c	code/src/main/gram-ex.c	01c7e2bf7eafc69719823a5bc4f46509c5bec1c6	wch/r-source	3da432e44c5ab99eef6da071183fa0ff315381f1	src/main/gram-ex.c	01c7e2bf7eafc69719823a5bc4f46509c5bec1c6	unchanged_upstream_moved_under_code
isomorphisms/ir	80134ccd43e6fa859772b4838c53ebac96a35b5c	code/src/main/gram.c	d15fd020d3899796c62dc40f29a7f56489962fd3	wch/r-source	3da432e44c5ab99eef6da071183fa0ff315381f1	src/main/gram.c	1dab17722c06dd501df7f72e0fc3e99909271488	owned_parser_or_string_changes_no_owned_arithmetic
isomorphisms/ir	80134ccd43e6fa859772b4838c53ebac96a35b5c	code/src/main/gram.y	cf39e473eb88d94db57d4711a360d29677289ac7	wch/r-source	3da432e44c5ab99eef6da071183fa0ff315381f1	src/main/gram.y	5cadf3bc177de371a1ca6bd7a20a51c24c2f0924	owned_parser_or_string_changes_no_owned_arithmetic
isomorphisms/ir	80134ccd43e6fa859772b4838c53ebac96a35b5c	code/src/main/graphics.c	62e836a255736ee0445ef7ba9c8b531cbd941500	wch/r-source	3da432e44c5ab99eef6da071183fa0ff315381f1	src/main/graphics.c	62e836a255736ee0445ef7ba9c8b531cbd941500	unchanged_upstream_moved_under_code
isomorphisms/ir	80134ccd43e6fa859772b4838c53ebac96a35b5c	code/src/main/grep.c	efc31a746dbaea6fdddbeb53f99a4e214fc63c72	wch/r-source	3da432e44c5ab99eef6da071183fa0ff315381f1	src/main/grep.c	efc31a746dbaea6fdddbeb53f99a4e214fc63c72	unchanged_upstream_moved_under_code
isomorphisms/ir	80134ccd43e6fa859772b4838c53ebac96a35b5c	code/src/main/gzio.h	757b58fe7c49b7ed7c8b60f7bfa4d14138350a30	wch/r-source	3da432e44c5ab99eef6da071183fa0ff315381f1	src/main/gzio.h	757b58fe7c49b7ed7c8b60f7bfa4d14138350a30	unchanged_upstream_moved_under_code
isomorphisms/ir	80134ccd43e6fa859772b4838c53ebac96a35b5c	code/src/main/identical.c	3a2ef9551c80f99b8416a3aeadc31381d48e3d9c	wch/r-source	3da432e44c5ab99eef6da071183fa0ff315381f1	src/main/identical.c	3a2ef9551c80f99b8416a3aeadc31381d48e3d9c	unchanged_upstream_moved_under_code
isomorphisms/ir	80134ccd43e6fa859772b4838c53ebac96a35b5c	code/src/main/inlined.c	deebbe20e43fd36ffcc150d626e7d26e7661dae9	wch/r-source	3da432e44c5ab99eef6da071183fa0ff315381f1	src/main/inlined.c	deebbe20e43fd36ffcc150d626e7d26e7661dae9	unchanged_upstream_moved_under_code
isomorphisms/ir	80134ccd43e6fa859772b4838c53ebac96a35b5c	code/src/main/inspect.c	014163f92189c7429ec428b74291b8f9dd2942c1	wch/r-source	3da432e44c5ab99eef6da071183fa0ff315381f1	src/main/inspect.c	014163f92189c7429ec428b74291b8f9dd2942c1	unchanged_upstream_moved_under_code
isomorphisms/ir	80134ccd43e6fa859772b4838c53ebac96a35b5c	code/src/main/internet.c	eaa02e3ede85acec8f0781cf9167e78400f34396	wch/r-source	3da432e44c5ab99eef6da071183fa0ff315381f1	src/main/internet.c	eaa02e3ede85acec8f0781cf9167e78400f34396	unchanged_upstream_moved_under_code
isomorphisms/ir	80134ccd43e6fa859772b4838c53ebac96a35b5c	code/src/main/iosupport.c	a016a016413f52d7d49745ae99d3cc506a256bee	wch/r-source	3da432e44c5ab99eef6da071183fa0ff315381f1	src/main/iosupport.c	a016a016413f52d7d49745ae99d3cc506a256bee	unchanged_upstream_moved_under_code
isomorphisms/ir	80134ccd43e6fa859772b4838c53ebac96a35b5c	code/src/main/lapack.c	3d950c6c7e2ab71c9650477a22c54d4ff8aa74f5	wch/r-source	3da432e44c5ab99eef6da071183fa0ff315381f1	src/main/lapack.c	3d950c6c7e2ab71c9650477a22c54d4ff8aa74f5	unchanged_upstream_moved_under_code
isomorphisms/ir	80134ccd43e6fa859772b4838c53ebac96a35b5c	code/src/main/list.c	2dbba8de774348e1a34afb7075e719052e9b6b12	wch/r-source	3da432e44c5ab99eef6da071183fa0ff315381f1	src/main/list.c	2dbba8de774348e1a34afb7075e719052e9b6b12	unchanged_upstream_moved_under_code
isomorphisms/ir	80134ccd43e6fa859772b4838c53ebac96a35b5c	code/src/main/localecharset.c	57e0abbad8d1602189ad36a70bd3daf98505df9f	wch/r-source	3da432e44c5ab99eef6da071183fa0ff315381f1	src/main/localecharset.c	57e0abbad8d1602189ad36a70bd3daf98505df9f	unchanged_upstream_moved_under_code
isomorphisms/ir	80134ccd43e6fa859772b4838c53ebac96a35b5c	code/src/main/logic.c	6e884dc04845bb584139918968dd213157856ece	wch/r-source	3da432e44c5ab99eef6da071183fa0ff315381f1	src/main/logic.c	6e884dc04845bb584139918968dd213157856ece	unchanged_upstream_moved_under_code
isomorphisms/ir	80134ccd43e6fa859772b4838c53ebac96a35b5c	code/src/main/machar.c	cede6e6d5822ff49e656f9b8f4034becb5b3d897	wch/r-source	3da432e44c5ab99eef6da071183fa0ff315381f1	src/main/machar.c	cede6e6d5822ff49e656f9b8f4034becb5b3d897	unchanged_upstream_moved_under_code
isomorphisms/ir	80134ccd43e6fa859772b4838c53ebac96a35b5c	code/src/main/machine.c	635be06e9fc90ad821dc1536de46ca397cc3711f	wch/r-source	3da432e44c5ab99eef6da071183fa0ff315381f1	src/main/machine.c	635be06e9fc90ad821dc1536de46ca397cc3711f	unchanged_upstream_moved_under_code
isomorphisms/ir	80134ccd43e6fa859772b4838c53ebac96a35b5c	code/src/main/main.c	995573937482ce314a0ecca0f6188233b8f016b2	wch/r-source	3da432e44c5ab99eef6da071183fa0ff315381f1	src/main/main.c	995573937482ce314a0ecca0f6188233b8f016b2	unchanged_upstream_moved_under_code
isomorphisms/ir	80134ccd43e6fa859772b4838c53ebac96a35b5c	code/src/main/mapply.c	305c38bc56aefd4b912552bac313db1e43953d0a	wch/r-source	3da432e44c5ab99eef6da071183fa0ff315381f1	src/main/mapply.c	305c38bc56aefd4b912552bac313db1e43953d0a	unchanged_upstream_moved_under_code
isomorphisms/ir	80134ccd43e6fa859772b4838c53ebac96a35b5c	code/src/main/mask.c	230af7b5149492f96e954dd83c099c4eb7a24e6f	wch/r-source	3da432e44c5ab99eef6da071183fa0ff315381f1	src/main/mask.c	230af7b5149492f96e954dd83c099c4eb7a24e6f	unchanged_upstream_moved_under_code
isomorphisms/ir	80134ccd43e6fa859772b4838c53ebac96a35b5c	code/src/main/match.c	161fcc981ec25c52292be75676bfe52d4ae7b019	wch/r-source	3da432e44c5ab99eef6da071183fa0ff315381f1	src/main/match.c	161fcc981ec25c52292be75676bfe52d4ae7b019	unchanged_upstream_moved_under_code
isomorphisms/ir	80134ccd43e6fa859772b4838c53ebac96a35b5c	code/src/main/memory.c	0af33d44d3e25d97fb333edc838470443cebd573	wch/r-source	3da432e44c5ab99eef6da071183fa0ff315381f1	src/main/memory.c	0af33d44d3e25d97fb333edc838470443cebd573	unchanged_upstream_moved_under_code
isomorphisms/ir	80134ccd43e6fa859772b4838c53ebac96a35b5c	code/src/main/mkdtemp.c	375b4ed567dea1447b1c1682cfbfe9f3b5c8d69d	wch/r-source	3da432e44c5ab99eef6da071183fa0ff315381f1	src/main/mkdtemp.c	375b4ed567dea1447b1c1682cfbfe9f3b5c8d69d	unchanged_upstream_moved_under_code
isomorphisms/ir	80134ccd43e6fa859772b4838c53ebac96a35b5c	code/src/main/names.c	4f7f4c3b7eb7b69f3c941d0d4f82650e3346810c	wch/r-source	3da432e44c5ab99eef6da071183fa0ff315381f1	src/main/names.c	a4e9d8888548563f2f214e34a66ef2b3d67a29fe	owned_parser_or_string_changes_no_owned_arithmetic
isomorphisms/ir	80134ccd43e6fa859772b4838c53ebac96a35b5c	code/src/main/objects.c	7c7a5437a039e41ebf2480a2272cf96b73fb143e	wch/r-source	3da432e44c5ab99eef6da071183fa0ff315381f1	src/main/objects.c	7c7a5437a039e41ebf2480a2272cf96b73fb143e	unchanged_upstream_moved_under_code
isomorphisms/ir	80134ccd43e6fa859772b4838c53ebac96a35b5c	code/src/main/options.c	f38871bc0e1fe8e8da569d34a24b552d1b720687	wch/r-source	3da432e44c5ab99eef6da071183fa0ff315381f1	src/main/options.c	f38871bc0e1fe8e8da569d34a24b552d1b720687	unchanged_upstream_moved_under_code
isomorphisms/ir	80134ccd43e6fa859772b4838c53ebac96a35b5c	code/src/main/paste.c	b244f2ab9fd5d73d8ea23e7ee8f9e7cd0eef6970	wch/r-source	3da432e44c5ab99eef6da071183fa0ff315381f1	src/main/paste.c	b244f2ab9fd5d73d8ea23e7ee8f9e7cd0eef6970	unchanged_upstream_moved_under_code
isomorphisms/ir	80134ccd43e6fa859772b4838c53ebac96a35b5c	code/src/main/patterns.c	8d4f3b13fd5ced69709d49c88288f16af2f0635f	wch/r-source	3da432e44c5ab99eef6da071183fa0ff315381f1	src/main/patterns.c	8d4f3b13fd5ced69709d49c88288f16af2f0635f	unchanged_upstream_moved_under_code
isomorphisms/ir	80134ccd43e6fa859772b4838c53ebac96a35b5c	code/src/main/platform.c	5591ba996781abc83411fcf2681d1849d78566c3	wch/r-source	3da432e44c5ab99eef6da071183fa0ff315381f1	src/main/platform.c	5591ba996781abc83411fcf2681d1849d78566c3	unchanged_upstream_moved_under_code
isomorphisms/ir	80134ccd43e6fa859772b4838c53ebac96a35b5c	code/src/main/plot.c	fee63fba6764092fa8897070205b67d7669040ce	wch/r-source	3da432e44c5ab99eef6da071183fa0ff315381f1	src/main/plot.c	fee63fba6764092fa8897070205b67d7669040ce	unchanged_upstream_moved_under_code
isomorphisms/ir	80134ccd43e6fa859772b4838c53ebac96a35b5c	code/src/main/plot3d.c	7c008da17d6e4e8eb9e1b91d69104187b081a4d7	wch/r-source	3da432e44c5ab99eef6da071183fa0ff315381f1	src/main/plot3d.c	7c008da17d6e4e8eb9e1b91d69104187b081a4d7	unchanged_upstream_moved_under_code
isomorphisms/ir	80134ccd43e6fa859772b4838c53ebac96a35b5c	code/src/main/plotmath.c	ea434b0b07f404ddfcf04fc2d9fde2ee6e457356	wch/r-source	3da432e44c5ab99eef6da071183fa0ff315381f1	src/main/plotmath.c	ea434b0b07f404ddfcf04fc2d9fde2ee6e457356	unchanged_upstream_moved_under_code
isomorphisms/ir	80134ccd43e6fa859772b4838c53ebac96a35b5c	code/src/main/print.c	1f366e3ca30279aa98b6b3367b1bf9975e4cbc7e	wch/r-source	3da432e44c5ab99eef6da071183fa0ff315381f1	src/main/print.c	1f366e3ca30279aa98b6b3367b1bf9975e4cbc7e	unchanged_upstream_moved_under_code
isomorphisms/ir	80134ccd43e6fa859772b4838c53ebac96a35b5c	code/src/main/printarray.c	8221f4c4094512d2dac6fb7ba5febd1ce9b2acc6	wch/r-source	3da432e44c5ab99eef6da071183fa0ff315381f1	src/main/printarray.c	8221f4c4094512d2dac6fb7ba5febd1ce9b2acc6	unchanged_upstream_moved_under_code
isomorphisms/ir	80134ccd43e6fa859772b4838c53ebac96a35b5c	code/src/main/printutils.c	0f1981c6aef1959334273f45cac3ae3cb7849d0c	wch/r-source	3da432e44c5ab99eef6da071183fa0ff315381f1	src/main/printutils.c	0f1981c6aef1959334273f45cac3ae3cb7849d0c	unchanged_upstream_moved_under_code
isomorphisms/ir	80134ccd43e6fa859772b4838c53ebac96a35b5c	code/src/main/printvector.c	972a66c80378eaac656465b8055e1f831604d883	wch/r-source	3da432e44c5ab99eef6da071183fa0ff315381f1	src/main/printvector.c	972a66c80378eaac656465b8055e1f831604d883	unchanged_upstream_moved_under_code
isomorphisms/ir	80134ccd43e6fa859772b4838c53ebac96a35b5c	code/src/main/qsort-body.c	77282cacf79f14885512c43429c2dfc35a459e3c	wch/r-source	3da432e44c5ab99eef6da071183fa0ff315381f1	src/main/qsort-body.c	77282cacf79f14885512c43429c2dfc35a459e3c	unchanged_upstream_moved_under_code
isomorphisms/ir	80134ccd43e6fa859772b4838c53ebac96a35b5c	code/src/main/qsort.c	a7d584b7457163d77c76de86260ddda18a02fda4	wch/r-source	3da432e44c5ab99eef6da071183fa0ff315381f1	src/main/qsort.c	a7d584b7457163d77c76de86260ddda18a02fda4	unchanged_upstream_moved_under_code
isomorphisms/ir	80134ccd43e6fa859772b4838c53ebac96a35b5c	code/src/main/radixsort.c	7d7338d951a075c8c8fc13ad37e674030ba3ae01	wch/r-source	3da432e44c5ab99eef6da071183fa0ff315381f1	src/main/radixsort.c	7d7338d951a075c8c8fc13ad37e674030ba3ae01	unchanged_upstream_moved_under_code
isomorphisms/ir	80134ccd43e6fa859772b4838c53ebac96a35b5c	code/src/main/random.c	9a86fad9f7715b3b4dee587037c365b2e82d1013	wch/r-source	3da432e44c5ab99eef6da071183fa0ff315381f1	src/main/random.c	9a86fad9f7715b3b4dee587037c365b2e82d1013	unchanged_upstream_moved_under_code
isomorphisms/ir	80134ccd43e6fa859772b4838c53ebac96a35b5c	code/src/main/raw.c	28e09af018437d41a082f398e32489a84208a4bb	wch/r-source	3da432e44c5ab99eef6da071183fa0ff315381f1	src/main/raw.c	28e09af018437d41a082f398e32489a84208a4bb	unchanged_upstream_moved_under_code
isomorphisms/ir	80134ccd43e6fa859772b4838c53ebac96a35b5c	code/src/main/RBufferUtils.h	a29b6226233d7db739a37a5b66279d14d26e9f20	wch/r-source	3da432e44c5ab99eef6da071183fa0ff315381f1	src/main/RBufferUtils.h	a29b6226233d7db739a37a5b66279d14d26e9f20	unchanged_upstream_moved_under_code
isomorphisms/ir	80134ccd43e6fa859772b4838c53ebac96a35b5c	code/src/main/Rcomplex.h	3f8c4b9a5b13cb8355ec56680861bac2bd9b03c9	wch/r-source	3da432e44c5ab99eef6da071183fa0ff315381f1	src/main/Rcomplex.h	3f8c4b9a5b13cb8355ec56680861bac2bd9b03c9	unchanged_upstream_moved_under_code
isomorphisms/ir	80134ccd43e6fa859772b4838c53ebac96a35b5c	code/src/main/Rdynload.c	019bfd38130212134aee79414b6729b3da35e1a3	wch/r-source	3da432e44c5ab99eef6da071183fa0ff315381f1	src/main/Rdynload.c	019bfd38130212134aee79414b6729b3da35e1a3	unchanged_upstream_moved_under_code
isomorphisms/ir	80134ccd43e6fa859772b4838c53ebac96a35b5c	code/src/main/registration.c	1b4906c4e354083fe61ec44eb0d429d07f53ecfc	wch/r-source	3da432e44c5ab99eef6da071183fa0ff315381f1	src/main/registration.c	1b4906c4e354083fe61ec44eb0d429d07f53ecfc	unchanged_upstream_moved_under_code
isomorphisms/ir	80134ccd43e6fa859772b4838c53ebac96a35b5c	code/src/main/relop.c	d558b9661427b6beae40e1c6f96f13cfc4a63fee	wch/r-source	3da432e44c5ab99eef6da071183fa0ff315381f1	src/main/relop.c	d558b9661427b6beae40e1c6f96f13cfc4a63fee	unchanged_upstream_moved_under_code
isomorphisms/ir	80134ccd43e6fa859772b4838c53ebac96a35b5c	code/src/main/Renviron.c	5de5536a3dea3a2cd62d38115214f73274e23bd7	wch/r-source	3da432e44c5ab99eef6da071183fa0ff315381f1	src/main/Renviron.c	5de5536a3dea3a2cd62d38115214f73274e23bd7	unchanged_upstream_moved_under_code
isomorphisms/ir	80134ccd43e6fa859772b4838c53ebac96a35b5c	code/src/main/rlocale_data.h	99c2b423919ae094534f12ba3fa3e103e52f5b0f	wch/r-source	3da432e44c5ab99eef6da071183fa0ff315381f1	src/main/rlocale_data.h	99c2b423919ae094534f12ba3fa3e103e52f5b0f	unchanged_upstream_moved_under_code
isomorphisms/ir	80134ccd43e6fa859772b4838c53ebac96a35b5c	code/src/main/rlocale_tolower.h	9b4c89200544bf2661c87172c795c5fb6795ef27	wch/r-source	3da432e44c5ab99eef6da071183fa0ff315381f1	src/main/rlocale_tolower.h	9b4c89200544bf2661c87172c795c5fb6795ef27	unchanged_upstream_moved_under_code
isomorphisms/ir	80134ccd43e6fa859772b4838c53ebac96a35b5c	code/src/main/rlocale_toupper.h	b51a9465e84086482ec489bce9a0c5c6b5a3816a	wch/r-source	3da432e44c5ab99eef6da071183fa0ff315381f1	src/main/rlocale_toupper.h	b51a9465e84086482ec489bce9a0c5c6b5a3816a	unchanged_upstream_moved_under_code
isomorphisms/ir	80134ccd43e6fa859772b4838c53ebac96a35b5c	code/src/main/rlocale_widths.h	df9378d830aea25c7080c8c2366663cdcca8157f	wch/r-source	3da432e44c5ab99eef6da071183fa0ff315381f1	src/main/rlocale_widths.h	df9378d830aea25c7080c8c2366663cdcca8157f	unchanged_upstream_moved_under_code
isomorphisms/ir	80134ccd43e6fa859772b4838c53ebac96a35b5c	code/src/main/rlocale.c	917b05f6a1c8dbc41dc6f94c0e925ce434401e13	wch/r-source	3da432e44c5ab99eef6da071183fa0ff315381f1	src/main/rlocale.c	917b05f6a1c8dbc41dc6f94c0e925ce434401e13	unchanged_upstream_moved_under_code
isomorphisms/ir	80134ccd43e6fa859772b4838c53ebac96a35b5c	code/src/main/Rmain.c	1fe8adc7c53928e11ac23e8813ba2d5f0517066f	wch/r-source	3da432e44c5ab99eef6da071183fa0ff315381f1	src/main/Rmain.c	1fe8adc7c53928e11ac23e8813ba2d5f0517066f	unchanged_upstream_moved_under_code
isomorphisms/ir	80134ccd43e6fa859772b4838c53ebac96a35b5c	code/src/main/RNG.c	cc1a01b1de6c123348fce90587139dc7e4ff4995	wch/r-source	3da432e44c5ab99eef6da071183fa0ff315381f1	src/main/RNG.c	cc1a01b1de6c123348fce90587139dc7e4ff4995	unchanged_upstream_moved_under_code
isomorphisms/ir	80134ccd43e6fa859772b4838c53ebac96a35b5c	code/src/main/Rstrptime.h	8655ed50269d1074436d01ad87fdf6be6b36792a	wch/r-source	3da432e44c5ab99eef6da071183fa0ff315381f1	src/main/Rstrptime.h	8655ed50269d1074436d01ad87fdf6be6b36792a	unchanged_upstream_moved_under_code
isomorphisms/ir	80134ccd43e6fa859772b4838c53ebac96a35b5c	code/src/main/saveload.c	f109ba8d21b546f70f94a29042b5e9dc7e54998f	wch/r-source	3da432e44c5ab99eef6da071183fa0ff315381f1	src/main/saveload.c	f109ba8d21b546f70f94a29042b5e9dc7e54998f	unchanged_upstream_moved_under_code
isomorphisms/ir	80134ccd43e6fa859772b4838c53ebac96a35b5c	code/src/main/scan.c	572dbaf9cab9a6734656cb6b9a56443a0fb39138	wch/r-source	3da432e44c5ab99eef6da071183fa0ff315381f1	src/main/scan.c	572dbaf9cab9a6734656cb6b9a56443a0fb39138	unchanged_upstream_moved_under_code
isomorphisms/ir	80134ccd43e6fa859772b4838c53ebac96a35b5c	code/src/main/seq.c	4bb4b26324b47c267fbc993afcd02343ab1c476f	wch/r-source	3da432e44c5ab99eef6da071183fa0ff315381f1	src/main/seq.c	4bb4b26324b47c267fbc993afcd02343ab1c476f	unchanged_upstream_moved_under_code
isomorphisms/ir	80134ccd43e6fa859772b4838c53ebac96a35b5c	code/src/main/serialize.c	e5e749a79c8540b8ca802bbf3c60013eeda774e1	wch/r-source	3da432e44c5ab99eef6da071183fa0ff315381f1	src/main/serialize.c	e5e749a79c8540b8ca802bbf3c60013eeda774e1	unchanged_upstream_moved_under_code
isomorphisms/ir	80134ccd43e6fa859772b4838c53ebac96a35b5c	code/src/main/sort.c	19f4a704f7d648282ecacb72b89389910c7a71fd	wch/r-source	3da432e44c5ab99eef6da071183fa0ff315381f1	src/main/sort.c	19f4a704f7d648282ecacb72b89389910c7a71fd	unchanged_upstream_moved_under_code
isomorphisms/ir	80134ccd43e6fa859772b4838c53ebac96a35b5c	code/src/main/source.c	9e15cb23f5f100624351c29fc2a7b10b105033f3	wch/r-source	3da432e44c5ab99eef6da071183fa0ff315381f1	src/main/source.c	9e15cb23f5f100624351c29fc2a7b10b105033f3	unchanged_upstream_moved_under_code
isomorphisms/ir	80134ccd43e6fa859772b4838c53ebac96a35b5c	code/src/main/split-incl.c	82ef91813579e2d8074e9109003c6ccb626a37b5	wch/r-source	3da432e44c5ab99eef6da071183fa0ff315381f1	src/main/split-incl.c	82ef91813579e2d8074e9109003c6ccb626a37b5	unchanged_upstream_moved_under_code
isomorphisms/ir	80134ccd43e6fa859772b4838c53ebac96a35b5c	code/src/main/split.c	00c91283c331b6f7347f2b94792b587a51bb8742	wch/r-source	3da432e44c5ab99eef6da071183fa0ff315381f1	src/main/split.c	00c91283c331b6f7347f2b94792b587a51bb8742	unchanged_upstream_moved_under_code
isomorphisms/ir	80134ccd43e6fa859772b4838c53ebac96a35b5c	code/src/main/sprintf.c	6d880b784c7ff8336a1bedc4d9cc87cb388b3126	wch/r-source	3da432e44c5ab99eef6da071183fa0ff315381f1	src/main/sprintf.c	6d880b784c7ff8336a1bedc4d9cc87cb388b3126	unchanged_upstream_moved_under_code
isomorphisms/ir	80134ccd43e6fa859772b4838c53ebac96a35b5c	code/src/main/startup.c	b154c6412933bc80ad71b412bdb6ddab7d4d7e04	wch/r-source	3da432e44c5ab99eef6da071183fa0ff315381f1	src/main/startup.c	b154c6412933bc80ad71b412bdb6ddab7d4d7e04	unchanged_upstream_moved_under_code
isomorphisms/ir	80134ccd43e6fa859772b4838c53ebac96a35b5c	code/src/main/strdup.c	e0488c861e417bd01e4af293fdb85dfa21c92d06	wch/r-source	3da432e44c5ab99eef6da071183fa0ff315381f1	src/main/strdup.c	e0488c861e417bd01e4af293fdb85dfa21c92d06	unchanged_upstream_moved_under_code
isomorphisms/ir	80134ccd43e6fa859772b4838c53ebac96a35b5c	code/src/main/strncasecmp.c	e7a93018cfdc7df9854e3d4e3f14d7c4212ae823	wch/r-source	3da432e44c5ab99eef6da071183fa0ff315381f1	src/main/strncasecmp.c	e7a93018cfdc7df9854e3d4e3f14d7c4212ae823	unchanged_upstream_moved_under_code
isomorphisms/ir	80134ccd43e6fa859772b4838c53ebac96a35b5c	code/src/main/subassign.c	3911aad6fd3f57352fab304c7bb50638f30cae98	wch/r-source	3da432e44c5ab99eef6da071183fa0ff315381f1	src/main/subassign.c	3911aad6fd3f57352fab304c7bb50638f30cae98	unchanged_upstream_moved_under_code
isomorphisms/ir	80134ccd43e6fa859772b4838c53ebac96a35b5c	code/src/main/subscript.c	df935a7a40317786dd4e53cf9befcd94af2d8bbe	wch/r-source	3da432e44c5ab99eef6da071183fa0ff315381f1	src/main/subscript.c	df935a7a40317786dd4e53cf9befcd94af2d8bbe	unchanged_upstream_moved_under_code
isomorphisms/ir	80134ccd43e6fa859772b4838c53ebac96a35b5c	code/src/main/subset.c	1147c72508baf20e0a5f4606e143b2f5c909c300	wch/r-source	3da432e44c5ab99eef6da071183fa0ff315381f1	src/main/subset.c	1147c72508baf20e0a5f4606e143b2f5c909c300	unchanged_upstream_moved_under_code
isomorphisms/ir	80134ccd43e6fa859772b4838c53ebac96a35b5c	code/src/main/summary.c	19ee6d951a713df9fd5164517eb604f7802b982e	wch/r-source	3da432e44c5ab99eef6da071183fa0ff315381f1	src/main/summary.c	19ee6d951a713df9fd5164517eb604f7802b982e	unchanged_upstream_moved_under_code
isomorphisms/ir	80134ccd43e6fa859772b4838c53ebac96a35b5c	code/src/main/sysutils.c	4ff6debe7a5164b693e55fb82ac0eec016e94350	wch/r-source	3da432e44c5ab99eef6da071183fa0ff315381f1	src/main/sysutils.c	4ff6debe7a5164b693e55fb82ac0eec016e94350	unchanged_upstream_moved_under_code
isomorphisms/ir	80134ccd43e6fa859772b4838c53ebac96a35b5c	code/src/main/times.c	03f6e803e836aac287c6252d2afabe657201a8c8	wch/r-source	3da432e44c5ab99eef6da071183fa0ff315381f1	src/main/times.c	03f6e803e836aac287c6252d2afabe657201a8c8	unchanged_upstream_moved_under_code
isomorphisms/ir	80134ccd43e6fa859772b4838c53ebac96a35b5c	code/src/main/unique.c	696f55c17b7c4d43f291a473ff7014c857123bd9	wch/r-source	3da432e44c5ab99eef6da071183fa0ff315381f1	src/main/unique.c	696f55c17b7c4d43f291a473ff7014c857123bd9	unchanged_upstream_moved_under_code
isomorphisms/ir	80134ccd43e6fa859772b4838c53ebac96a35b5c	code/src/main/unzip.h	8a2314536b36898cd1db2e9e13f3373a16fb83af	wch/r-source	3da432e44c5ab99eef6da071183fa0ff315381f1	src/main/unzip.h	8a2314536b36898cd1db2e9e13f3373a16fb83af	unchanged_upstream_moved_under_code
isomorphisms/ir	80134ccd43e6fa859772b4838c53ebac96a35b5c	code/src/main/util.c	e9f852fe03f8faa05edb4302c2f172179f03c412	wch/r-source	3da432e44c5ab99eef6da071183fa0ff315381f1	src/main/util.c	e9f852fe03f8faa05edb4302c2f172179f03c412	unchanged_upstream_moved_under_code
isomorphisms/ir	80134ccd43e6fa859772b4838c53ebac96a35b5c	code/src/main/valid_utf8.h	25ec8efc45ac25559830df2cf0933946be32fe57	wch/r-source	3da432e44c5ab99eef6da071183fa0ff315381f1	src/main/valid_utf8.h	25ec8efc45ac25559830df2cf0933946be32fe57	unchanged_upstream_moved_under_code
isomorphisms/ir	80134ccd43e6fa859772b4838c53ebac96a35b5c	code/src/main/version.c	6fa78fed4972ebcb686d037fb6af6de9950c094f	wch/r-source	3da432e44c5ab99eef6da071183fa0ff315381f1	src/main/version.c	6fa78fed4972ebcb686d037fb6af6de9950c094f	unchanged_upstream_moved_under_code
isomorphisms/ir	80134ccd43e6fa859772b4838c53ebac96a35b5c	code/src/main/xspline.c	baa4d5f1b5738211a102bd71408c3b95d7729950	wch/r-source	3da432e44c5ab99eef6da071183fa0ff315381f1	src/main/xspline.c	baa4d5f1b5738211a102bd71408c3b95d7729950	unchanged_upstream_moved_under_code
isomorphisms/ir	80134ccd43e6fa859772b4838c53ebac96a35b5c	code/src/modules/internet/internet.c	aec6c7f2d86decd7b8918669c71061a976d7d000	wch/r-source	3da432e44c5ab99eef6da071183fa0ff315381f1	src/modules/internet/internet.c	aec6c7f2d86decd7b8918669c71061a976d7d000	unchanged_upstream_moved_under_code
isomorphisms/ir	80134ccd43e6fa859772b4838c53ebac96a35b5c	code/src/modules/internet/libcurl.c	2b07785d2a3d7096e26aaa68196eaee00b34226f	wch/r-source	3da432e44c5ab99eef6da071183fa0ff315381f1	src/modules/internet/libcurl.c	2b07785d2a3d7096e26aaa68196eaee00b34226f	unchanged_upstream_moved_under_code
isomorphisms/ir	80134ccd43e6fa859772b4838c53ebac96a35b5c	code/src/modules/internet/Rhttpd.c	033d055dab998197917aaa0e38ba80f820bc0f92	wch/r-source	3da432e44c5ab99eef6da071183fa0ff315381f1	src/modules/internet/Rhttpd.c	033d055dab998197917aaa0e38ba80f820bc0f92	unchanged_upstream_moved_under_code
isomorphisms/ir	80134ccd43e6fa859772b4838c53ebac96a35b5c	code/src/modules/internet/Rsock.c	9de1c9e744e5ca8a21bc107c958b05db3941b4fc	wch/r-source	3da432e44c5ab99eef6da071183fa0ff315381f1	src/modules/internet/Rsock.c	9de1c9e744e5ca8a21bc107c958b05db3941b4fc	unchanged_upstream_moved_under_code
isomorphisms/ir	80134ccd43e6fa859772b4838c53ebac96a35b5c	code/src/modules/internet/sock.c	a5d799de339ef1757c47a0e71634d373c705342e	wch/r-source	3da432e44c5ab99eef6da071183fa0ff315381f1	src/modules/internet/sock.c	a5d799de339ef1757c47a0e71634d373c705342e	unchanged_upstream_moved_under_code
isomorphisms/ir	80134ccd43e6fa859772b4838c53ebac96a35b5c	code/src/modules/internet/sock.h	7cd77b5f0f510c8c0833a8fc67f0efb5262d765d	wch/r-source	3da432e44c5ab99eef6da071183fa0ff315381f1	src/modules/internet/sock.h	7cd77b5f0f510c8c0833a8fc67f0efb5262d765d	unchanged_upstream_moved_under_code
isomorphisms/ir	80134ccd43e6fa859772b4838c53ebac96a35b5c	code/src/modules/internet/sockconn.c	6bd0351b9d427b1f7aace674d95897c377311e4d	wch/r-source	3da432e44c5ab99eef6da071183fa0ff315381f1	src/modules/internet/sockconn.c	6bd0351b9d427b1f7aace674d95897c377311e4d	unchanged_upstream_moved_under_code
isomorphisms/ir	80134ccd43e6fa859772b4838c53ebac96a35b5c	code/src/modules/lapack/accelerateLapack.c	d270e2124229edacfd13c06c4796cbb6a157ec6d	wch/r-source	3da432e44c5ab99eef6da071183fa0ff315381f1	src/modules/lapack/accelerateLapack.c	d270e2124229edacfd13c06c4796cbb6a157ec6d	unchanged_upstream_moved_under_code
isomorphisms/ir	80134ccd43e6fa859772b4838c53ebac96a35b5c	code/src/modules/lapack/init_win.c	4820e45dcbfd8595470048e0a1a48f8c04626c05	wch/r-source	3da432e44c5ab99eef6da071183fa0ff315381f1	src/modules/lapack/init_win.c	4820e45dcbfd8595470048e0a1a48f8c04626c05	unchanged_upstream_moved_under_code
isomorphisms/ir	80134ccd43e6fa859772b4838c53ebac96a35b5c	code/src/modules/lapack/Lapack.c	8972af23787d12ac590d51eabcb92ec7f2597332	wch/r-source	3da432e44c5ab99eef6da071183fa0ff315381f1	src/modules/lapack/Lapack.c	8972af23787d12ac590d51eabcb92ec7f2597332	unchanged_upstream_moved_under_code
isomorphisms/ir	80134ccd43e6fa859772b4838c53ebac96a35b5c	code/src/modules/lapack/Lapack.h	bcde453b5859b458947852d592811bfc2da01361	wch/r-source	3da432e44c5ab99eef6da071183fa0ff315381f1	src/modules/lapack/Lapack.h	bcde453b5859b458947852d592811bfc2da01361	unchanged_upstream_moved_under_code
isomorphisms/ir	80134ccd43e6fa859772b4838c53ebac96a35b5c	code/src/modules/lapack/vecLibg95c.c	21d052d8113cab0542abf6b95554ab1e9bf22b93	wch/r-source	3da432e44c5ab99eef6da071183fa0ff315381f1	src/modules/lapack/vecLibg95c.c	21d052d8113cab0542abf6b95554ab1e9bf22b93	unchanged_upstream_moved_under_code
isomorphisms/ir	80134ccd43e6fa859772b4838c53ebac96a35b5c	code/src/modules/X11/bitmap.h	9c9b68c089eede0f8bfa35bb4f73073a5cfeb430	wch/r-source	3da432e44c5ab99eef6da071183fa0ff315381f1	src/modules/X11/bitmap.h	9c9b68c089eede0f8bfa35bb4f73073a5cfeb430	unchanged_upstream_moved_under_code
isomorphisms/ir	80134ccd43e6fa859772b4838c53ebac96a35b5c	code/src/modules/X11/dataentry.c	9288f643e30b071a19e5b82bde231cab96aa8b7d	wch/r-source	3da432e44c5ab99eef6da071183fa0ff315381f1	src/modules/X11/dataentry.c	9288f643e30b071a19e5b82bde231cab96aa8b7d	unchanged_upstream_moved_under_code
isomorphisms/ir	80134ccd43e6fa859772b4838c53ebac96a35b5c	code/src/modules/X11/devX11.c	2164c1571af0436b947714672034cb0255c5d993	wch/r-source	3da432e44c5ab99eef6da071183fa0ff315381f1	src/modules/X11/devX11.c	2164c1571af0436b947714672034cb0255c5d993	unchanged_upstream_moved_under_code
isomorphisms/ir	80134ccd43e6fa859772b4838c53ebac96a35b5c	code/src/modules/X11/devX11.h	24aa4e54ef045953d20e17cb934d1ac9a02698e8	wch/r-source	3da432e44c5ab99eef6da071183fa0ff315381f1	src/modules/X11/devX11.h	24aa4e54ef045953d20e17cb934d1ac9a02698e8	unchanged_upstream_moved_under_code
isomorphisms/ir	80134ccd43e6fa859772b4838c53ebac96a35b5c	code/src/modules/X11/rbitmap.c	db1531102fceea83fc2f21f87ee26f648ab9dbe7	wch/r-source	3da432e44c5ab99eef6da071183fa0ff315381f1	src/modules/X11/rbitmap.c	db1531102fceea83fc2f21f87ee26f648ab9dbe7	unchanged_upstream_moved_under_code
isomorphisms/ir	80134ccd43e6fa859772b4838c53ebac96a35b5c	code/src/modules/X11/rlogo_icon.h	726ef198d0bf26da014d278fbf0b338032830704	wch/r-source	3da432e44c5ab99eef6da071183fa0ff315381f1	src/modules/X11/rlogo_icon.h	726ef198d0bf26da014d278fbf0b338032830704	unchanged_upstream_moved_under_code
isomorphisms/ir	80134ccd43e6fa859772b4838c53ebac96a35b5c	code/src/modules/X11/rotated.c	3f635d22ab46bfae80c7345c16d8763bf9f26701	wch/r-source	3da432e44c5ab99eef6da071183fa0ff315381f1	src/modules/X11/rotated.c	3f635d22ab46bfae80c7345c16d8763bf9f26701	unchanged_upstream_moved_under_code
isomorphisms/ir	80134ccd43e6fa859772b4838c53ebac96a35b5c	code/src/modules/X11/rotated.h	4e7b1b8507c8a85e98264466f78024ffcfda4dc6	wch/r-source	3da432e44c5ab99eef6da071183fa0ff315381f1	src/modules/X11/rotated.h	4e7b1b8507c8a85e98264466f78024ffcfda4dc6	unchanged_upstream_moved_under_code
isomorphisms/ir	80134ccd43e6fa859772b4838c53ebac96a35b5c	code/src/nmath/bd0.c	5cf1e7e099be92f95028fde5e4b1a8e1654682df	wch/r-source	3da432e44c5ab99eef6da071183fa0ff315381f1	src/nmath/bd0.c	5cf1e7e099be92f95028fde5e4b1a8e1654682df	unchanged_upstream_moved_under_code
isomorphisms/ir	80134ccd43e6fa859772b4838c53ebac96a35b5c	code/src/nmath/bessel_i.c	358cf7aaac24bba5807da7ee0f873f663d33bba8	wch/r-source	3da432e44c5ab99eef6da071183fa0ff315381f1	src/nmath/bessel_i.c	358cf7aaac24bba5807da7ee0f873f663d33bba8	unchanged_upstream_moved_under_code
isomorphisms/ir	80134ccd43e6fa859772b4838c53ebac96a35b5c	code/src/nmath/bessel_j.c	4eb2b817c0a5d5424676648869617121da38f441	wch/r-source	3da432e44c5ab99eef6da071183fa0ff315381f1	src/nmath/bessel_j.c	4eb2b817c0a5d5424676648869617121da38f441	unchanged_upstream_moved_under_code
isomorphisms/ir	80134ccd43e6fa859772b4838c53ebac96a35b5c	code/src/nmath/bessel_k.c	85f54cb6523c9578d8a840530c3a207a02796a77	wch/r-source	3da432e44c5ab99eef6da071183fa0ff315381f1	src/nmath/bessel_k.c	85f54cb6523c9578d8a840530c3a207a02796a77	unchanged_upstream_moved_under_code
isomorphisms/ir	80134ccd43e6fa859772b4838c53ebac96a35b5c	code/src/nmath/bessel_y.c	3a6cd29148a5dd3e9ce2a3864f6df3ddb46407b2	wch/r-source	3da432e44c5ab99eef6da071183fa0ff315381f1	src/nmath/bessel_y.c	3a6cd29148a5dd3e9ce2a3864f6df3ddb46407b2	unchanged_upstream_moved_under_code
isomorphisms/ir	80134ccd43e6fa859772b4838c53ebac96a35b5c	code/src/nmath/bessel.h	8b8af4c7a9c52e2215b1d1c5751d5f33351271e1	wch/r-source	3da432e44c5ab99eef6da071183fa0ff315381f1	src/nmath/bessel.h	8b8af4c7a9c52e2215b1d1c5751d5f33351271e1	unchanged_upstream_moved_under_code
isomorphisms/ir	80134ccd43e6fa859772b4838c53ebac96a35b5c	code/src/nmath/beta.c	a75204b3d66244e3b127ec858187949ae8f74a17	wch/r-source	3da432e44c5ab99eef6da071183fa0ff315381f1	src/nmath/beta.c	a75204b3d66244e3b127ec858187949ae8f74a17	unchanged_upstream_moved_under_code
isomorphisms/ir	80134ccd43e6fa859772b4838c53ebac96a35b5c	code/src/nmath/chebyshev.c	f08a7db9278c3a04cb66116f9754db08c3b55c6d	wch/r-source	3da432e44c5ab99eef6da071183fa0ff315381f1	src/nmath/chebyshev.c	f08a7db9278c3a04cb66116f9754db08c3b55c6d	unchanged_upstream_moved_under_code
isomorphisms/ir	80134ccd43e6fa859772b4838c53ebac96a35b5c	code/src/nmath/choose.c	ab61bcef56fc83947cf692c8e3726f47ea53bce2	wch/r-source	3da432e44c5ab99eef6da071183fa0ff315381f1	src/nmath/choose.c	ab61bcef56fc83947cf692c8e3726f47ea53bce2	unchanged_upstream_moved_under_code
isomorphisms/ir	80134ccd43e6fa859772b4838c53ebac96a35b5c	code/src/nmath/cospi.c	e12c6274f64d07a9419ff260147d864f2bb66419	wch/r-source	3da432e44c5ab99eef6da071183fa0ff315381f1	src/nmath/cospi.c	e12c6274f64d07a9419ff260147d864f2bb66419	unchanged_upstream_moved_under_code
isomorphisms/ir	80134ccd43e6fa859772b4838c53ebac96a35b5c	code/src/nmath/d1mach.c	da4059d1015e8bf8c6e46b02e146e846ee8de3d1	wch/r-source	3da432e44c5ab99eef6da071183fa0ff315381f1	src/nmath/d1mach.c	da4059d1015e8bf8c6e46b02e146e846ee8de3d1	unchanged_upstream_moved_under_code
isomorphisms/ir	80134ccd43e6fa859772b4838c53ebac96a35b5c	code/src/nmath/dbeta.c	6f9a9767667873a009a0fb848ef8516199f79c4b	wch/r-source	3da432e44c5ab99eef6da071183fa0ff315381f1	src/nmath/dbeta.c	6f9a9767667873a009a0fb848ef8516199f79c4b	unchanged_upstream_moved_under_code
isomorphisms/ir	80134ccd43e6fa859772b4838c53ebac96a35b5c	code/src/nmath/dbinom.c	1ab1ca411a38e7c72e2a7623339ddf77a55169eb	wch/r-source	3da432e44c5ab99eef6da071183fa0ff315381f1	src/nmath/dbinom.c	1ab1ca411a38e7c72e2a7623339ddf77a55169eb	unchanged_upstream_moved_under_code
isomorphisms/ir	80134ccd43e6fa859772b4838c53ebac96a35b5c	code/src/nmath/dcauchy.c	680adc5a8e958ef99ef3a7a012f77146ce5841a7	wch/r-source	3da432e44c5ab99eef6da071183fa0ff315381f1	src/nmath/dcauchy.c	680adc5a8e958ef99ef3a7a012f77146ce5841a7	unchanged_upstream_moved_under_code
isomorphisms/ir	80134ccd43e6fa859772b4838c53ebac96a35b5c	code/src/nmath/dchisq.c	040e7c805f6b60d25085caa05efb5c4462f0d797	wch/r-source	3da432e44c5ab99eef6da071183fa0ff315381f1	src/nmath/dchisq.c	040e7c805f6b60d25085caa05efb5c4462f0d797	unchanged_upstream_moved_under_code
isomorphisms/ir	80134ccd43e6fa859772b4838c53ebac96a35b5c	code/src/nmath/dexp.c	12cc593fc902b4c3d73ffc2cacb8fff51b873409	wch/r-source	3da432e44c5ab99eef6da071183fa0ff315381f1	src/nmath/dexp.c	12cc593fc902b4c3d73ffc2cacb8fff51b873409	unchanged_upstream_moved_under_code
isomorphisms/ir	80134ccd43e6fa859772b4838c53ebac96a35b5c	code/src/nmath/df.c	cf3a84c83616489849247dd0814c4340978357c3	wch/r-source	3da432e44c5ab99eef6da071183fa0ff315381f1	src/nmath/df.c	cf3a84c83616489849247dd0814c4340978357c3	unchanged_upstream_moved_under_code
isomorphisms/ir	80134ccd43e6fa859772b4838c53ebac96a35b5c	code/src/nmath/dgamma.c	9449d83a086f27ab2979054e9af0abc6332c8de6	wch/r-source	3da432e44c5ab99eef6da071183fa0ff315381f1	src/nmath/dgamma.c	9449d83a086f27ab2979054e9af0abc6332c8de6	unchanged_upstream_moved_under_code
isomorphisms/ir	80134ccd43e6fa859772b4838c53ebac96a35b5c	code/src/nmath/dgeom.c	a741639f7272a0e265e32a512b4607e2e4d5089c	wch/r-source	3da432e44c5ab99eef6da071183fa0ff315381f1	src/nmath/dgeom.c	a741639f7272a0e265e32a512b4607e2e4d5089c	unchanged_upstream_moved_under_code
isomorphisms/ir	80134ccd43e6fa859772b4838c53ebac96a35b5c	code/src/nmath/dhyper.c	79cdc353a7bcb8e92ef6a963115e07d0fd73c9f4	wch/r-source	3da432e44c5ab99eef6da071183fa0ff315381f1	src/nmath/dhyper.c	79cdc353a7bcb8e92ef6a963115e07d0fd73c9f4	unchanged_upstream_moved_under_code
isomorphisms/ir	80134ccd43e6fa859772b4838c53ebac96a35b5c	code/src/nmath/dlnorm.c	8ee44093248c6379c2bc1f061810fa4e3697aff1	wch/r-source	3da432e44c5ab99eef6da071183fa0ff315381f1	src/nmath/dlnorm.c	8ee44093248c6379c2bc1f061810fa4e3697aff1	unchanged_upstream_moved_under_code
isomorphisms/ir	80134ccd43e6fa859772b4838c53ebac96a35b5c	code/src/nmath/dlogis.c	7d5f3a7f32e53b9e266986b790feca6073459427	wch/r-source	3da432e44c5ab99eef6da071183fa0ff315381f1	src/nmath/dlogis.c	7d5f3a7f32e53b9e266986b790feca6073459427	unchanged_upstream_moved_under_code
isomorphisms/ir	80134ccd43e6fa859772b4838c53ebac96a35b5c	code/src/nmath/dnbeta.c	d9719f911f0a84078d37f9752c9a6733b148aed1	wch/r-source	3da432e44c5ab99eef6da071183fa0ff315381f1	src/nmath/dnbeta.c	d9719f911f0a84078d37f9752c9a6733b148aed1	unchanged_upstream_moved_under_code
isomorphisms/ir	80134ccd43e6fa859772b4838c53ebac96a35b5c	code/src/nmath/dnbinom.c	5eef498081a2d2db031d2084e215b114703ad743	wch/r-source	3da432e44c5ab99eef6da071183fa0ff315381f1	src/nmath/dnbinom.c	5eef498081a2d2db031d2084e215b114703ad743	unchanged_upstream_moved_under_code
isomorphisms/ir	80134ccd43e6fa859772b4838c53ebac96a35b5c	code/src/nmath/dnchisq.c	053d8b3c0035a2961c6110e35fd7e616da56a4a4	wch/r-source	3da432e44c5ab99eef6da071183fa0ff315381f1	src/nmath/dnchisq.c	053d8b3c0035a2961c6110e35fd7e616da56a4a4	unchanged_upstream_moved_under_code
isomorphisms/ir	80134ccd43e6fa859772b4838c53ebac96a35b5c	code/src/nmath/dnf.c	4fb871e666452377eb8e8a725e2e2ffb2c2287db	wch/r-source	3da432e44c5ab99eef6da071183fa0ff315381f1	src/nmath/dnf.c	4fb871e666452377eb8e8a725e2e2ffb2c2287db	unchanged_upstream_moved_under_code
isomorphisms/ir	80134ccd43e6fa859772b4838c53ebac96a35b5c	code/src/nmath/dnorm.c	cc113e02f19a1ac9dc704fb835c3c212738880c9	wch/r-source	3da432e44c5ab99eef6da071183fa0ff315381f1	src/nmath/dnorm.c	cc113e02f19a1ac9dc704fb835c3c212738880c9	unchanged_upstream_moved_under_code
isomorphisms/ir	80134ccd43e6fa859772b4838c53ebac96a35b5c	code/src/nmath/dnt.c	f6a4c6cfdc9e77c981719a550469399ed91491f5	wch/r-source	3da432e44c5ab99eef6da071183fa0ff315381f1	src/nmath/dnt.c	f6a4c6cfdc9e77c981719a550469399ed91491f5	unchanged_upstream_moved_under_code
isomorphisms/ir	80134ccd43e6fa859772b4838c53ebac96a35b5c	code/src/nmath/dpois.c	7a78783504aacb17f1ad190bf87d9b4d5b9a5795	wch/r-source	3da432e44c5ab99eef6da071183fa0ff315381f1	src/nmath/dpois.c	7a78783504aacb17f1ad190bf87d9b4d5b9a5795	unchanged_upstream_moved_under_code
isomorphisms/ir	80134ccd43e6fa859772b4838c53ebac96a35b5c	code/src/nmath/dpq.h	88affab155a18c5e185a7243bec2cd0c112a4fd0	wch/r-source	3da432e44c5ab99eef6da071183fa0ff315381f1	src/nmath/dpq.h	88affab155a18c5e185a7243bec2cd0c112a4fd0	unchanged_upstream_moved_under_code
isomorphisms/ir	80134ccd43e6fa859772b4838c53ebac96a35b5c	code/src/nmath/dt.c	5dc128c434fa40b06c14d8ef235147ec0310a2be	wch/r-source	3da432e44c5ab99eef6da071183fa0ff315381f1	src/nmath/dt.c	5dc128c434fa40b06c14d8ef235147ec0310a2be	unchanged_upstream_moved_under_code
isomorphisms/ir	80134ccd43e6fa859772b4838c53ebac96a35b5c	code/src/nmath/dunif.c	40db4e9691afbc02347c5b1b47ed02e38c7811ee	wch/r-source	3da432e44c5ab99eef6da071183fa0ff315381f1	src/nmath/dunif.c	40db4e9691afbc02347c5b1b47ed02e38c7811ee	unchanged_upstream_moved_under_code
isomorphisms/ir	80134ccd43e6fa859772b4838c53ebac96a35b5c	code/src/nmath/dweibull.c	bcb782193bbc13cbea3aa5d226534c29d97630d8	wch/r-source	3da432e44c5ab99eef6da071183fa0ff315381f1	src/nmath/dweibull.c	bcb782193bbc13cbea3aa5d226534c29d97630d8	unchanged_upstream_moved_under_code
isomorphisms/ir	80134ccd43e6fa859772b4838c53ebac96a35b5c	code/src/nmath/fmax2.c	bbe0dd8f411c49b38ff7df7a9cceb18d6254b570	wch/r-source	3da432e44c5ab99eef6da071183fa0ff315381f1	src/nmath/fmax2.c	bbe0dd8f411c49b38ff7df7a9cceb18d6254b570	unchanged_upstream_moved_under_code
isomorphisms/ir	80134ccd43e6fa859772b4838c53ebac96a35b5c	code/src/nmath/fmin2.c	11cd790ed14ce23da04a6652aaf810d4fb5c2938	wch/r-source	3da432e44c5ab99eef6da071183fa0ff315381f1	src/nmath/fmin2.c	11cd790ed14ce23da04a6652aaf810d4fb5c2938	unchanged_upstream_moved_under_code
isomorphisms/ir	80134ccd43e6fa859772b4838c53ebac96a35b5c	code/src/nmath/fprec.c	2fadcabce8fdca20a535d7a4ccc137bea00b490d	wch/r-source	3da432e44c5ab99eef6da071183fa0ff315381f1	src/nmath/fprec.c	2fadcabce8fdca20a535d7a4ccc137bea00b490d	unchanged_upstream_moved_under_code
isomorphisms/ir	80134ccd43e6fa859772b4838c53ebac96a35b5c	code/src/nmath/fround.c	36c7c0bcdf48f0d92015f642121a474a83c8795b	wch/r-source	3da432e44c5ab99eef6da071183fa0ff315381f1	src/nmath/fround.c	36c7c0bcdf48f0d92015f642121a474a83c8795b	unchanged_upstream_moved_under_code
isomorphisms/ir	80134ccd43e6fa859772b4838c53ebac96a35b5c	code/src/nmath/fsign.c	286afbc01c6886c089b1c97c20989b56ba720c70	wch/r-source	3da432e44c5ab99eef6da071183fa0ff315381f1	src/nmath/fsign.c	286afbc01c6886c089b1c97c20989b56ba720c70	unchanged_upstream_moved_under_code
isomorphisms/ir	80134ccd43e6fa859772b4838c53ebac96a35b5c	code/src/nmath/ftrunc.c	87c721806d973d6ab0a1cebae960824805203141	wch/r-source	3da432e44c5ab99eef6da071183fa0ff315381f1	src/nmath/ftrunc.c	87c721806d973d6ab0a1cebae960824805203141	unchanged_upstream_moved_under_code
isomorphisms/ir	80134ccd43e6fa859772b4838c53ebac96a35b5c	code/src/nmath/gamma_cody.c	072849607b63da42b4bda2082c44b792948e4c53	wch/r-source	3da432e44c5ab99eef6da071183fa0ff315381f1	src/nmath/gamma_cody.c	072849607b63da42b4bda2082c44b792948e4c53	unchanged_upstream_moved_under_code
isomorphisms/ir	80134ccd43e6fa859772b4838c53ebac96a35b5c	code/src/nmath/gamma.c	0a2b854e152911c85d9f0eeba92955bac3f24de9	wch/r-source	3da432e44c5ab99eef6da071183fa0ff315381f1	src/nmath/gamma.c	0a2b854e152911c85d9f0eeba92955bac3f24de9	unchanged_upstream_moved_under_code
isomorphisms/ir	80134ccd43e6fa859772b4838c53ebac96a35b5c	code/src/nmath/gammalims.c	9a380e95542de9c6a9fb9c623e39f682d3819009	wch/r-source	3da432e44c5ab99eef6da071183fa0ff315381f1	src/nmath/gammalims.c	9a380e95542de9c6a9fb9c623e39f682d3819009	unchanged_upstream_moved_under_code
isomorphisms/ir	80134ccd43e6fa859772b4838c53ebac96a35b5c	code/src/nmath/i1mach.c	7011f91517c0aef27073f3ba5d03c980a8b14386	wch/r-source	3da432e44c5ab99eef6da071183fa0ff315381f1	src/nmath/i1mach.c	7011f91517c0aef27073f3ba5d03c980a8b14386	unchanged_upstream_moved_under_code
isomorphisms/ir	80134ccd43e6fa859772b4838c53ebac96a35b5c	code/src/nmath/imax2.c	f7886effef354e04fef680489b93dd06eee3673c	wch/r-source	3da432e44c5ab99eef6da071183fa0ff315381f1	src/nmath/imax2.c	f7886effef354e04fef680489b93dd06eee3673c	unchanged_upstream_moved_under_code
isomorphisms/ir	80134ccd43e6fa859772b4838c53ebac96a35b5c	code/src/nmath/imin2.c	500bc57d8fc4b3fbe2f2f4b373c1e850e2e69824	wch/r-source	3da432e44c5ab99eef6da071183fa0ff315381f1	src/nmath/imin2.c	500bc57d8fc4b3fbe2f2f4b373c1e850e2e69824	unchanged_upstream_moved_under_code
isomorphisms/ir	80134ccd43e6fa859772b4838c53ebac96a35b5c	code/src/nmath/lbeta.c	76a734f227114d31aec8f7f547a75d49d46feed7	wch/r-source	3da432e44c5ab99eef6da071183fa0ff315381f1	src/nmath/lbeta.c	76a734f227114d31aec8f7f547a75d49d46feed7	unchanged_upstream_moved_under_code
isomorphisms/ir	80134ccd43e6fa859772b4838c53ebac96a35b5c	code/src/nmath/lgamma.c	c80ca10ddbcdf8890ed4f79446c7f7e2dd927030	wch/r-source	3da432e44c5ab99eef6da071183fa0ff315381f1	src/nmath/lgamma.c	c80ca10ddbcdf8890ed4f79446c7f7e2dd927030	unchanged_upstream_moved_under_code
isomorphisms/ir	80134ccd43e6fa859772b4838c53ebac96a35b5c	code/src/nmath/lgammacor.c	7cce85e70bc1bfdb6b0a4609c5725b6250547be4	wch/r-source	3da432e44c5ab99eef6da071183fa0ff315381f1	src/nmath/lgammacor.c	7cce85e70bc1bfdb6b0a4609c5725b6250547be4	unchanged_upstream_moved_under_code
isomorphisms/ir	80134ccd43e6fa859772b4838c53ebac96a35b5c	code/src/nmath/log1p.c	a87e5bf8aa711f49f8f1a32f946c4ef2c9afdea9	wch/r-source	3da432e44c5ab99eef6da071183fa0ff315381f1	src/nmath/log1p.c	a87e5bf8aa711f49f8f1a32f946c4ef2c9afdea9	unchanged_upstream_moved_under_code
isomorphisms/ir	80134ccd43e6fa859772b4838c53ebac96a35b5c	code/src/nmath/mlutils.c	d68999f86631022b1d03c2325123fbc7c9ddda86	wch/r-source	3da432e44c5ab99eef6da071183fa0ff315381f1	src/nmath/mlutils.c	d68999f86631022b1d03c2325123fbc7c9ddda86	unchanged_upstream_moved_under_code
isomorphisms/ir	80134ccd43e6fa859772b4838c53ebac96a35b5c	code/src/nmath/nmath.h	acf7033dab03875b60f0c4e546439b7db8ea1947	wch/r-source	3da432e44c5ab99eef6da071183fa0ff315381f1	src/nmath/nmath.h	acf7033dab03875b60f0c4e546439b7db8ea1947	unchanged_upstream_moved_under_code
isomorphisms/ir	80134ccd43e6fa859772b4838c53ebac96a35b5c	code/src/nmath/nmath2.h	fc7ee845c60d1e3d45b1a3fdded26f706a1b9e5a	wch/r-source	3da432e44c5ab99eef6da071183fa0ff315381f1	src/nmath/nmath2.h	fc7ee845c60d1e3d45b1a3fdded26f706a1b9e5a	unchanged_upstream_moved_under_code
isomorphisms/ir	80134ccd43e6fa859772b4838c53ebac96a35b5c	code/src/nmath/pbeta.c	28aba9a3ed619179ce114b8a14823fcd228570f8	wch/r-source	3da432e44c5ab99eef6da071183fa0ff315381f1	src/nmath/pbeta.c	28aba9a3ed619179ce114b8a14823fcd228570f8	unchanged_upstream_moved_under_code
isomorphisms/ir	80134ccd43e6fa859772b4838c53ebac96a35b5c	code/src/nmath/pbinom.c	0314c4f44ee6ec66496b5338e95c01784765d2a7	wch/r-source	3da432e44c5ab99eef6da071183fa0ff315381f1	src/nmath/pbinom.c	0314c4f44ee6ec66496b5338e95c01784765d2a7	unchanged_upstream_moved_under_code
isomorphisms/ir	80134ccd43e6fa859772b4838c53ebac96a35b5c	code/src/nmath/pcauchy.c	eefcfa3313733de4fdcc3148ecf501cc38c1999d	wch/r-source	3da432e44c5ab99eef6da071183fa0ff315381f1	src/nmath/pcauchy.c	eefcfa3313733de4fdcc3148ecf501cc38c1999d	unchanged_upstream_moved_under_code
isomorphisms/ir	80134ccd43e6fa859772b4838c53ebac96a35b5c	code/src/nmath/pchisq.c	c04051e6919a283136443acd6a56be6fa1ee1114	wch/r-source	3da432e44c5ab99eef6da071183fa0ff315381f1	src/nmath/pchisq.c	c04051e6919a283136443acd6a56be6fa1ee1114	unchanged_upstream_moved_under_code
isomorphisms/ir	80134ccd43e6fa859772b4838c53ebac96a35b5c	code/src/nmath/pexp.c	8f63bfaa8b9d911822046f2e89b167868207cc8c	wch/r-source	3da432e44c5ab99eef6da071183fa0ff315381f1	src/nmath/pexp.c	8f63bfaa8b9d911822046f2e89b167868207cc8c	unchanged_upstream_moved_under_code
isomorphisms/ir	80134ccd43e6fa859772b4838c53ebac96a35b5c	code/src/nmath/pf.c	ba6148fe2ec6e3b6e0d1f9ebb284df8fbb5d5159	wch/r-source	3da432e44c5ab99eef6da071183fa0ff315381f1	src/nmath/pf.c	ba6148fe2ec6e3b6e0d1f9ebb284df8fbb5d5159	unchanged_upstream_moved_under_code
isomorphisms/ir	80134ccd43e6fa859772b4838c53ebac96a35b5c	code/src/nmath/pgamma.c	4dc8b58055fa2dc50b68b9e7426b73a6f85806a0	wch/r-source	3da432e44c5ab99eef6da071183fa0ff315381f1	src/nmath/pgamma.c	4dc8b58055fa2dc50b68b9e7426b73a6f85806a0	unchanged_upstream_moved_under_code
isomorphisms/ir	80134ccd43e6fa859772b4838c53ebac96a35b5c	code/src/nmath/pgeom.c	11e6715d434d5b8ae1c85ba264c2c7fcff677d49	wch/r-source	3da432e44c5ab99eef6da071183fa0ff315381f1	src/nmath/pgeom.c	11e6715d434d5b8ae1c85ba264c2c7fcff677d49	unchanged_upstream_moved_under_code
isomorphisms/ir	80134ccd43e6fa859772b4838c53ebac96a35b5c	code/src/nmath/phyper.c	14b410532e5ffefb8e3a5ef482d4f1c2e5d9fa0b	wch/r-source	3da432e44c5ab99eef6da071183fa0ff315381f1	src/nmath/phyper.c	14b410532e5ffefb8e3a5ef482d4f1c2e5d9fa0b	unchanged_upstream_moved_under_code
isomorphisms/ir	80134ccd43e6fa859772b4838c53ebac96a35b5c	code/src/nmath/plnorm.c	71d9fbd7a989bb5326cac538e782e683d72f3cd4	wch/r-source	3da432e44c5ab99eef6da071183fa0ff315381f1	src/nmath/plnorm.c	71d9fbd7a989bb5326cac538e782e683d72f3cd4	unchanged_upstream_moved_under_code
isomorphisms/ir	80134ccd43e6fa859772b4838c53ebac96a35b5c	code/src/nmath/plogis.c	df679fe08a3358603a8165404b78c1ffb324d80a	wch/r-source	3da432e44c5ab99eef6da071183fa0ff315381f1	src/nmath/plogis.c	df679fe08a3358603a8165404b78c1ffb324d80a	unchanged_upstream_moved_under_code
isomorphisms/ir	80134ccd43e6fa859772b4838c53ebac96a35b5c	code/src/nmath/pnbeta.c	4401baa164d2a8503bee1038ba46296bf10f94b3	wch/r-source	3da432e44c5ab99eef6da071183fa0ff315381f1	src/nmath/pnbeta.c	4401baa164d2a8503bee1038ba46296bf10f94b3	unchanged_upstream_moved_under_code
isomorphisms/ir	80134ccd43e6fa859772b4838c53ebac96a35b5c	code/src/nmath/pnbinom.c	a6bc0a6d97b6d10977535437dcb01ec2f55bcb15	wch/r-source	3da432e44c5ab99eef6da071183fa0ff315381f1	src/nmath/pnbinom.c	a6bc0a6d97b6d10977535437dcb01ec2f55bcb15	unchanged_upstream_moved_under_code
isomorphisms/ir	80134ccd43e6fa859772b4838c53ebac96a35b5c	code/src/nmath/pnchisq.c	144bbc83f05803e65ebbe21a1621b918c13608eb	wch/r-source	3da432e44c5ab99eef6da071183fa0ff315381f1	src/nmath/pnchisq.c	144bbc83f05803e65ebbe21a1621b918c13608eb	unchanged_upstream_moved_under_code
isomorphisms/ir	80134ccd43e6fa859772b4838c53ebac96a35b5c	code/src/nmath/pnf.c	4861b0da6f6d5d70677b4b70200d2b3edf74d518	wch/r-source	3da432e44c5ab99eef6da071183fa0ff315381f1	src/nmath/pnf.c	4861b0da6f6d5d70677b4b70200d2b3edf74d518	unchanged_upstream_moved_under_code
isomorphisms/ir	80134ccd43e6fa859772b4838c53ebac96a35b5c	code/src/nmath/pnorm.c	8006fd6df425521cee5e95d8d88d68de789ba387	wch/r-source	3da432e44c5ab99eef6da071183fa0ff315381f1	src/nmath/pnorm.c	8006fd6df425521cee5e95d8d88d68de789ba387	unchanged_upstream_moved_under_code
isomorphisms/ir	80134ccd43e6fa859772b4838c53ebac96a35b5c	code/src/nmath/pnt.c	d1774ff7704a96afd86533623406eb129ca85cad	wch/r-source	3da432e44c5ab99eef6da071183fa0ff315381f1	src/nmath/pnt.c	d1774ff7704a96afd86533623406eb129ca85cad	unchanged_upstream_moved_under_code
isomorphisms/ir	80134ccd43e6fa859772b4838c53ebac96a35b5c	code/src/nmath/polygamma.c	5e3b0a0f944c0663a6fdfcc0406079bbc4e7eb05	wch/r-source	3da432e44c5ab99eef6da071183fa0ff315381f1	src/nmath/polygamma.c	5e3b0a0f944c0663a6fdfcc0406079bbc4e7eb05	unchanged_upstream_moved_under_code
isomorphisms/ir	80134ccd43e6fa859772b4838c53ebac96a35b5c	code/src/nmath/ppois.c	b56b74c7f0199ef8ae52b09a173bd5da56145c15	wch/r-source	3da432e44c5ab99eef6da071183fa0ff315381f1	src/nmath/ppois.c	b56b74c7f0199ef8ae52b09a173bd5da56145c15	unchanged_upstream_moved_under_code
isomorphisms/ir	80134ccd43e6fa859772b4838c53ebac96a35b5c	code/src/nmath/pt.c	d0250ba82589851136a0ec7d08053066a2461e32	wch/r-source	3da432e44c5ab99eef6da071183fa0ff315381f1	src/nmath/pt.c	d0250ba82589851136a0ec7d08053066a2461e32	unchanged_upstream_moved_under_code
isomorphisms/ir	80134ccd43e6fa859772b4838c53ebac96a35b5c	code/src/nmath/ptukey.c	1e70f411d6513bb3fcdd8311828bd4134bfe073b	wch/r-source	3da432e44c5ab99eef6da071183fa0ff315381f1	src/nmath/ptukey.c	1e70f411d6513bb3fcdd8311828bd4134bfe073b	unchanged_upstream_moved_under_code
isomorphisms/ir	80134ccd43e6fa859772b4838c53ebac96a35b5c	code/src/nmath/punif.c	f72b0c0ad9811d52d310e5dcbf388d8c1fe00b17	wch/r-source	3da432e44c5ab99eef6da071183fa0ff315381f1	src/nmath/punif.c	f72b0c0ad9811d52d310e5dcbf388d8c1fe00b17	unchanged_upstream_moved_under_code
isomorphisms/ir	80134ccd43e6fa859772b4838c53ebac96a35b5c	code/src/nmath/pweibull.c	4d625a9d134d5cef647ad23c8e8457e6216c0d95	wch/r-source	3da432e44c5ab99eef6da071183fa0ff315381f1	src/nmath/pweibull.c	4d625a9d134d5cef647ad23c8e8457e6216c0d95	unchanged_upstream_moved_under_code
isomorphisms/ir	80134ccd43e6fa859772b4838c53ebac96a35b5c	code/src/nmath/qbeta.c	c725645a0074c5d7e42a46dd5ccd0214e586fcd7	wch/r-source	3da432e44c5ab99eef6da071183fa0ff315381f1	src/nmath/qbeta.c	c725645a0074c5d7e42a46dd5ccd0214e586fcd7	unchanged_upstream_moved_under_code
isomorphisms/ir	80134ccd43e6fa859772b4838c53ebac96a35b5c	code/src/nmath/qbinom.c	0edc069f9b7893c168dcc28bf7577351054a1e73	wch/r-source	3da432e44c5ab99eef6da071183fa0ff315381f1	src/nmath/qbinom.c	0edc069f9b7893c168dcc28bf7577351054a1e73	unchanged_upstream_moved_under_code
isomorphisms/ir	80134ccd43e6fa859772b4838c53ebac96a35b5c	code/src/nmath/qcauchy.c	24ec5ae68e1d8553b14e2adfb458f77e592968b1	wch/r-source	3da432e44c5ab99eef6da071183fa0ff315381f1	src/nmath/qcauchy.c	24ec5ae68e1d8553b14e2adfb458f77e592968b1	unchanged_upstream_moved_under_code
isomorphisms/ir	80134ccd43e6fa859772b4838c53ebac96a35b5c	code/src/nmath/qchisq.c	91dba2a67c39e9679a30fd2307122bc1e1a7f752	wch/r-source	3da432e44c5ab99eef6da071183fa0ff315381f1	src/nmath/qchisq.c	91dba2a67c39e9679a30fd2307122bc1e1a7f752	unchanged_upstream_moved_under_code
isomorphisms/ir	80134ccd43e6fa859772b4838c53ebac96a35b5c	code/src/nmath/qDiscrete_search.h	bf6ea65c8a9fe2af88eb7feffba85b122fea8421	wch/r-source	3da432e44c5ab99eef6da071183fa0ff315381f1	src/nmath/qDiscrete_search.h	bf6ea65c8a9fe2af88eb7feffba85b122fea8421	unchanged_upstream_moved_under_code
isomorphisms/ir	80134ccd43e6fa859772b4838c53ebac96a35b5c	code/src/nmath/qexp.c	ebf3c152dacdb2cdf0b6f29ddde8270ae47d0e5b	wch/r-source	3da432e44c5ab99eef6da071183fa0ff315381f1	src/nmath/qexp.c	ebf3c152dacdb2cdf0b6f29ddde8270ae47d0e5b	unchanged_upstream_moved_under_code
isomorphisms/ir	80134ccd43e6fa859772b4838c53ebac96a35b5c	code/src/nmath/qf.c	f22124e7c20f8176c80c4dd508fc12618c58cdf0	wch/r-source	3da432e44c5ab99eef6da071183fa0ff315381f1	src/nmath/qf.c	f22124e7c20f8176c80c4dd508fc12618c58cdf0	unchanged_upstream_moved_under_code
isomorphisms/ir	80134ccd43e6fa859772b4838c53ebac96a35b5c	code/src/nmath/qgamma.c	76250e424fba3e21cbc231417110b54ff6b4d61a	wch/r-source	3da432e44c5ab99eef6da071183fa0ff315381f1	src/nmath/qgamma.c	76250e424fba3e21cbc231417110b54ff6b4d61a	unchanged_upstream_moved_under_code
isomorphisms/ir	80134ccd43e6fa859772b4838c53ebac96a35b5c	code/src/nmath/qgeom.c	6a1cfbd443f2b008a333281020b56e082dff6a55	wch/r-source	3da432e44c5ab99eef6da071183fa0ff315381f1	src/nmath/qgeom.c	6a1cfbd443f2b008a333281020b56e082dff6a55	unchanged_upstream_moved_under_code
isomorphisms/ir	80134ccd43e6fa859772b4838c53ebac96a35b5c	code/src/nmath/qhyper.c	206ab533be85337a29768f679e215b9392a1119c	wch/r-source	3da432e44c5ab99eef6da071183fa0ff315381f1	src/nmath/qhyper.c	206ab533be85337a29768f679e215b9392a1119c	unchanged_upstream_moved_under_code
isomorphisms/ir	80134ccd43e6fa859772b4838c53ebac96a35b5c	code/src/nmath/qlnorm.c	ea3052047fe1c5f87254d26f535186b2a6a75f46	wch/r-source	3da432e44c5ab99eef6da071183fa0ff315381f1	src/nmath/qlnorm.c	ea3052047fe1c5f87254d26f535186b2a6a75f46	unchanged_upstream_moved_under_code
isomorphisms/ir	80134ccd43e6fa859772b4838c53ebac96a35b5c	code/src/nmath/qlogis.c	1957f8e39ba4411f44792fe78b995babb8f19e83	wch/r-source	3da432e44c5ab99eef6da071183fa0ff315381f1	src/nmath/qlogis.c	1957f8e39ba4411f44792fe78b995babb8f19e83	unchanged_upstream_moved_under_code
isomorphisms/ir	80134ccd43e6fa859772b4838c53ebac96a35b5c	code/src/nmath/qnbeta.c	5c7b52a71b55fa00a81e152eb62df391cda64832	wch/r-source	3da432e44c5ab99eef6da071183fa0ff315381f1	src/nmath/qnbeta.c	5c7b52a71b55fa00a81e152eb62df391cda64832	unchanged_upstream_moved_under_code
isomorphisms/ir	80134ccd43e6fa859772b4838c53ebac96a35b5c	code/src/nmath/qnbinom_mu.c	d1b8ca55fc698615f913d9db5d81391997ea7ab8	wch/r-source	3da432e44c5ab99eef6da071183fa0ff315381f1	src/nmath/qnbinom_mu.c	d1b8ca55fc698615f913d9db5d81391997ea7ab8	unchanged_upstream_moved_under_code
isomorphisms/ir	80134ccd43e6fa859772b4838c53ebac96a35b5c	code/src/nmath/qnbinom.c	2ba5554729b9eb39bcf0d9ffae303c0b59a89599	wch/r-source	3da432e44c5ab99eef6da071183fa0ff315381f1	src/nmath/qnbinom.c	2ba5554729b9eb39bcf0d9ffae303c0b59a89599	unchanged_upstream_moved_under_code
isomorphisms/ir	80134ccd43e6fa859772b4838c53ebac96a35b5c	code/src/nmath/qnchisq.c	6893bfaebee14c947abb788b8d6818faf15abb00	wch/r-source	3da432e44c5ab99eef6da071183fa0ff315381f1	src/nmath/qnchisq.c	6893bfaebee14c947abb788b8d6818faf15abb00	unchanged_upstream_moved_under_code
isomorphisms/ir	80134ccd43e6fa859772b4838c53ebac96a35b5c	code/src/nmath/qnf.c	e98b0bbd21e4813a0a50935c218637788217a65a	wch/r-source	3da432e44c5ab99eef6da071183fa0ff315381f1	src/nmath/qnf.c	e98b0bbd21e4813a0a50935c218637788217a65a	unchanged_upstream_moved_under_code
isomorphisms/ir	80134ccd43e6fa859772b4838c53ebac96a35b5c	code/src/nmath/qnorm.c	ec80d3647b7c07ea6c7d6a5f4dbba6d759dc85a1	wch/r-source	3da432e44c5ab99eef6da071183fa0ff315381f1	src/nmath/qnorm.c	ec80d3647b7c07ea6c7d6a5f4dbba6d759dc85a1	unchanged_upstream_moved_under_code
isomorphisms/ir	80134ccd43e6fa859772b4838c53ebac96a35b5c	code/src/nmath/qnt.c	0b782308414df4f349ccfb07e984b516f64fa515	wch/r-source	3da432e44c5ab99eef6da071183fa0ff315381f1	src/nmath/qnt.c	0b782308414df4f349ccfb07e984b516f64fa515	unchanged_upstream_moved_under_code
isomorphisms/ir	80134ccd43e6fa859772b4838c53ebac96a35b5c	code/src/nmath/qpois.c	b5c81e9e9a9b09c3352ba2a78c16d95a0a5ed4d7	wch/r-source	3da432e44c5ab99eef6da071183fa0ff315381f1	src/nmath/qpois.c	b5c81e9e9a9b09c3352ba2a78c16d95a0a5ed4d7	unchanged_upstream_moved_under_code
isomorphisms/ir	80134ccd43e6fa859772b4838c53ebac96a35b5c	code/src/nmath/qt.c	b3ef6b48cc819f1a882ef8abf3a144041246f25c	wch/r-source	3da432e44c5ab99eef6da071183fa0ff315381f1	src/nmath/qt.c	b3ef6b48cc819f1a882ef8abf3a144041246f25c	unchanged_upstream_moved_under_code
isomorphisms/ir	80134ccd43e6fa859772b4838c53ebac96a35b5c	code/src/nmath/qtukey.c	f8ed298d862f7e00f5be6307637f70d10d214f85	wch/r-source	3da432e44c5ab99eef6da071183fa0ff315381f1	src/nmath/qtukey.c	f8ed298d862f7e00f5be6307637f70d10d214f85	unchanged_upstream_moved_under_code
isomorphisms/ir	80134ccd43e6fa859772b4838c53ebac96a35b5c	code/src/nmath/qunif.c	eb736848e8ecc5e81152ca7ce8b4509ff66a3f75	wch/r-source	3da432e44c5ab99eef6da071183fa0ff315381f1	src/nmath/qunif.c	eb736848e8ecc5e81152ca7ce8b4509ff66a3f75	unchanged_upstream_moved_under_code
isomorphisms/ir	80134ccd43e6fa859772b4838c53ebac96a35b5c	code/src/nmath/qweibull.c	a651a3dfd7baff899cca8ccfa8b4d820786d5465	wch/r-source	3da432e44c5ab99eef6da071183fa0ff315381f1	src/nmath/qweibull.c	a651a3dfd7baff899cca8ccfa8b4d820786d5465	unchanged_upstream_moved_under_code
isomorphisms/ir	80134ccd43e6fa859772b4838c53ebac96a35b5c	code/src/nmath/rbeta.c	045451e5213d0b0ad783f17000699525ea2f89ad	wch/r-source	3da432e44c5ab99eef6da071183fa0ff315381f1	src/nmath/rbeta.c	045451e5213d0b0ad783f17000699525ea2f89ad	unchanged_upstream_moved_under_code
isomorphisms/ir	80134ccd43e6fa859772b4838c53ebac96a35b5c	code/src/nmath/rbinom.c	80f00aac7465b6bffa6c4885ff772b7543acba22	wch/r-source	3da432e44c5ab99eef6da071183fa0ff315381f1	src/nmath/rbinom.c	80f00aac7465b6bffa6c4885ff772b7543acba22	unchanged_upstream_moved_under_code
isomorphisms/ir	80134ccd43e6fa859772b4838c53ebac96a35b5c	code/src/nmath/rcauchy.c	b8b6055addbf47b85608f2f746f69950c89f70c7	wch/r-source	3da432e44c5ab99eef6da071183fa0ff315381f1	src/nmath/rcauchy.c	b8b6055addbf47b85608f2f746f69950c89f70c7	unchanged_upstream_moved_under_code
isomorphisms/ir	80134ccd43e6fa859772b4838c53ebac96a35b5c	code/src/nmath/rchisq.c	0cd745dd637515094b6cab574b7f56d2c588a9bf	wch/r-source	3da432e44c5ab99eef6da071183fa0ff315381f1	src/nmath/rchisq.c	0cd745dd637515094b6cab574b7f56d2c588a9bf	unchanged_upstream_moved_under_code
isomorphisms/ir	80134ccd43e6fa859772b4838c53ebac96a35b5c	code/src/nmath/rexp.c	5160a86e9aea2f72ff02c3da6c147ecde1fc5a4f	wch/r-source	3da432e44c5ab99eef6da071183fa0ff315381f1	src/nmath/rexp.c	5160a86e9aea2f72ff02c3da6c147ecde1fc5a4f	unchanged_upstream_moved_under_code
isomorphisms/ir	80134ccd43e6fa859772b4838c53ebac96a35b5c	code/src/nmath/rf.c	8af9224f42b7637d4d1c979f1f07fd0de63f7314	wch/r-source	3da432e44c5ab99eef6da071183fa0ff315381f1	src/nmath/rf.c	8af9224f42b7637d4d1c979f1f07fd0de63f7314	unchanged_upstream_moved_under_code
isomorphisms/ir	80134ccd43e6fa859772b4838c53ebac96a35b5c	code/src/nmath/rgamma.c	2a81a981c656fc5020e3e71bd96eda4060880985	wch/r-source	3da432e44c5ab99eef6da071183fa0ff315381f1	src/nmath/rgamma.c	2a81a981c656fc5020e3e71bd96eda4060880985	unchanged_upstream_moved_under_code
isomorphisms/ir	80134ccd43e6fa859772b4838c53ebac96a35b5c	code/src/nmath/rgeom.c	bc5846a772fe362c64620a458dccdcc215686dfe	wch/r-source	3da432e44c5ab99eef6da071183fa0ff315381f1	src/nmath/rgeom.c	bc5846a772fe362c64620a458dccdcc215686dfe	unchanged_upstream_moved_under_code
isomorphisms/ir	80134ccd43e6fa859772b4838c53ebac96a35b5c	code/src/nmath/rhyper.c	e814b604b6d1efdeac949b09240afb9487330ab3	wch/r-source	3da432e44c5ab99eef6da071183fa0ff315381f1	src/nmath/rhyper.c	e814b604b6d1efdeac949b09240afb9487330ab3	unchanged_upstream_moved_under_code
isomorphisms/ir	80134ccd43e6fa859772b4838c53ebac96a35b5c	code/src/nmath/rlnorm.c	8ac5bfe97fb0e99bd497ac35f01975238223d5c2	wch/r-source	3da432e44c5ab99eef6da071183fa0ff315381f1	src/nmath/rlnorm.c	8ac5bfe97fb0e99bd497ac35f01975238223d5c2	unchanged_upstream_moved_under_code
isomorphisms/ir	80134ccd43e6fa859772b4838c53ebac96a35b5c	code/src/nmath/rlogis.c	82c56d55f666e4290753090c05dd7161a71f2e15	wch/r-source	3da432e44c5ab99eef6da071183fa0ff315381f1	src/nmath/rlogis.c	82c56d55f666e4290753090c05dd7161a71f2e15	unchanged_upstream_moved_under_code
isomorphisms/ir	80134ccd43e6fa859772b4838c53ebac96a35b5c	code/src/nmath/rmultinom.c	c71ee168f249730dcb80bfad4dbf84b969de1c0b	wch/r-source	3da432e44c5ab99eef6da071183fa0ff315381f1	src/nmath/rmultinom.c	c71ee168f249730dcb80bfad4dbf84b969de1c0b	unchanged_upstream_moved_under_code
isomorphisms/ir	80134ccd43e6fa859772b4838c53ebac96a35b5c	code/src/nmath/rnbinom.c	33530916b2f6bc8e903e0c2324bf9ec5a2f606c6	wch/r-source	3da432e44c5ab99eef6da071183fa0ff315381f1	src/nmath/rnbinom.c	33530916b2f6bc8e903e0c2324bf9ec5a2f606c6	unchanged_upstream_moved_under_code
isomorphisms/ir	80134ccd43e6fa859772b4838c53ebac96a35b5c	code/src/nmath/rnchisq.c	a7657e68109be04382120a1b40a5154beee35bab	wch/r-source	3da432e44c5ab99eef6da071183fa0ff315381f1	src/nmath/rnchisq.c	a7657e68109be04382120a1b40a5154beee35bab	unchanged_upstream_moved_under_code
isomorphisms/ir	80134ccd43e6fa859772b4838c53ebac96a35b5c	code/src/nmath/rnorm.c	8784412710a97e14897ad58cedfb153b887fc812	wch/r-source	3da432e44c5ab99eef6da071183fa0ff315381f1	src/nmath/rnorm.c	8784412710a97e14897ad58cedfb153b887fc812	unchanged_upstream_moved_under_code
isomorphisms/ir	80134ccd43e6fa859772b4838c53ebac96a35b5c	code/src/nmath/rpois.c	f26f80809ae684671500f15e337b8f972675edc0	wch/r-source	3da432e44c5ab99eef6da071183fa0ff315381f1	src/nmath/rpois.c	f26f80809ae684671500f15e337b8f972675edc0	unchanged_upstream_moved_under_code
isomorphisms/ir	80134ccd43e6fa859772b4838c53ebac96a35b5c	code/src/nmath/rt.c	2e33d6245b47bc3bb029021d14d933f45553d5a7	wch/r-source	3da432e44c5ab99eef6da071183fa0ff315381f1	src/nmath/rt.c	2e33d6245b47bc3bb029021d14d933f45553d5a7	unchanged_upstream_moved_under_code
isomorphisms/ir	80134ccd43e6fa859772b4838c53ebac96a35b5c	code/src/nmath/runif.c	170472e384c4fbb72c3b04d7dc7847820cdf0d39	wch/r-source	3da432e44c5ab99eef6da071183fa0ff315381f1	src/nmath/runif.c	170472e384c4fbb72c3b04d7dc7847820cdf0d39	unchanged_upstream_moved_under_code
isomorphisms/ir	80134ccd43e6fa859772b4838c53ebac96a35b5c	code/src/nmath/rweibull.c	a952d1a06d8df0183349729134821cf4e10358ef	wch/r-source	3da432e44c5ab99eef6da071183fa0ff315381f1	src/nmath/rweibull.c	a952d1a06d8df0183349729134821cf4e10358ef	unchanged_upstream_moved_under_code
isomorphisms/ir	80134ccd43e6fa859772b4838c53ebac96a35b5c	code/src/nmath/sexp.c	450d7da35ebeccb7a9573cd6b1b13b291a6e0b4b	wch/r-source	3da432e44c5ab99eef6da071183fa0ff315381f1	src/nmath/sexp.c	450d7da35ebeccb7a9573cd6b1b13b291a6e0b4b	unchanged_upstream_moved_under_code
isomorphisms/ir	80134ccd43e6fa859772b4838c53ebac96a35b5c	code/src/nmath/sign.c	c30596a31f45bbe2407514501ba43335fa6959d5	wch/r-source	3da432e44c5ab99eef6da071183fa0ff315381f1	src/nmath/sign.c	c30596a31f45bbe2407514501ba43335fa6959d5	unchanged_upstream_moved_under_code
isomorphisms/ir	80134ccd43e6fa859772b4838c53ebac96a35b5c	code/src/nmath/signrank.c	bfdd2770860ce7f8ec49c8d562270fe7c142515b	wch/r-source	3da432e44c5ab99eef6da071183fa0ff315381f1	src/nmath/signrank.c	bfdd2770860ce7f8ec49c8d562270fe7c142515b	unchanged_upstream_moved_under_code
isomorphisms/ir	80134ccd43e6fa859772b4838c53ebac96a35b5c	code/src/nmath/snorm.c	e2bdd7d9311afda7e2fa6346c88d7a005a1f4f62	wch/r-source	3da432e44c5ab99eef6da071183fa0ff315381f1	src/nmath/snorm.c	e2bdd7d9311afda7e2fa6346c88d7a005a1f4f62	unchanged_upstream_moved_under_code
isomorphisms/ir	80134ccd43e6fa859772b4838c53ebac96a35b5c	code/src/nmath/standalone/sunif.c	02cfcc2e7c1267ab6cd145f034a954d9e02e364f	wch/r-source	3da432e44c5ab99eef6da071183fa0ff315381f1	src/nmath/standalone/sunif.c	02cfcc2e7c1267ab6cd145f034a954d9e02e364f	unchanged_upstream_moved_under_code
isomorphisms/ir	80134ccd43e6fa859772b4838c53ebac96a35b5c	code/src/nmath/standalone/test.c	12fdaa7b7871ebef62563a9f56b0df135d09f484	wch/r-source	3da432e44c5ab99eef6da071183fa0ff315381f1	src/nmath/standalone/test.c	12fdaa7b7871ebef62563a9f56b0df135d09f484	unchanged_upstream_moved_under_code
isomorphisms/ir	80134ccd43e6fa859772b4838c53ebac96a35b5c	code/src/nmath/stirlerr.c	952d232db3db8c279865c43fd9be2adaf7b5846c	wch/r-source	3da432e44c5ab99eef6da071183fa0ff315381f1	src/nmath/stirlerr.c	952d232db3db8c279865c43fd9be2adaf7b5846c	unchanged_upstream_moved_under_code
isomorphisms/ir	80134ccd43e6fa859772b4838c53ebac96a35b5c	code/src/nmath/toms708.c	1fa1d35f47fdfc8902e24cce00c7893113db477d	wch/r-source	3da432e44c5ab99eef6da071183fa0ff315381f1	src/nmath/toms708.c	1fa1d35f47fdfc8902e24cce00c7893113db477d	unchanged_upstream_moved_under_code
isomorphisms/ir	80134ccd43e6fa859772b4838c53ebac96a35b5c	code/src/nmath/wilcox.c	657391e89986f34e0e29137b806c0fadb83a7eda	wch/r-source	3da432e44c5ab99eef6da071183fa0ff315381f1	src/nmath/wilcox.c	657391e89986f34e0e29137b806c0fadb83a7eda	unchanged_upstream_moved_under_code
isomorphisms/ir	80134ccd43e6fa859772b4838c53ebac96a35b5c	code/src/unix/dynload.c	cdb0d558e310b53d66f22aacfac8432b43ebff8d	wch/r-source	3da432e44c5ab99eef6da071183fa0ff315381f1	src/unix/dynload.c	cdb0d558e310b53d66f22aacfac8432b43ebff8d	unchanged_upstream_moved_under_code
isomorphisms/ir	80134ccd43e6fa859772b4838c53ebac96a35b5c	code/src/unix/Rembedded.c	4fa114ad2e52ace542da1edf4154bbf547fa538f	wch/r-source	3da432e44c5ab99eef6da071183fa0ff315381f1	src/unix/Rembedded.c	4fa114ad2e52ace542da1edf4154bbf547fa538f	unchanged_upstream_moved_under_code
isomorphisms/ir	80134ccd43e6fa859772b4838c53ebac96a35b5c	code/src/unix/Rscript.c	a737d47cf04cf0e41c1a6922bc1e05bd867db32e	wch/r-source	3da432e44c5ab99eef6da071183fa0ff315381f1	src/unix/Rscript.c	a737d47cf04cf0e41c1a6922bc1e05bd867db32e	unchanged_upstream_moved_under_code
isomorphisms/ir	80134ccd43e6fa859772b4838c53ebac96a35b5c	code/src/unix/Runix.h	72886386cd1bbb5e7de79f4f375804bc5f2cf2e1	wch/r-source	3da432e44c5ab99eef6da071183fa0ff315381f1	src/unix/Runix.h	72886386cd1bbb5e7de79f4f375804bc5f2cf2e1	unchanged_upstream_moved_under_code
isomorphisms/ir	80134ccd43e6fa859772b4838c53ebac96a35b5c	code/src/unix/sys-std.c	f86c2672d69de55347deaf317e9876448c6e7355	wch/r-source	3da432e44c5ab99eef6da071183fa0ff315381f1	src/unix/sys-std.c	f86c2672d69de55347deaf317e9876448c6e7355	unchanged_upstream_moved_under_code
isomorphisms/ir	80134ccd43e6fa859772b4838c53ebac96a35b5c	code/src/unix/sys-unix.c	017c575cc7a5cf0abd2230ecce42193c8d3dd7fe	wch/r-source	3da432e44c5ab99eef6da071183fa0ff315381f1	src/unix/sys-unix.c	017c575cc7a5cf0abd2230ecce42193c8d3dd7fe	unchanged_upstream_moved_under_code
isomorphisms/ir	80134ccd43e6fa859772b4838c53ebac96a35b5c	code/src/unix/system.c	7b7946901ad70a74165a13a976a8b2b008c40b03	wch/r-source	3da432e44c5ab99eef6da071183fa0ff315381f1	src/unix/system.c	7b7946901ad70a74165a13a976a8b2b008c40b03	unchanged_upstream_moved_under_code
isomorphisms/ir	80134ccd43e6fa859772b4838c53ebac96a35b5c	code/src/unix/X11.c	edd0a11204c69d80d863102b3ddd9606aa245ebb	wch/r-source	3da432e44c5ab99eef6da071183fa0ff315381f1	src/unix/X11.c	edd0a11204c69d80d863102b3ddd9606aa245ebb	unchanged_upstream_moved_under_code
isomorphisms/ir	80134ccd43e6fa859772b4838c53ebac96a35b5c	code/tests/Embedding/embeddedRCall.c	b05f95f58c482dd954d941f7f0aa39c46d5da0f0	wch/r-source	3da432e44c5ab99eef6da071183fa0ff315381f1	tests/Embedding/embeddedRCall.c	b05f95f58c482dd954d941f7f0aa39c46d5da0f0	unchanged_upstream_moved_under_code
isomorphisms/ir	80134ccd43e6fa859772b4838c53ebac96a35b5c	code/tests/Embedding/embeddedRCall.h	77190d3617253da32a67c85221e5389d18aa5028	wch/r-source	3da432e44c5ab99eef6da071183fa0ff315381f1	tests/Embedding/embeddedRCall.h	77190d3617253da32a67c85221e5389d18aa5028	unchanged_upstream_moved_under_code
isomorphisms/ir	80134ccd43e6fa859772b4838c53ebac96a35b5c	code/tests/Embedding/Rerror.c	7360f789cbf40d134f7a419ec992da46167db6c2	wch/r-source	3da432e44c5ab99eef6da071183fa0ff315381f1	tests/Embedding/Rerror.c	7360f789cbf40d134f7a419ec992da46167db6c2	unchanged_upstream_moved_under_code
isomorphisms/ir	80134ccd43e6fa859772b4838c53ebac96a35b5c	code/tests/Embedding/RNamedCall.c	6947b9feeb46bd476159920219d7cbf2b01f9ba0	wch/r-source	3da432e44c5ab99eef6da071183fa0ff315381f1	tests/Embedding/RNamedCall.c	6947b9feeb46bd476159920219d7cbf2b01f9ba0	unchanged_upstream_moved_under_code
isomorphisms/ir	80134ccd43e6fa859772b4838c53ebac96a35b5c	code/tests/Embedding/Rpackage.c	f208267b8761f1ea68f33f0aeafa72b2c7c99179	wch/r-source	3da432e44c5ab99eef6da071183fa0ff315381f1	tests/Embedding/Rpackage.c	f208267b8761f1ea68f33f0aeafa72b2c7c99179	unchanged_upstream_moved_under_code
isomorphisms/ir	80134ccd43e6fa859772b4838c53ebac96a35b5c	code/tests/Embedding/RParseEval.c	466278fe6871a19b4318d246155986d9d801b432	wch/r-source	3da432e44c5ab99eef6da071183fa0ff315381f1	tests/Embedding/RParseEval.c	466278fe6871a19b4318d246155986d9d801b432	unchanged_upstream_moved_under_code
isomorphisms/ir	80134ccd43e6fa859772b4838c53ebac96a35b5c	code/tests/Embedding/Rplot.c	d9fed4848c23c35da5b6bfc260a929bb65fb49d6	wch/r-source	3da432e44c5ab99eef6da071183fa0ff315381f1	tests/Embedding/Rplot.c	d9fed4848c23c35da5b6bfc260a929bb65fb49d6	unchanged_upstream_moved_under_code
isomorphisms/ir	80134ccd43e6fa859772b4838c53ebac96a35b5c	code/tests/Embedding/Rpostscript.c	4461c0e6de631bbfb3e9881fcda37d675dc1a77d	wch/r-source	3da432e44c5ab99eef6da071183fa0ff315381f1	tests/Embedding/Rpostscript.c	4461c0e6de631bbfb3e9881fcda37d675dc1a77d	unchanged_upstream_moved_under_code
isomorphisms/ir	80134ccd43e6fa859772b4838c53ebac96a35b5c	code/tests/Embedding/Rshutdown.c	ac852e8ff27a46b249f1f44846258ea8d09a0ea8	wch/r-source	3da432e44c5ab99eef6da071183fa0ff315381f1	tests/Embedding/Rshutdown.c	ac852e8ff27a46b249f1f44846258ea8d09a0ea8	unchanged_upstream_moved_under_code
isomorphisms/ir	80134ccd43e6fa859772b4838c53ebac96a35b5c	code/tests/Embedding/Rtest.c	be3072f363e0e9d448a81408f1cce46f4acf6136	wch/r-source	3da432e44c5ab99eef6da071183fa0ff315381f1	tests/Embedding/Rtest.c	be3072f363e0e9d448a81408f1cce46f4acf6136	unchanged_upstream_moved_under_code
isomorphisms/ir	80134ccd43e6fa859772b4838c53ebac96a35b5c	code/tests/Embedding/tryEval.c	59031085013399256d5e264ef2e5cb0dfa21a94b	wch/r-source	3da432e44c5ab99eef6da071183fa0ff315381f1	tests/Embedding/tryEval.c	59031085013399256d5e264ef2e5cb0dfa21a94b	unchanged_upstream_moved_under_code
isomorphisms/ir	80134ccd43e6fa859772b4838c53ebac96a35b5c	code/tests/test-system2.c	2d4581421d872c6005ab234c65a4bac1bdc12c6b	wch/r-source	3da432e44c5ab99eef6da071183fa0ff315381f1	tests/test-system2.c	2d4581421d872c6005ab234c65a4bac1bdc12c6b	unchanged_upstream_moved_under_code
isomorphisms/ir	80134ccd43e6fa859772b4838c53ebac96a35b5c	cxxr/doc/manual/R-exts.c	2852112c49bc640ec3d71f59b3b60d012608725a	isomorphisms/ir	9cf98334411d2294c0e39098f4487dbed2bdb98c	cxxr/doc/manual/R-exts.c	2852112c49bc640ec3d71f59b3b60d012608725a	unchanged_cxxr_import
isomorphisms/ir	80134ccd43e6fa859772b4838c53ebac96a35b5c	cxxr/src/appl/integrate.c	e5de572018f808d1b815f65af450e2cbf21673b3	isomorphisms/ir	9cf98334411d2294c0e39098f4487dbed2bdb98c	cxxr/src/appl/integrate.c	e5de572018f808d1b815f65af450e2cbf21673b3	unchanged_cxxr_import
isomorphisms/ir	80134ccd43e6fa859772b4838c53ebac96a35b5c	cxxr/src/appl/interv.c	6d9d8d172666611ff8353effedd2238473f8638c	isomorphisms/ir	9cf98334411d2294c0e39098f4487dbed2bdb98c	cxxr/src/appl/interv.c	6d9d8d172666611ff8353effedd2238473f8638c	unchanged_cxxr_import
isomorphisms/ir	80134ccd43e6fa859772b4838c53ebac96a35b5c	cxxr/src/appl/lbfgsb.c	2435173b5c9d7138eb3c2da5a56a6b1df7ac020b	isomorphisms/ir	9cf98334411d2294c0e39098f4487dbed2bdb98c	cxxr/src/appl/lbfgsb.c	2435173b5c9d7138eb3c2da5a56a6b1df7ac020b	unchanged_cxxr_import
isomorphisms/ir	80134ccd43e6fa859772b4838c53ebac96a35b5c	cxxr/src/appl/maxcol.c	46e96aefac5e242f0c7c0ba6108ea67f3c196b95	isomorphisms/ir	9cf98334411d2294c0e39098f4487dbed2bdb98c	cxxr/src/appl/maxcol.c	46e96aefac5e242f0c7c0ba6108ea67f3c196b95	unchanged_cxxr_import
isomorphisms/ir	80134ccd43e6fa859772b4838c53ebac96a35b5c	cxxr/src/appl/optim.c	a22a103b12307ab6d3eb4c976fa6a6d22ed68cf6	isomorphisms/ir	9cf98334411d2294c0e39098f4487dbed2bdb98c	cxxr/src/appl/optim.c	a22a103b12307ab6d3eb4c976fa6a6d22ed68cf6	unchanged_cxxr_import
isomorphisms/ir	80134ccd43e6fa859772b4838c53ebac96a35b5c	cxxr/src/appl/pretty.c	33c435f7ac551e2e37f6adb0e9ab5df1a0b6a330	isomorphisms/ir	9cf98334411d2294c0e39098f4487dbed2bdb98c	cxxr/src/appl/pretty.c	33c435f7ac551e2e37f6adb0e9ab5df1a0b6a330	unchanged_cxxr_import
isomorphisms/ir	80134ccd43e6fa859772b4838c53ebac96a35b5c	cxxr/src/appl/uncmin.c	b5b3472646b9da2119fb41be014fed9f3408a406	isomorphisms/ir	9cf98334411d2294c0e39098f4487dbed2bdb98c	cxxr/src/appl/uncmin.c	b5b3472646b9da2119fb41be014fed9f3408a406	unchanged_cxxr_import
isomorphisms/ir	80134ccd43e6fa859772b4838c53ebac96a35b5c	cxxr/src/extra/blas/blas00.c	b5866310f856d2963dd7b7efa6621aee8dca8efb	isomorphisms/ir	9cf98334411d2294c0e39098f4487dbed2bdb98c	cxxr/src/extra/blas/blas00.c	b5866310f856d2963dd7b7efa6621aee8dca8efb	unchanged_cxxr_import
isomorphisms/ir	80134ccd43e6fa859772b4838c53ebac96a35b5c	cxxr/src/extra/blas/Rblas.def	06ec1d8e1cb290d278a6b0a51163ab88c240886a	isomorphisms/ir	9cf98334411d2294c0e39098f4487dbed2bdb98c	cxxr/src/extra/blas/Rblas.def	06ec1d8e1cb290d278a6b0a51163ab88c240886a	unchanged_cxxr_import
isomorphisms/ir	80134ccd43e6fa859772b4838c53ebac96a35b5c	cxxr/src/extra/gc/allchblk.c	98085b6dd4e6304237f5dc3dad10a93cccc7ecff	isomorphisms/ir	9cf98334411d2294c0e39098f4487dbed2bdb98c	cxxr/src/extra/gc/allchblk.c	98085b6dd4e6304237f5dc3dad10a93cccc7ecff	unchanged_cxxr_import
isomorphisms/ir	80134ccd43e6fa859772b4838c53ebac96a35b5c	cxxr/src/extra/gc/alloc.c	c6b476691f8412f0e8eb101831d2af687cf8b449	isomorphisms/ir	9cf98334411d2294c0e39098f4487dbed2bdb98c	cxxr/src/extra/gc/alloc.c	c6b476691f8412f0e8eb101831d2af687cf8b449	unchanged_cxxr_import
isomorphisms/ir	80134ccd43e6fa859772b4838c53ebac96a35b5c	cxxr/src/extra/gc/backgraph.c	4b087e43dca9175fab4d3808aeb584df8070b973	isomorphisms/ir	9cf98334411d2294c0e39098f4487dbed2bdb98c	cxxr/src/extra/gc/backgraph.c	4b087e43dca9175fab4d3808aeb584df8070b973	unchanged_cxxr_import
isomorphisms/ir	80134ccd43e6fa859772b4838c53ebac96a35b5c	cxxr/src/extra/gc/blacklst.c	dcac51a7af3a7bffd9949ac5d994d7317f75d1bf	isomorphisms/ir	9cf98334411d2294c0e39098f4487dbed2bdb98c	cxxr/src/extra/gc/blacklst.c	dcac51a7af3a7bffd9949ac5d994d7317f75d1bf	unchanged_cxxr_import
isomorphisms/ir	80134ccd43e6fa859772b4838c53ebac96a35b5c	cxxr/src/extra/gc/checksums.c	f5ad843a11dc78818f78305e21836683fe2024e5	isomorphisms/ir	9cf98334411d2294c0e39098f4487dbed2bdb98c	cxxr/src/extra/gc/checksums.c	f5ad843a11dc78818f78305e21836683fe2024e5	unchanged_cxxr_import
isomorphisms/ir	80134ccd43e6fa859772b4838c53ebac96a35b5c	cxxr/src/extra/gc/cord/cordbscs.c	5aeb3f8af335e7a571ed66709c94856297da9933	isomorphisms/ir	9cf98334411d2294c0e39098f4487dbed2bdb98c	cxxr/src/extra/gc/cord/cordbscs.c	5aeb3f8af335e7a571ed66709c94856297da9933	unchanged_cxxr_import
isomorphisms/ir	80134ccd43e6fa859772b4838c53ebac96a35b5c	cxxr/src/extra/gc/cord/cordprnt.c	a33e3f3b6afc3be4f3bfd86d4a6f05eecc0ce2ea	isomorphisms/ir	9cf98334411d2294c0e39098f4487dbed2bdb98c	cxxr/src/extra/gc/cord/cordprnt.c	a33e3f3b6afc3be4f3bfd86d4a6f05eecc0ce2ea	unchanged_cxxr_import
isomorphisms/ir	80134ccd43e6fa859772b4838c53ebac96a35b5c	cxxr/src/extra/gc/cord/cordxtra.c	a185185c4c1e6e42017e7bc57ac3b15141c9911b	isomorphisms/ir	9cf98334411d2294c0e39098f4487dbed2bdb98c	cxxr/src/extra/gc/cord/cordxtra.c	a185185c4c1e6e42017e7bc57ac3b15141c9911b	unchanged_cxxr_import
isomorphisms/ir	80134ccd43e6fa859772b4838c53ebac96a35b5c	cxxr/src/extra/gc/cord/tests/cordtest.c	061430dfb7b5a631bd834b2e23c1b8b7cc82925c	isomorphisms/ir	9cf98334411d2294c0e39098f4487dbed2bdb98c	cxxr/src/extra/gc/cord/tests/cordtest.c	061430dfb7b5a631bd834b2e23c1b8b7cc82925c	unchanged_cxxr_import
isomorphisms/ir	80134ccd43e6fa859772b4838c53ebac96a35b5c	cxxr/src/extra/gc/cord/tests/de_cmds.h	2a69594ef067812bc4dbf5ef04e3c2c5d1b585ce	isomorphisms/ir	9cf98334411d2294c0e39098f4487dbed2bdb98c	cxxr/src/extra/gc/cord/tests/de_cmds.h	2a69594ef067812bc4dbf5ef04e3c2c5d1b585ce	unchanged_cxxr_import
isomorphisms/ir	80134ccd43e6fa859772b4838c53ebac96a35b5c	cxxr/src/extra/gc/cord/tests/de_win.c	23c1e2a15aee15cdca5a5377b1f657545deb0f47	isomorphisms/ir	9cf98334411d2294c0e39098f4487dbed2bdb98c	cxxr/src/extra/gc/cord/tests/de_win.c	23c1e2a15aee15cdca5a5377b1f657545deb0f47	unchanged_cxxr_import
isomorphisms/ir	80134ccd43e6fa859772b4838c53ebac96a35b5c	cxxr/src/extra/gc/cord/tests/de_win.h	93c5eebdb2942fd4e1f8e5055c12d3f41334d706	isomorphisms/ir	9cf98334411d2294c0e39098f4487dbed2bdb98c	cxxr/src/extra/gc/cord/tests/de_win.h	93c5eebdb2942fd4e1f8e5055c12d3f41334d706	unchanged_cxxr_import
isomorphisms/ir	80134ccd43e6fa859772b4838c53ebac96a35b5c	cxxr/src/extra/gc/cord/tests/de.c	84aa4de8a148980e003497395af1c45a9c01fad2	isomorphisms/ir	9cf98334411d2294c0e39098f4487dbed2bdb98c	cxxr/src/extra/gc/cord/tests/de.c	84aa4de8a148980e003497395af1c45a9c01fad2	unchanged_cxxr_import
isomorphisms/ir	80134ccd43e6fa859772b4838c53ebac96a35b5c	cxxr/src/extra/gc/darwin_stop_world.c	14aa1d366c503c4a83c398b7409b57a6d083d199	isomorphisms/ir	9cf98334411d2294c0e39098f4487dbed2bdb98c	cxxr/src/extra/gc/darwin_stop_world.c	14aa1d366c503c4a83c398b7409b57a6d083d199	unchanged_cxxr_import
isomorphisms/ir	80134ccd43e6fa859772b4838c53ebac96a35b5c	cxxr/src/extra/gc/dbg_mlc.c	d334874ead9cabf31ffa79da564a40744de65838	isomorphisms/ir	9cf98334411d2294c0e39098f4487dbed2bdb98c	cxxr/src/extra/gc/dbg_mlc.c	d334874ead9cabf31ffa79da564a40744de65838	unchanged_cxxr_import
isomorphisms/ir	80134ccd43e6fa859772b4838c53ebac96a35b5c	cxxr/src/extra/gc/dyn_load.c	326bd2de2d1b39b6f4869607080b77883e9b3fd7	isomorphisms/ir	9cf98334411d2294c0e39098f4487dbed2bdb98c	cxxr/src/extra/gc/dyn_load.c	326bd2de2d1b39b6f4869607080b77883e9b3fd7	unchanged_cxxr_import
isomorphisms/ir	80134ccd43e6fa859772b4838c53ebac96a35b5c	cxxr/src/extra/gc/extra/AmigaOS.c	3e7b3a0ac1ad4818cc537455a03305692b9ce4ef	isomorphisms/ir	9cf98334411d2294c0e39098f4487dbed2bdb98c	cxxr/src/extra/gc/extra/AmigaOS.c	3e7b3a0ac1ad4818cc537455a03305692b9ce4ef	unchanged_cxxr_import
isomorphisms/ir	80134ccd43e6fa859772b4838c53ebac96a35b5c	cxxr/src/extra/gc/extra/gc.c	a77fba65c19fc5dba6c267d6db1b4fcc6b7d3583	isomorphisms/ir	9cf98334411d2294c0e39098f4487dbed2bdb98c	cxxr/src/extra/gc/extra/gc.c	a77fba65c19fc5dba6c267d6db1b4fcc6b7d3583	unchanged_cxxr_import
isomorphisms/ir	80134ccd43e6fa859772b4838c53ebac96a35b5c	cxxr/src/extra/gc/extra/Mac_files/dataend.c	0bed46946723bc3c8fed68df79c4c53d3bbfc762	isomorphisms/ir	9cf98334411d2294c0e39098f4487dbed2bdb98c	cxxr/src/extra/gc/extra/Mac_files/dataend.c	0bed46946723bc3c8fed68df79c4c53d3bbfc762	unchanged_cxxr_import
isomorphisms/ir	80134ccd43e6fa859772b4838c53ebac96a35b5c	cxxr/src/extra/gc/extra/Mac_files/datastart.c	a1dc6f6de77fecb65a36591336ac47daa8f1750b	isomorphisms/ir	9cf98334411d2294c0e39098f4487dbed2bdb98c	cxxr/src/extra/gc/extra/Mac_files/datastart.c	a1dc6f6de77fecb65a36591336ac47daa8f1750b	unchanged_cxxr_import
isomorphisms/ir	80134ccd43e6fa859772b4838c53ebac96a35b5c	cxxr/src/extra/gc/extra/Mac_files/MacOS_config.h	ec8f82c3bbaf12b9c5b8fe8d5ed1c935424acb7e	isomorphisms/ir	9cf98334411d2294c0e39098f4487dbed2bdb98c	cxxr/src/extra/gc/extra/Mac_files/MacOS_config.h	ec8f82c3bbaf12b9c5b8fe8d5ed1c935424acb7e	unchanged_cxxr_import
isomorphisms/ir	80134ccd43e6fa859772b4838c53ebac96a35b5c	cxxr/src/extra/gc/extra/MacOS.c	27f07eb4577a17999bfe01f1133ac31896d08485	isomorphisms/ir	9cf98334411d2294c0e39098f4487dbed2bdb98c	cxxr/src/extra/gc/extra/MacOS.c	27f07eb4577a17999bfe01f1133ac31896d08485	unchanged_cxxr_import
isomorphisms/ir	80134ccd43e6fa859772b4838c53ebac96a35b5c	cxxr/src/extra/gc/extra/msvc_dbg.c	ea7fc7b6c3cf418a54abfae716aa839e7a03cdb7	isomorphisms/ir	9cf98334411d2294c0e39098f4487dbed2bdb98c	cxxr/src/extra/gc/extra/msvc_dbg.c	ea7fc7b6c3cf418a54abfae716aa839e7a03cdb7	unchanged_cxxr_import
isomorphisms/ir	80134ccd43e6fa859772b4838c53ebac96a35b5c	cxxr/src/extra/gc/finalize.c	8200eebe8f5f754985f28e3c385713d824a27fd4	isomorphisms/ir	9cf98334411d2294c0e39098f4487dbed2bdb98c	cxxr/src/extra/gc/finalize.c	8200eebe8f5f754985f28e3c385713d824a27fd4	unchanged_cxxr_import
isomorphisms/ir	80134ccd43e6fa859772b4838c53ebac96a35b5c	cxxr/src/extra/gc/fnlz_mlc.c	1305d944aefdf68e185a5c3fe328b0d48ffc786e	isomorphisms/ir	9cf98334411d2294c0e39098f4487dbed2bdb98c	cxxr/src/extra/gc/fnlz_mlc.c	1305d944aefdf68e185a5c3fe328b0d48ffc786e	unchanged_cxxr_import
isomorphisms/ir	80134ccd43e6fa859772b4838c53ebac96a35b5c	cxxr/src/extra/gc/gc_dlopen.c	0da82278600480c90f0d3d607909fab1543f86dc	isomorphisms/ir	9cf98334411d2294c0e39098f4487dbed2bdb98c	cxxr/src/extra/gc/gc_dlopen.c	0da82278600480c90f0d3d607909fab1543f86dc	unchanged_cxxr_import
isomorphisms/ir	80134ccd43e6fa859772b4838c53ebac96a35b5c	cxxr/src/extra/gc/gcj_mlc.c	0ab4e8f22ee5d69b6079c70709e6fe2330cc9a12	isomorphisms/ir	9cf98334411d2294c0e39098f4487dbed2bdb98c	cxxr/src/extra/gc/gcj_mlc.c	0ab4e8f22ee5d69b6079c70709e6fe2330cc9a12	unchanged_cxxr_import
isomorphisms/ir	80134ccd43e6fa859772b4838c53ebac96a35b5c	cxxr/src/extra/gc/headers.c	87f197828d94595cab275acb06a34a6532443128	isomorphisms/ir	9cf98334411d2294c0e39098f4487dbed2bdb98c	cxxr/src/extra/gc/headers.c	87f197828d94595cab275acb06a34a6532443128	unchanged_cxxr_import
isomorphisms/ir	80134ccd43e6fa859772b4838c53ebac96a35b5c	cxxr/src/extra/gc/include/cord_pos.h	beaa2368e3cc125db004b52601c779498e290d62	isomorphisms/ir	9cf98334411d2294c0e39098f4487dbed2bdb98c	cxxr/src/extra/gc/include/cord_pos.h	beaa2368e3cc125db004b52601c779498e290d62	unchanged_cxxr_import
isomorphisms/ir	80134ccd43e6fa859772b4838c53ebac96a35b5c	cxxr/src/extra/gc/include/cord.h	f414a916fa84fb18b5eb33cd95e93358ffc6b79d	isomorphisms/ir	9cf98334411d2294c0e39098f4487dbed2bdb98c	cxxr/src/extra/gc/include/cord.h	f414a916fa84fb18b5eb33cd95e93358ffc6b79d	unchanged_cxxr_import
isomorphisms/ir	80134ccd43e6fa859772b4838c53ebac96a35b5c	cxxr/src/extra/gc/include/ec.h	30806ed2f9b0cc40c966aff83bd32838627ceb58	isomorphisms/ir	9cf98334411d2294c0e39098f4487dbed2bdb98c	cxxr/src/extra/gc/include/ec.h	30806ed2f9b0cc40c966aff83bd32838627ceb58	unchanged_cxxr_import
isomorphisms/ir	80134ccd43e6fa859772b4838c53ebac96a35b5c	cxxr/src/extra/gc/include/extra/gc_cpp.h	36669f9c8d573833627f35c8cfa91f62dc57ad2c	isomorphisms/ir	9cf98334411d2294c0e39098f4487dbed2bdb98c	cxxr/src/extra/gc/include/extra/gc_cpp.h	36669f9c8d573833627f35c8cfa91f62dc57ad2c	unchanged_cxxr_import
isomorphisms/ir	80134ccd43e6fa859772b4838c53ebac96a35b5c	cxxr/src/extra/gc/include/extra/gc.h	55ae4c6c14bed62b6c2c8fbf29940afa44b8a461	isomorphisms/ir	9cf98334411d2294c0e39098f4487dbed2bdb98c	cxxr/src/extra/gc/include/extra/gc.h	55ae4c6c14bed62b6c2c8fbf29940afa44b8a461	unchanged_cxxr_import
isomorphisms/ir	80134ccd43e6fa859772b4838c53ebac96a35b5c	cxxr/src/extra/gc/include/gc_allocator.h	367cfe24ff99b47c88915cdf689733162c4a1f0b	isomorphisms/ir	9cf98334411d2294c0e39098f4487dbed2bdb98c	cxxr/src/extra/gc/include/gc_allocator.h	367cfe24ff99b47c88915cdf689733162c4a1f0b	unchanged_cxxr_import
isomorphisms/ir	80134ccd43e6fa859772b4838c53ebac96a35b5c	cxxr/src/extra/gc/include/gc_backptr.h	c7e29d285a978bc60b298842922a00d8779fe5eb	isomorphisms/ir	9cf98334411d2294c0e39098f4487dbed2bdb98c	cxxr/src/extra/gc/include/gc_backptr.h	c7e29d285a978bc60b298842922a00d8779fe5eb	unchanged_cxxr_import
isomorphisms/ir	80134ccd43e6fa859772b4838c53ebac96a35b5c	cxxr/src/extra/gc/include/gc_config_macros.h	70fd67df987ffb4e996dc0a61370212f73239edc	isomorphisms/ir	9cf98334411d2294c0e39098f4487dbed2bdb98c	cxxr/src/extra/gc/include/gc_config_macros.h	70fd67df987ffb4e996dc0a61370212f73239edc	unchanged_cxxr_import
isomorphisms/ir	80134ccd43e6fa859772b4838c53ebac96a35b5c	cxxr/src/extra/gc/include/gc_cpp.h	0302439df4984bb04ccbfaf847c7bc2bd2d7bf37	isomorphisms/ir	9cf98334411d2294c0e39098f4487dbed2bdb98c	cxxr/src/extra/gc/include/gc_cpp.h	0302439df4984bb04ccbfaf847c7bc2bd2d7bf37	unchanged_cxxr_import
isomorphisms/ir	80134ccd43e6fa859772b4838c53ebac96a35b5c	cxxr/src/extra/gc/include/gc_disclaim.h	3631e6e89e001976342d7e0dd2f8c67aa2f2c24a	isomorphisms/ir	9cf98334411d2294c0e39098f4487dbed2bdb98c	cxxr/src/extra/gc/include/gc_disclaim.h	3631e6e89e001976342d7e0dd2f8c67aa2f2c24a	unchanged_cxxr_import
isomorphisms/ir	80134ccd43e6fa859772b4838c53ebac96a35b5c	cxxr/src/extra/gc/include/gc_gcj.h	eba714c64ea4bc4429d51b9cce04dc7409b4f248	isomorphisms/ir	9cf98334411d2294c0e39098f4487dbed2bdb98c	cxxr/src/extra/gc/include/gc_gcj.h	eba714c64ea4bc4429d51b9cce04dc7409b4f248	unchanged_cxxr_import
isomorphisms/ir	80134ccd43e6fa859772b4838c53ebac96a35b5c	cxxr/src/extra/gc/include/gc_inline.h	db1b2718033a4a2b4f051064e79f48ddcf01d2f8	isomorphisms/ir	9cf98334411d2294c0e39098f4487dbed2bdb98c	cxxr/src/extra/gc/include/gc_inline.h	db1b2718033a4a2b4f051064e79f48ddcf01d2f8	unchanged_cxxr_import
isomorphisms/ir	80134ccd43e6fa859772b4838c53ebac96a35b5c	cxxr/src/extra/gc/include/gc_mark.h	2f88f38acac8d17c09d09139e710977e2f40a3c0	isomorphisms/ir	9cf98334411d2294c0e39098f4487dbed2bdb98c	cxxr/src/extra/gc/include/gc_mark.h	2f88f38acac8d17c09d09139e710977e2f40a3c0	unchanged_cxxr_import
isomorphisms/ir	80134ccd43e6fa859772b4838c53ebac96a35b5c	cxxr/src/extra/gc/include/gc_pthread_redirects.h	0d571e913e3957b0160dc484e2da819d9e50b211	isomorphisms/ir	9cf98334411d2294c0e39098f4487dbed2bdb98c	cxxr/src/extra/gc/include/gc_pthread_redirects.h	0d571e913e3957b0160dc484e2da819d9e50b211	unchanged_cxxr_import
isomorphisms/ir	80134ccd43e6fa859772b4838c53ebac96a35b5c	cxxr/src/extra/gc/include/gc_tiny_fl.h	0382b4179d79722a814dfdf2be1564c4ae914d9f	isomorphisms/ir	9cf98334411d2294c0e39098f4487dbed2bdb98c	cxxr/src/extra/gc/include/gc_tiny_fl.h	0382b4179d79722a814dfdf2be1564c4ae914d9f	unchanged_cxxr_import
isomorphisms/ir	80134ccd43e6fa859772b4838c53ebac96a35b5c	cxxr/src/extra/gc/include/gc_typed.h	8261cd7b1c81d28d89ccc60ff2f7f42b51d8c22f	isomorphisms/ir	9cf98334411d2294c0e39098f4487dbed2bdb98c	cxxr/src/extra/gc/include/gc_typed.h	8261cd7b1c81d28d89ccc60ff2f7f42b51d8c22f	unchanged_cxxr_import
isomorphisms/ir	80134ccd43e6fa859772b4838c53ebac96a35b5c	cxxr/src/extra/gc/include/gc_version.h	293c4de23f4732e71b691b95333fc4765885b851	isomorphisms/ir	9cf98334411d2294c0e39098f4487dbed2bdb98c	cxxr/src/extra/gc/include/gc_version.h	293c4de23f4732e71b691b95333fc4765885b851	unchanged_cxxr_import
isomorphisms/ir	80134ccd43e6fa859772b4838c53ebac96a35b5c	cxxr/src/extra/gc/include/gc.h	98186726d6f0a64ec9e659a3cb1fde75f5b639e0	isomorphisms/ir	9cf98334411d2294c0e39098f4487dbed2bdb98c	cxxr/src/extra/gc/include/gc.h	98186726d6f0a64ec9e659a3cb1fde75f5b639e0	unchanged_cxxr_import
isomorphisms/ir	80134ccd43e6fa859772b4838c53ebac96a35b5c	cxxr/src/extra/gc/include/javaxfc.h	1583a2415be15ac6e154727e3d12c814b07b5e26	isomorphisms/ir	9cf98334411d2294c0e39098f4487dbed2bdb98c	cxxr/src/extra/gc/include/javaxfc.h	1583a2415be15ac6e154727e3d12c814b07b5e26	unchanged_cxxr_import
isomorphisms/ir	80134ccd43e6fa859772b4838c53ebac96a35b5c	cxxr/src/extra/gc/include/leak_detector.h	0c27eda089dbe86904a2f4ec6d2b82bffa4b3f02	isomorphisms/ir	9cf98334411d2294c0e39098f4487dbed2bdb98c	cxxr/src/extra/gc/include/leak_detector.h	0c27eda089dbe86904a2f4ec6d2b82bffa4b3f02	unchanged_cxxr_import
isomorphisms/ir	80134ccd43e6fa859772b4838c53ebac96a35b5c	cxxr/src/extra/gc/include/new_gc_alloc.h	94020cdd62b8449321d754971c624cad735e7414	isomorphisms/ir	9cf98334411d2294c0e39098f4487dbed2bdb98c	cxxr/src/extra/gc/include/new_gc_alloc.h	94020cdd62b8449321d754971c624cad735e7414	unchanged_cxxr_import
isomorphisms/ir	80134ccd43e6fa859772b4838c53ebac96a35b5c	cxxr/src/extra/gc/include/private/darwin_semaphore.h	62f185d64561726d42181f259279a02128cde221	isomorphisms/ir	9cf98334411d2294c0e39098f4487dbed2bdb98c	cxxr/src/extra/gc/include/private/darwin_semaphore.h	62f185d64561726d42181f259279a02128cde221	unchanged_cxxr_import
isomorphisms/ir	80134ccd43e6fa859772b4838c53ebac96a35b5c	cxxr/src/extra/gc/include/private/darwin_stop_world.h	399304ead07950d935aca25c2d27ae47115d7192	isomorphisms/ir	9cf98334411d2294c0e39098f4487dbed2bdb98c	cxxr/src/extra/gc/include/private/darwin_stop_world.h	399304ead07950d935aca25c2d27ae47115d7192	unchanged_cxxr_import
isomorphisms/ir	80134ccd43e6fa859772b4838c53ebac96a35b5c	cxxr/src/extra/gc/include/private/dbg_mlc.h	deda69c7c232019a41f40a08161fd56335ea4d99	isomorphisms/ir	9cf98334411d2294c0e39098f4487dbed2bdb98c	cxxr/src/extra/gc/include/private/dbg_mlc.h	deda69c7c232019a41f40a08161fd56335ea4d99	unchanged_cxxr_import
isomorphisms/ir	80134ccd43e6fa859772b4838c53ebac96a35b5c	cxxr/src/extra/gc/include/private/gc_hdrs.h	89914284b5aa35f54be608ef79e57aa8447f753a	isomorphisms/ir	9cf98334411d2294c0e39098f4487dbed2bdb98c	cxxr/src/extra/gc/include/private/gc_hdrs.h	89914284b5aa35f54be608ef79e57aa8447f753a	unchanged_cxxr_import
isomorphisms/ir	80134ccd43e6fa859772b4838c53ebac96a35b5c	cxxr/src/extra/gc/include/private/gc_locks.h	8ea4880432bd92ccfca6fa53f8433f51f7e896fc	isomorphisms/ir	9cf98334411d2294c0e39098f4487dbed2bdb98c	cxxr/src/extra/gc/include/private/gc_locks.h	8ea4880432bd92ccfca6fa53f8433f51f7e896fc	unchanged_cxxr_import
isomorphisms/ir	80134ccd43e6fa859772b4838c53ebac96a35b5c	cxxr/src/extra/gc/include/private/gc_pmark.h	9c3aee548615f5665f5ed859d13772de4b1a772d	isomorphisms/ir	9cf98334411d2294c0e39098f4487dbed2bdb98c	cxxr/src/extra/gc/include/private/gc_pmark.h	9c3aee548615f5665f5ed859d13772de4b1a772d	unchanged_cxxr_import
isomorphisms/ir	80134ccd43e6fa859772b4838c53ebac96a35b5c	cxxr/src/extra/gc/include/private/gc_priv.h	93e0bd1d1dc9e6cc15eda16321ccc0694a436d19	isomorphisms/ir	9cf98334411d2294c0e39098f4487dbed2bdb98c	cxxr/src/extra/gc/include/private/gc_priv.h	93e0bd1d1dc9e6cc15eda16321ccc0694a436d19	unchanged_cxxr_import
isomorphisms/ir	80134ccd43e6fa859772b4838c53ebac96a35b5c	cxxr/src/extra/gc/include/private/gcconfig.h	3f682f47ae324b623dc8fd820f4bf75f2dbc7f3b	isomorphisms/ir	9cf98334411d2294c0e39098f4487dbed2bdb98c	cxxr/src/extra/gc/include/private/gcconfig.h	3f682f47ae324b623dc8fd820f4bf75f2dbc7f3b	unchanged_cxxr_import
isomorphisms/ir	80134ccd43e6fa859772b4838c53ebac96a35b5c	cxxr/src/extra/gc/include/private/msvc_dbg.h	1d3030aaabe050de4f65e4aafc27cab29008103b	isomorphisms/ir	9cf98334411d2294c0e39098f4487dbed2bdb98c	cxxr/src/extra/gc/include/private/msvc_dbg.h	1d3030aaabe050de4f65e4aafc27cab29008103b	unchanged_cxxr_import
isomorphisms/ir	80134ccd43e6fa859772b4838c53ebac96a35b5c	cxxr/src/extra/gc/include/private/pthread_stop_world.h	48374286722e1914fa3ae04fd814fe58d0f5707a	isomorphisms/ir	9cf98334411d2294c0e39098f4487dbed2bdb98c	cxxr/src/extra/gc/include/private/pthread_stop_world.h	48374286722e1914fa3ae04fd814fe58d0f5707a	unchanged_cxxr_import
isomorphisms/ir	80134ccd43e6fa859772b4838c53ebac96a35b5c	cxxr/src/extra/gc/include/private/pthread_support.h	525a9aac2f37340b24f52e0c161df1a276a47dd0	isomorphisms/ir	9cf98334411d2294c0e39098f4487dbed2bdb98c	cxxr/src/extra/gc/include/private/pthread_support.h	525a9aac2f37340b24f52e0c161df1a276a47dd0	unchanged_cxxr_import
isomorphisms/ir	80134ccd43e6fa859772b4838c53ebac96a35b5c	cxxr/src/extra/gc/include/private/specific.h	7302fe32ca98cbbe28c0485ad39a77b21aebcf08	isomorphisms/ir	9cf98334411d2294c0e39098f4487dbed2bdb98c	cxxr/src/extra/gc/include/private/specific.h	7302fe32ca98cbbe28c0485ad39a77b21aebcf08	unchanged_cxxr_import
isomorphisms/ir	80134ccd43e6fa859772b4838c53ebac96a35b5c	cxxr/src/extra/gc/include/private/thread_local_alloc.h	fff625d324c6eb6bbb18f94c4fb8288a6cb5060d	isomorphisms/ir	9cf98334411d2294c0e39098f4487dbed2bdb98c	cxxr/src/extra/gc/include/private/thread_local_alloc.h	fff625d324c6eb6bbb18f94c4fb8288a6cb5060d	unchanged_cxxr_import
isomorphisms/ir	80134ccd43e6fa859772b4838c53ebac96a35b5c	cxxr/src/extra/gc/include/weakpointer.h	b9af99b596fb7b62847e85b06640dd0392806ece	isomorphisms/ir	9cf98334411d2294c0e39098f4487dbed2bdb98c	cxxr/src/extra/gc/include/weakpointer.h	b9af99b596fb7b62847e85b06640dd0392806ece	unchanged_cxxr_import
isomorphisms/ir	80134ccd43e6fa859772b4838c53ebac96a35b5c	cxxr/src/extra/gc/mach_dep.c	9c95e698137d60c6ac2a33318e458b9d7715c90a	isomorphisms/ir	9cf98334411d2294c0e39098f4487dbed2bdb98c	cxxr/src/extra/gc/mach_dep.c	9c95e698137d60c6ac2a33318e458b9d7715c90a	unchanged_cxxr_import
isomorphisms/ir	80134ccd43e6fa859772b4838c53ebac96a35b5c	cxxr/src/extra/gc/malloc.c	3831822b3c3e4ebaed67a0e17c38122ce31c22ac	isomorphisms/ir	9cf98334411d2294c0e39098f4487dbed2bdb98c	cxxr/src/extra/gc/malloc.c	3831822b3c3e4ebaed67a0e17c38122ce31c22ac	unchanged_cxxr_import
isomorphisms/ir	80134ccd43e6fa859772b4838c53ebac96a35b5c	cxxr/src/extra/gc/mallocx.c	a526d9e356d55561fc6eaf02b03225487fa2f966	isomorphisms/ir	9cf98334411d2294c0e39098f4487dbed2bdb98c	cxxr/src/extra/gc/mallocx.c	a526d9e356d55561fc6eaf02b03225487fa2f966	unchanged_cxxr_import
isomorphisms/ir	80134ccd43e6fa859772b4838c53ebac96a35b5c	cxxr/src/extra/gc/mark_rts.c	a8dc04a2b7e886aa9272ae936faf8796740fc915	isomorphisms/ir	9cf98334411d2294c0e39098f4487dbed2bdb98c	cxxr/src/extra/gc/mark_rts.c	a8dc04a2b7e886aa9272ae936faf8796740fc915	unchanged_cxxr_import
isomorphisms/ir	80134ccd43e6fa859772b4838c53ebac96a35b5c	cxxr/src/extra/gc/mark.c	eb8efc790d5330365dc158724cb20f1ffd1d9301	isomorphisms/ir	9cf98334411d2294c0e39098f4487dbed2bdb98c	cxxr/src/extra/gc/mark.c	eb8efc790d5330365dc158724cb20f1ffd1d9301	unchanged_cxxr_import
isomorphisms/ir	80134ccd43e6fa859772b4838c53ebac96a35b5c	cxxr/src/extra/gc/misc.c	84cad42b2c6d65e5f8f790531a15c4afda45e666	isomorphisms/ir	9cf98334411d2294c0e39098f4487dbed2bdb98c	cxxr/src/extra/gc/misc.c	84cad42b2c6d65e5f8f790531a15c4afda45e666	unchanged_cxxr_import
isomorphisms/ir	80134ccd43e6fa859772b4838c53ebac96a35b5c	cxxr/src/extra/gc/new_hblk.c	ac6a118d4d7592f4159c7bc25631487c6bfbca9a	isomorphisms/ir	9cf98334411d2294c0e39098f4487dbed2bdb98c	cxxr/src/extra/gc/new_hblk.c	ac6a118d4d7592f4159c7bc25631487c6bfbca9a	unchanged_cxxr_import
isomorphisms/ir	80134ccd43e6fa859772b4838c53ebac96a35b5c	cxxr/src/extra/gc/obj_map.c	9fdeb0afcc1f18845b14e23cd3d621590e1ed185	isomorphisms/ir	9cf98334411d2294c0e39098f4487dbed2bdb98c	cxxr/src/extra/gc/obj_map.c	9fdeb0afcc1f18845b14e23cd3d621590e1ed185	unchanged_cxxr_import
isomorphisms/ir	80134ccd43e6fa859772b4838c53ebac96a35b5c	cxxr/src/extra/gc/os_dep.c	fc2b898f6f2d6ae31ef005b95572a9261d4a8dd7	isomorphisms/ir	9cf98334411d2294c0e39098f4487dbed2bdb98c	cxxr/src/extra/gc/os_dep.c	fc2b898f6f2d6ae31ef005b95572a9261d4a8dd7	unchanged_cxxr_import
isomorphisms/ir	80134ccd43e6fa859772b4838c53ebac96a35b5c	cxxr/src/extra/gc/pcr_interface.c	c6c868c3b946c3e03693e8f0971752597fb2ef73	isomorphisms/ir	9cf98334411d2294c0e39098f4487dbed2bdb98c	cxxr/src/extra/gc/pcr_interface.c	c6c868c3b946c3e03693e8f0971752597fb2ef73	unchanged_cxxr_import
isomorphisms/ir	80134ccd43e6fa859772b4838c53ebac96a35b5c	cxxr/src/extra/gc/pthread_start.c	bd4fc4a048893f655903a8d5c56f40ed968f83e9	isomorphisms/ir	9cf98334411d2294c0e39098f4487dbed2bdb98c	cxxr/src/extra/gc/pthread_start.c	bd4fc4a048893f655903a8d5c56f40ed968f83e9	unchanged_cxxr_import
isomorphisms/ir	80134ccd43e6fa859772b4838c53ebac96a35b5c	cxxr/src/extra/gc/pthread_stop_world.c	a68e92225fb8d876a4ff0d8d9132ed58bf0a3e27	isomorphisms/ir	9cf98334411d2294c0e39098f4487dbed2bdb98c	cxxr/src/extra/gc/pthread_stop_world.c	a68e92225fb8d876a4ff0d8d9132ed58bf0a3e27	unchanged_cxxr_import
isomorphisms/ir	80134ccd43e6fa859772b4838c53ebac96a35b5c	cxxr/src/extra/gc/pthread_support.c	c66b08f8fd8d53d5c2925b9118e767764e591209	isomorphisms/ir	9cf98334411d2294c0e39098f4487dbed2bdb98c	cxxr/src/extra/gc/pthread_support.c	c66b08f8fd8d53d5c2925b9118e767764e591209	unchanged_cxxr_import
isomorphisms/ir	80134ccd43e6fa859772b4838c53ebac96a35b5c	cxxr/src/extra/gc/ptr_chck.c	011b27efb4e418f32c03f5a8d67682e1e854da4d	isomorphisms/ir	9cf98334411d2294c0e39098f4487dbed2bdb98c	cxxr/src/extra/gc/ptr_chck.c	011b27efb4e418f32c03f5a8d67682e1e854da4d	unchanged_cxxr_import
isomorphisms/ir	80134ccd43e6fa859772b4838c53ebac96a35b5c	cxxr/src/extra/gc/real_malloc.c	145e73f3b4b1f8f1b58f9cd42c255f974861b675	isomorphisms/ir	9cf98334411d2294c0e39098f4487dbed2bdb98c	cxxr/src/extra/gc/real_malloc.c	145e73f3b4b1f8f1b58f9cd42c255f974861b675	unchanged_cxxr_import
isomorphisms/ir	80134ccd43e6fa859772b4838c53ebac96a35b5c	cxxr/src/extra/gc/reclaim.c	a332ef67bcde1fc2a5786d74fb28c00861ce2e3d	isomorphisms/ir	9cf98334411d2294c0e39098f4487dbed2bdb98c	cxxr/src/extra/gc/reclaim.c	a332ef67bcde1fc2a5786d74fb28c00861ce2e3d	unchanged_cxxr_import
isomorphisms/ir	80134ccd43e6fa859772b4838c53ebac96a35b5c	cxxr/src/extra/gc/specific.c	ba23e47d16831b7df0e99c2d594e12281033ca1b	isomorphisms/ir	9cf98334411d2294c0e39098f4487dbed2bdb98c	cxxr/src/extra/gc/specific.c	ba23e47d16831b7df0e99c2d594e12281033ca1b	unchanged_cxxr_import
isomorphisms/ir	80134ccd43e6fa859772b4838c53ebac96a35b5c	cxxr/src/extra/gc/stubborn.c	cc5d08ae5c3e39ee7725e324c50b8221aca0bf0d	isomorphisms/ir	9cf98334411d2294c0e39098f4487dbed2bdb98c	cxxr/src/extra/gc/stubborn.c	cc5d08ae5c3e39ee7725e324c50b8221aca0bf0d	unchanged_cxxr_import
isomorphisms/ir	80134ccd43e6fa859772b4838c53ebac96a35b5c	cxxr/src/extra/gc/tests/disclaim_bench.c	cf31a4a5aaa18036acd0ef92955d53db6ee841a9	isomorphisms/ir	9cf98334411d2294c0e39098f4487dbed2bdb98c	cxxr/src/extra/gc/tests/disclaim_bench.c	cf31a4a5aaa18036acd0ef92955d53db6ee841a9	unchanged_cxxr_import
isomorphisms/ir	80134ccd43e6fa859772b4838c53ebac96a35b5c	cxxr/src/extra/gc/tests/disclaim_test.c	7bba6fb84d54855d920d80a11b4c1f91dd05115f	isomorphisms/ir	9cf98334411d2294c0e39098f4487dbed2bdb98c	cxxr/src/extra/gc/tests/disclaim_test.c	7bba6fb84d54855d920d80a11b4c1f91dd05115f	unchanged_cxxr_import
isomorphisms/ir	80134ccd43e6fa859772b4838c53ebac96a35b5c	cxxr/src/extra/gc/tests/huge_test.c	bde9836d5a8c48c02f9c68c925932739cdd1e255	isomorphisms/ir	9cf98334411d2294c0e39098f4487dbed2bdb98c	cxxr/src/extra/gc/tests/huge_test.c	bde9836d5a8c48c02f9c68c925932739cdd1e255	unchanged_cxxr_import
isomorphisms/ir	80134ccd43e6fa859772b4838c53ebac96a35b5c	cxxr/src/extra/gc/tests/initsecondarythread.c	5f214050013e5247db656437eadcc74b3366a252	isomorphisms/ir	9cf98334411d2294c0e39098f4487dbed2bdb98c	cxxr/src/extra/gc/tests/initsecondarythread.c	5f214050013e5247db656437eadcc74b3366a252	unchanged_cxxr_import
isomorphisms/ir	80134ccd43e6fa859772b4838c53ebac96a35b5c	cxxr/src/extra/gc/tests/leak_test.c	ae0a9af3878af59361517402d83f435f5e141102	isomorphisms/ir	9cf98334411d2294c0e39098f4487dbed2bdb98c	cxxr/src/extra/gc/tests/leak_test.c	ae0a9af3878af59361517402d83f435f5e141102	unchanged_cxxr_import
isomorphisms/ir	80134ccd43e6fa859772b4838c53ebac96a35b5c	cxxr/src/extra/gc/tests/middle.c	55686f759ccc334194fafd9484a96eb16a885274	isomorphisms/ir	9cf98334411d2294c0e39098f4487dbed2bdb98c	cxxr/src/extra/gc/tests/middle.c	55686f759ccc334194fafd9484a96eb16a885274	unchanged_cxxr_import
isomorphisms/ir	80134ccd43e6fa859772b4838c53ebac96a35b5c	cxxr/src/extra/gc/tests/realloc_test.c	1c1668f27d083c4d50ce9cdd92bb8c37642d1887	isomorphisms/ir	9cf98334411d2294c0e39098f4487dbed2bdb98c	cxxr/src/extra/gc/tests/realloc_test.c	1c1668f27d083c4d50ce9cdd92bb8c37642d1887	unchanged_cxxr_import
isomorphisms/ir	80134ccd43e6fa859772b4838c53ebac96a35b5c	cxxr/src/extra/gc/tests/smash_test.c	0e8b1f0808918a7ab783bc6cfc4b1e97360cf47b	isomorphisms/ir	9cf98334411d2294c0e39098f4487dbed2bdb98c	cxxr/src/extra/gc/tests/smash_test.c	0e8b1f0808918a7ab783bc6cfc4b1e97360cf47b	unchanged_cxxr_import
isomorphisms/ir	80134ccd43e6fa859772b4838c53ebac96a35b5c	cxxr/src/extra/gc/tests/staticrootslib.c	ef828c7be64ca5603cf3d6497800e781c26e2344	isomorphisms/ir	9cf98334411d2294c0e39098f4487dbed2bdb98c	cxxr/src/extra/gc/tests/staticrootslib.c	ef828c7be64ca5603cf3d6497800e781c26e2344	unchanged_cxxr_import
isomorphisms/ir	80134ccd43e6fa859772b4838c53ebac96a35b5c	cxxr/src/extra/gc/tests/staticrootstest.c	34ce9b40be76a333d1fa05696199d920bc6aef43	isomorphisms/ir	9cf98334411d2294c0e39098f4487dbed2bdb98c	cxxr/src/extra/gc/tests/staticrootstest.c	34ce9b40be76a333d1fa05696199d920bc6aef43	unchanged_cxxr_import
isomorphisms/ir	80134ccd43e6fa859772b4838c53ebac96a35b5c	cxxr/src/extra/gc/tests/subthread_create.c	9a7095b6dd328900fa140546a0db571358481535	isomorphisms/ir	9cf98334411d2294c0e39098f4487dbed2bdb98c	cxxr/src/extra/gc/tests/subthread_create.c	9a7095b6dd328900fa140546a0db571358481535	unchanged_cxxr_import
isomorphisms/ir	80134ccd43e6fa859772b4838c53ebac96a35b5c	cxxr/src/extra/gc/tests/test.c	f4daaa719bef6f54f615afd95d6594389205f4c8	isomorphisms/ir	9cf98334411d2294c0e39098f4487dbed2bdb98c	cxxr/src/extra/gc/tests/test.c	f4daaa719bef6f54f615afd95d6594389205f4c8	unchanged_cxxr_import
isomorphisms/ir	80134ccd43e6fa859772b4838c53ebac96a35b5c	cxxr/src/extra/gc/tests/thread_leak_test.c	845de00ecd9049a95ee4f2c179389a9ee5efa835	isomorphisms/ir	9cf98334411d2294c0e39098f4487dbed2bdb98c	cxxr/src/extra/gc/tests/thread_leak_test.c	845de00ecd9049a95ee4f2c179389a9ee5efa835	unchanged_cxxr_import
isomorphisms/ir	80134ccd43e6fa859772b4838c53ebac96a35b5c	cxxr/src/extra/gc/tests/threadkey_test.c	859f53fddfc752c09c1a7e71940d86054aead0b5	isomorphisms/ir	9cf98334411d2294c0e39098f4487dbed2bdb98c	cxxr/src/extra/gc/tests/threadkey_test.c	859f53fddfc752c09c1a7e71940d86054aead0b5	unchanged_cxxr_import
isomorphisms/ir	80134ccd43e6fa859772b4838c53ebac96a35b5c	cxxr/src/extra/gc/tests/trace_test.c	79c353f71a61bd32fe35dc056b75db29239eefc7	isomorphisms/ir	9cf98334411d2294c0e39098f4487dbed2bdb98c	cxxr/src/extra/gc/tests/trace_test.c	79c353f71a61bd32fe35dc056b75db29239eefc7	unchanged_cxxr_import
isomorphisms/ir	80134ccd43e6fa859772b4838c53ebac96a35b5c	cxxr/src/extra/gc/thread_local_alloc.c	8d184f51aacc5f836a1fc877f2e823754b20b8ce	isomorphisms/ir	9cf98334411d2294c0e39098f4487dbed2bdb98c	cxxr/src/extra/gc/thread_local_alloc.c	8d184f51aacc5f836a1fc877f2e823754b20b8ce	unchanged_cxxr_import
isomorphisms/ir	80134ccd43e6fa859772b4838c53ebac96a35b5c	cxxr/src/extra/gc/tools/add_gc_prefix.c	60afa5ff192c6d246a8e99ea721979866e7406c7	isomorphisms/ir	9cf98334411d2294c0e39098f4487dbed2bdb98c	cxxr/src/extra/gc/tools/add_gc_prefix.c	60afa5ff192c6d246a8e99ea721979866e7406c7	unchanged_cxxr_import
isomorphisms/ir	80134ccd43e6fa859772b4838c53ebac96a35b5c	cxxr/src/extra/gc/tools/gcname.c	b9f336416cfd0310588b84e11cc723f01a9c6247	isomorphisms/ir	9cf98334411d2294c0e39098f4487dbed2bdb98c	cxxr/src/extra/gc/tools/gcname.c	b9f336416cfd0310588b84e11cc723f01a9c6247	unchanged_cxxr_import
isomorphisms/ir	80134ccd43e6fa859772b4838c53ebac96a35b5c	cxxr/src/extra/gc/tools/if_mach.c	94053a666628816d98d16bf7e72ef406c2d21e69	isomorphisms/ir	9cf98334411d2294c0e39098f4487dbed2bdb98c	cxxr/src/extra/gc/tools/if_mach.c	94053a666628816d98d16bf7e72ef406c2d21e69	unchanged_cxxr_import
isomorphisms/ir	80134ccd43e6fa859772b4838c53ebac96a35b5c	cxxr/src/extra/gc/tools/if_not_there.c	c0f095d058cae804efd53997471a70d4a7dff63f	isomorphisms/ir	9cf98334411d2294c0e39098f4487dbed2bdb98c	cxxr/src/extra/gc/tools/if_not_there.c	c0f095d058cae804efd53997471a70d4a7dff63f	unchanged_cxxr_import
isomorphisms/ir	80134ccd43e6fa859772b4838c53ebac96a35b5c	cxxr/src/extra/gc/tools/setjmp_t.c	e66d7f6027fa5bee411c47b6f321ac4da913b36d	isomorphisms/ir	9cf98334411d2294c0e39098f4487dbed2bdb98c	cxxr/src/extra/gc/tools/setjmp_t.c	e66d7f6027fa5bee411c47b6f321ac4da913b36d	unchanged_cxxr_import
isomorphisms/ir	80134ccd43e6fa859772b4838c53ebac96a35b5c	cxxr/src/extra/gc/tools/threadlibs.c	a97f91b8fc9670b4d29a122147fbf9d176404ae8	isomorphisms/ir	9cf98334411d2294c0e39098f4487dbed2bdb98c	cxxr/src/extra/gc/tools/threadlibs.c	a97f91b8fc9670b4d29a122147fbf9d176404ae8	unchanged_cxxr_import
isomorphisms/ir	80134ccd43e6fa859772b4838c53ebac96a35b5c	cxxr/src/extra/gc/typd_mlc.c	aba9f46c54e2c1ee959e759163c3ce881597378e	isomorphisms/ir	9cf98334411d2294c0e39098f4487dbed2bdb98c	cxxr/src/extra/gc/typd_mlc.c	aba9f46c54e2c1ee959e759163c3ce881597378e	unchanged_cxxr_import
isomorphisms/ir	80134ccd43e6fa859772b4838c53ebac96a35b5c	cxxr/src/extra/gc/win32_threads.c	74e47d9e183252bc3f7db226e7eae8d7d0e0130d	isomorphisms/ir	9cf98334411d2294c0e39098f4487dbed2bdb98c	cxxr/src/extra/gc/win32_threads.c	74e47d9e183252bc3f7db226e7eae8d7d0e0130d	unchanged_cxxr_import
isomorphisms/ir	80134ccd43e6fa859772b4838c53ebac96a35b5c	cxxr/src/extra/gc/windows-untested/gc.def	2853518fedfd759eb289303b57f5c3632ae3f260	isomorphisms/ir	9cf98334411d2294c0e39098f4487dbed2bdb98c	cxxr/src/extra/gc/windows-untested/gc.def	2853518fedfd759eb289303b57f5c3632ae3f260	unchanged_cxxr_import
isomorphisms/ir	80134ccd43e6fa859772b4838c53ebac96a35b5c	cxxr/src/extra/gc/windows-untested/stdafx.c	fd4f341c7b247a19f9f24bba29582643f79a0751	isomorphisms/ir	9cf98334411d2294c0e39098f4487dbed2bdb98c	cxxr/src/extra/gc/windows-untested/stdafx.c	fd4f341c7b247a19f9f24bba29582643f79a0751	unchanged_cxxr_import
isomorphisms/ir	80134ccd43e6fa859772b4838c53ebac96a35b5c	cxxr/src/extra/gc/windows-untested/stdafx.h	7f5dcf1c31de1a6ed1a406860b694354739f6a71	isomorphisms/ir	9cf98334411d2294c0e39098f4487dbed2bdb98c	cxxr/src/extra/gc/windows-untested/stdafx.h	7f5dcf1c31de1a6ed1a406860b694354739f6a71	unchanged_cxxr_import
isomorphisms/ir	80134ccd43e6fa859772b4838c53ebac96a35b5c	cxxr/src/extra/graphapp/arith.c	499d98e0c8a90668447e0128f7e48243863f5f58	isomorphisms/ir	9cf98334411d2294c0e39098f4487dbed2bdb98c	cxxr/src/extra/graphapp/arith.c	499d98e0c8a90668447e0128f7e48243863f5f58	unchanged_cxxr_import
isomorphisms/ir	80134ccd43e6fa859772b4838c53ebac96a35b5c	cxxr/src/extra/graphapp/array.c	21c8d718156d7f4513a8f2ac1fafcf8e83dd1e41	isomorphisms/ir	9cf98334411d2294c0e39098f4487dbed2bdb98c	cxxr/src/extra/graphapp/array.c	21c8d718156d7f4513a8f2ac1fafcf8e83dd1e41	unchanged_cxxr_import
isomorphisms/ir	80134ccd43e6fa859772b4838c53ebac96a35b5c	cxxr/src/extra/graphapp/bitmaps.c	5d4413ff37b9ce8719f5b2468fe8e352093fdb20	isomorphisms/ir	9cf98334411d2294c0e39098f4487dbed2bdb98c	cxxr/src/extra/graphapp/bitmaps.c	5d4413ff37b9ce8719f5b2468fe8e352093fdb20	unchanged_cxxr_import
isomorphisms/ir	80134ccd43e6fa859772b4838c53ebac96a35b5c	cxxr/src/extra/graphapp/buttons.c	fee9a73261a7f3913e78aad78c3053607bf9b51f	isomorphisms/ir	9cf98334411d2294c0e39098f4487dbed2bdb98c	cxxr/src/extra/graphapp/buttons.c	fee9a73261a7f3913e78aad78c3053607bf9b51f	unchanged_cxxr_import
isomorphisms/ir	80134ccd43e6fa859772b4838c53ebac96a35b5c	cxxr/src/extra/graphapp/clipboard.c	8a25a78a20da07efd661cda163ffe88291829907	isomorphisms/ir	9cf98334411d2294c0e39098f4487dbed2bdb98c	cxxr/src/extra/graphapp/clipboard.c	8a25a78a20da07efd661cda163ffe88291829907	unchanged_cxxr_import
isomorphisms/ir	80134ccd43e6fa859772b4838c53ebac96a35b5c	cxxr/src/extra/graphapp/context.c	e302a1d69ce0bc04de5113a9bf3b834fdf8ef7dd	isomorphisms/ir	9cf98334411d2294c0e39098f4487dbed2bdb98c	cxxr/src/extra/graphapp/context.c	e302a1d69ce0bc04de5113a9bf3b834fdf8ef7dd	unchanged_cxxr_import
isomorphisms/ir	80134ccd43e6fa859772b4838c53ebac96a35b5c	cxxr/src/extra/graphapp/controls.c	1b84186601ae359fe6a8261b0524b74e34595e6f	isomorphisms/ir	9cf98334411d2294c0e39098f4487dbed2bdb98c	cxxr/src/extra/graphapp/controls.c	1b84186601ae359fe6a8261b0524b74e34595e6f	unchanged_cxxr_import
isomorphisms/ir	80134ccd43e6fa859772b4838c53ebac96a35b5c	cxxr/src/extra/graphapp/cursors.c	3d98852e0336b9ec0a8aa5adf0c38b786b414029	isomorphisms/ir	9cf98334411d2294c0e39098f4487dbed2bdb98c	cxxr/src/extra/graphapp/cursors.c	3d98852e0336b9ec0a8aa5adf0c38b786b414029	unchanged_cxxr_import
isomorphisms/ir	80134ccd43e6fa859772b4838c53ebac96a35b5c	cxxr/src/extra/graphapp/dialogs.c	da8a84813c43e09805ad445c1af3469d710b4827	isomorphisms/ir	9cf98334411d2294c0e39098f4487dbed2bdb98c	cxxr/src/extra/graphapp/dialogs.c	da8a84813c43e09805ad445c1af3469d710b4827	unchanged_cxxr_import
isomorphisms/ir	80134ccd43e6fa859772b4838c53ebac96a35b5c	cxxr/src/extra/graphapp/drawing.c	0cb5624b01fc30695393f9996a69d4689c3109a9	isomorphisms/ir	9cf98334411d2294c0e39098f4487dbed2bdb98c	cxxr/src/extra/graphapp/drawing.c	0cb5624b01fc30695393f9996a69d4689c3109a9	unchanged_cxxr_import
isomorphisms/ir	80134ccd43e6fa859772b4838c53ebac96a35b5c	cxxr/src/extra/graphapp/drawtext.c	db56d673e5dbb56587477e2906042a7087ba3f24	isomorphisms/ir	9cf98334411d2294c0e39098f4487dbed2bdb98c	cxxr/src/extra/graphapp/drawtext.c	db56d673e5dbb56587477e2906042a7087ba3f24	unchanged_cxxr_import
isomorphisms/ir	80134ccd43e6fa859772b4838c53ebac96a35b5c	cxxr/src/extra/graphapp/events.c	a8ae0f44103fe54d03906c1b0614ef0a8b7baa52	isomorphisms/ir	9cf98334411d2294c0e39098f4487dbed2bdb98c	cxxr/src/extra/graphapp/events.c	a8ae0f44103fe54d03906c1b0614ef0a8b7baa52	unchanged_cxxr_import
isomorphisms/ir	80134ccd43e6fa859772b4838c53ebac96a35b5c	cxxr/src/extra/graphapp/fonts.c	2d517a53363887cb3e9e247c0267148c6adfa213	isomorphisms/ir	9cf98334411d2294c0e39098f4487dbed2bdb98c	cxxr/src/extra/graphapp/fonts.c	2d517a53363887cb3e9e247c0267148c6adfa213	unchanged_cxxr_import
isomorphisms/ir	80134ccd43e6fa859772b4838c53ebac96a35b5c	cxxr/src/extra/graphapp/ga.h	3704d2febdb0cae595fcc0c4bc5af7824587f0fe	isomorphisms/ir	9cf98334411d2294c0e39098f4487dbed2bdb98c	cxxr/src/extra/graphapp/ga.h	3704d2febdb0cae595fcc0c4bc5af7824587f0fe	unchanged_cxxr_import
isomorphisms/ir	80134ccd43e6fa859772b4838c53ebac96a35b5c	cxxr/src/extra/graphapp/gbuttons.c	4d9ccafebad9df6d0d979c176b4dcb5b7bc9e5e3	isomorphisms/ir	9cf98334411d2294c0e39098f4487dbed2bdb98c	cxxr/src/extra/graphapp/gbuttons.c	4d9ccafebad9df6d0d979c176b4dcb5b7bc9e5e3	unchanged_cxxr_import
isomorphisms/ir	80134ccd43e6fa859772b4838c53ebac96a35b5c	cxxr/src/extra/graphapp/gdraw.c	c026f4fc521bed809ba96afb695f6d7441a785cf	isomorphisms/ir	9cf98334411d2294c0e39098f4487dbed2bdb98c	cxxr/src/extra/graphapp/gdraw.c	c026f4fc521bed809ba96afb695f6d7441a785cf	unchanged_cxxr_import
isomorphisms/ir	80134ccd43e6fa859772b4838c53ebac96a35b5c	cxxr/src/extra/graphapp/gif.c	d4bab59c79bce59f68601f479147cdcd64b9188f	isomorphisms/ir	9cf98334411d2294c0e39098f4487dbed2bdb98c	cxxr/src/extra/graphapp/gif.c	d4bab59c79bce59f68601f479147cdcd64b9188f	unchanged_cxxr_import
isomorphisms/ir	80134ccd43e6fa859772b4838c53ebac96a35b5c	cxxr/src/extra/graphapp/gimage.c	21189c6a2a013925830c16d524055d9b8971cc70	isomorphisms/ir	9cf98334411d2294c0e39098f4487dbed2bdb98c	cxxr/src/extra/graphapp/gimage.c	21189c6a2a013925830c16d524055d9b8971cc70	unchanged_cxxr_import
isomorphisms/ir	80134ccd43e6fa859772b4838c53ebac96a35b5c	cxxr/src/extra/graphapp/gmenus.c	1ea0e359bb24ab10f4b4708b787b0dfed158d27d	isomorphisms/ir	9cf98334411d2294c0e39098f4487dbed2bdb98c	cxxr/src/extra/graphapp/gmenus.c	1ea0e359bb24ab10f4b4708b787b0dfed158d27d	unchanged_cxxr_import
isomorphisms/ir	80134ccd43e6fa859772b4838c53ebac96a35b5c	cxxr/src/extra/graphapp/graphapp.h	ad8ed7bf13d997fe3cef5afa3cec31c038651336	isomorphisms/ir	9cf98334411d2294c0e39098f4487dbed2bdb98c	cxxr/src/extra/graphapp/graphapp.h	ad8ed7bf13d997fe3cef5afa3cec31c038651336	unchanged_cxxr_import
isomorphisms/ir	80134ccd43e6fa859772b4838c53ebac96a35b5c	cxxr/src/extra/graphapp/image.c	d42bad0557e083dbba4784956f605d68f719d959	isomorphisms/ir	9cf98334411d2294c0e39098f4487dbed2bdb98c	cxxr/src/extra/graphapp/image.c	d42bad0557e083dbba4784956f605d68f719d959	unchanged_cxxr_import
isomorphisms/ir	80134ccd43e6fa859772b4838c53ebac96a35b5c	cxxr/src/extra/graphapp/init.c	1ddd7c49deab7aff5ddef0716bc7f76a25418c92	isomorphisms/ir	9cf98334411d2294c0e39098f4487dbed2bdb98c	cxxr/src/extra/graphapp/init.c	1ddd7c49deab7aff5ddef0716bc7f76a25418c92	unchanged_cxxr_import
isomorphisms/ir	80134ccd43e6fa859772b4838c53ebac96a35b5c	cxxr/src/extra/graphapp/internal.h	3150031ec8178039814ea2f5f45f66a8d2380d9c	isomorphisms/ir	9cf98334411d2294c0e39098f4487dbed2bdb98c	cxxr/src/extra/graphapp/internal.h	3150031ec8178039814ea2f5f45f66a8d2380d9c	unchanged_cxxr_import
isomorphisms/ir	80134ccd43e6fa859772b4838c53ebac96a35b5c	cxxr/src/extra/graphapp/menus.c	341cdbc4a563db11acfed7c4e25b97edf0a56346	isomorphisms/ir	9cf98334411d2294c0e39098f4487dbed2bdb98c	cxxr/src/extra/graphapp/menus.c	341cdbc4a563db11acfed7c4e25b97edf0a56346	unchanged_cxxr_import
isomorphisms/ir	80134ccd43e6fa859772b4838c53ebac96a35b5c	cxxr/src/extra/graphapp/metafile.c	4525ef2ceb6a6b54f62c10a238a8b057c2c4321a	isomorphisms/ir	9cf98334411d2294c0e39098f4487dbed2bdb98c	cxxr/src/extra/graphapp/metafile.c	4525ef2ceb6a6b54f62c10a238a8b057c2c4321a	unchanged_cxxr_import
isomorphisms/ir	80134ccd43e6fa859772b4838c53ebac96a35b5c	cxxr/src/extra/graphapp/objects.c	db2888c535fd2d907fe650db0cb539210a1147b2	isomorphisms/ir	9cf98334411d2294c0e39098f4487dbed2bdb98c	cxxr/src/extra/graphapp/objects.c	db2888c535fd2d907fe650db0cb539210a1147b2	unchanged_cxxr_import
isomorphisms/ir	80134ccd43e6fa859772b4838c53ebac96a35b5c	cxxr/src/extra/graphapp/printer.c	cc87e18b64d14d11325ce069b2b5b90b45725753	isomorphisms/ir	9cf98334411d2294c0e39098f4487dbed2bdb98c	cxxr/src/extra/graphapp/printer.c	cc87e18b64d14d11325ce069b2b5b90b45725753	unchanged_cxxr_import
isomorphisms/ir	80134ccd43e6fa859772b4838c53ebac96a35b5c	cxxr/src/extra/graphapp/R.def	0c34f276f2424f14a465c0d436f77ec0dceb5728	isomorphisms/ir	9cf98334411d2294c0e39098f4487dbed2bdb98c	cxxr/src/extra/graphapp/R.def	0c34f276f2424f14a465c0d436f77ec0dceb5728	unchanged_cxxr_import
isomorphisms/ir	80134ccd43e6fa859772b4838c53ebac96a35b5c	cxxr/src/extra/graphapp/rgb.c	72ef47413f6d6972cc4d355cd7ff2a3b8b3cccc2	isomorphisms/ir	9cf98334411d2294c0e39098f4487dbed2bdb98c	cxxr/src/extra/graphapp/rgb.c	72ef47413f6d6972cc4d355cd7ff2a3b8b3cccc2	unchanged_cxxr_import
isomorphisms/ir	80134ccd43e6fa859772b4838c53ebac96a35b5c	cxxr/src/extra/graphapp/status.c	a7140e5998f1ab8690a7ab8a918da825d65fe029	isomorphisms/ir	9cf98334411d2294c0e39098f4487dbed2bdb98c	cxxr/src/extra/graphapp/status.c	a7140e5998f1ab8690a7ab8a918da825d65fe029	unchanged_cxxr_import
isomorphisms/ir	80134ccd43e6fa859772b4838c53ebac96a35b5c	cxxr/src/extra/graphapp/stdimg.c	5f3cb9112f58bb198787844f1b79ea2d18ff55e8	isomorphisms/ir	9cf98334411d2294c0e39098f4487dbed2bdb98c	cxxr/src/extra/graphapp/stdimg.c	5f3cb9112f58bb198787844f1b79ea2d18ff55e8	unchanged_cxxr_import
isomorphisms/ir	80134ccd43e6fa859772b4838c53ebac96a35b5c	cxxr/src/extra/graphapp/stdimg.h	b765db3cd581e515766ee1be1eeec2af79c9e59c	isomorphisms/ir	9cf98334411d2294c0e39098f4487dbed2bdb98c	cxxr/src/extra/graphapp/stdimg.h	b765db3cd581e515766ee1be1eeec2af79c9e59c	unchanged_cxxr_import
isomorphisms/ir	80134ccd43e6fa859772b4838c53ebac96a35b5c	cxxr/src/extra/graphapp/str.h	5d34810806df4be9ecb2cf6b0c02b9a7b72d3e95	isomorphisms/ir	9cf98334411d2294c0e39098f4487dbed2bdb98c	cxxr/src/extra/graphapp/str.h	5d34810806df4be9ecb2cf6b0c02b9a7b72d3e95	unchanged_cxxr_import
isomorphisms/ir	80134ccd43e6fa859772b4838c53ebac96a35b5c	cxxr/src/extra/graphapp/strings.c	b391b540cf92c5940fb61adbd3996d7ca03af638	isomorphisms/ir	9cf98334411d2294c0e39098f4487dbed2bdb98c	cxxr/src/extra/graphapp/strings.c	b391b540cf92c5940fb61adbd3996d7ca03af638	unchanged_cxxr_import
isomorphisms/ir	80134ccd43e6fa859772b4838c53ebac96a35b5c	cxxr/src/extra/graphapp/tooltips.c	02108adcf72c5bb35ef0db6455656a7fcca376b1	isomorphisms/ir	9cf98334411d2294c0e39098f4487dbed2bdb98c	cxxr/src/extra/graphapp/tooltips.c	02108adcf72c5bb35ef0db6455656a7fcca376b1	unchanged_cxxr_import
isomorphisms/ir	80134ccd43e6fa859772b4838c53ebac96a35b5c	cxxr/src/extra/graphapp/windows.c	df90e59d361360b40f539b6bc6b40b74e858c765	isomorphisms/ir	9cf98334411d2294c0e39098f4487dbed2bdb98c	cxxr/src/extra/graphapp/windows.c	df90e59d361360b40f539b6bc6b40b74e858c765	unchanged_cxxr_import
isomorphisms/ir	80134ccd43e6fa859772b4838c53ebac96a35b5c	cxxr/src/extra/gtest/fused-src/gtest/gtest.h	4f3804f703c5e672f06efdf6357995a559eeab02	isomorphisms/ir	9cf98334411d2294c0e39098f4487dbed2bdb98c	cxxr/src/extra/gtest/fused-src/gtest/gtest.h	4f3804f703c5e672f06efdf6357995a559eeab02	unchanged_cxxr_import
isomorphisms/ir	80134ccd43e6fa859772b4838c53ebac96a35b5c	cxxr/src/extra/gtest/include/gtest/gtest_pred_impl.h	30ae712f50ed3d8e8446e4495af9b1abecab2e86	isomorphisms/ir	9cf98334411d2294c0e39098f4487dbed2bdb98c	cxxr/src/extra/gtest/include/gtest/gtest_pred_impl.h	30ae712f50ed3d8e8446e4495af9b1abecab2e86	unchanged_cxxr_import
isomorphisms/ir	80134ccd43e6fa859772b4838c53ebac96a35b5c	cxxr/src/extra/gtest/include/gtest/gtest_prod.h	da80ddc6c70ee2dc773ed6765a4f89dfa8cb38e8	isomorphisms/ir	9cf98334411d2294c0e39098f4487dbed2bdb98c	cxxr/src/extra/gtest/include/gtest/gtest_prod.h	da80ddc6c70ee2dc773ed6765a4f89dfa8cb38e8	unchanged_cxxr_import
isomorphisms/ir	80134ccd43e6fa859772b4838c53ebac96a35b5c	cxxr/src/extra/gtest/include/gtest/gtest-death-test.h	957a69c6a9e7bed7d57ebd7872fb047f97175fc1	isomorphisms/ir	9cf98334411d2294c0e39098f4487dbed2bdb98c	cxxr/src/extra/gtest/include/gtest/gtest-death-test.h	957a69c6a9e7bed7d57ebd7872fb047f97175fc1	unchanged_cxxr_import
isomorphisms/ir	80134ccd43e6fa859772b4838c53ebac96a35b5c	cxxr/src/extra/gtest/include/gtest/gtest-message.h	fe879bca7927afae2499a6137ab26f4991fbbacf	isomorphisms/ir	9cf98334411d2294c0e39098f4487dbed2bdb98c	cxxr/src/extra/gtest/include/gtest/gtest-message.h	fe879bca7927afae2499a6137ab26f4991fbbacf	unchanged_cxxr_import
isomorphisms/ir	80134ccd43e6fa859772b4838c53ebac96a35b5c	cxxr/src/extra/gtest/include/gtest/gtest-param-test.h	d6702c8f1624789dcbda525f7a28e72be627e9ef	isomorphisms/ir	9cf98334411d2294c0e39098f4487dbed2bdb98c	cxxr/src/extra/gtest/include/gtest/gtest-param-test.h	d6702c8f1624789dcbda525f7a28e72be627e9ef	unchanged_cxxr_import
isomorphisms/ir	80134ccd43e6fa859772b4838c53ebac96a35b5c	cxxr/src/extra/gtest/include/gtest/gtest-printers.h	0639d9f5869d02374776f19ef526ce39b6a69d96	isomorphisms/ir	9cf98334411d2294c0e39098f4487dbed2bdb98c	cxxr/src/extra/gtest/include/gtest/gtest-printers.h	0639d9f5869d02374776f19ef526ce39b6a69d96	unchanged_cxxr_import
isomorphisms/ir	80134ccd43e6fa859772b4838c53ebac96a35b5c	cxxr/src/extra/gtest/include/gtest/gtest-spi.h	f63fa9a1b2a875081da3606fc4578ee5a94abb8c	isomorphisms/ir	9cf98334411d2294c0e39098f4487dbed2bdb98c	cxxr/src/extra/gtest/include/gtest/gtest-spi.h	f63fa9a1b2a875081da3606fc4578ee5a94abb8c	unchanged_cxxr_import
isomorphisms/ir	80134ccd43e6fa859772b4838c53ebac96a35b5c	cxxr/src/extra/gtest/include/gtest/gtest-test-part.h	77eb844839d8927a293d25704df9b1707a4273a5	isomorphisms/ir	9cf98334411d2294c0e39098f4487dbed2bdb98c	cxxr/src/extra/gtest/include/gtest/gtest-test-part.h	77eb844839d8927a293d25704df9b1707a4273a5	unchanged_cxxr_import
isomorphisms/ir	80134ccd43e6fa859772b4838c53ebac96a35b5c	cxxr/src/extra/gtest/include/gtest/gtest-typed-test.h	fe1e83b274bc218e42c60b08f2990e9bed2fc981	isomorphisms/ir	9cf98334411d2294c0e39098f4487dbed2bdb98c	cxxr/src/extra/gtest/include/gtest/gtest-typed-test.h	fe1e83b274bc218e42c60b08f2990e9bed2fc981	unchanged_cxxr_import
isomorphisms/ir	80134ccd43e6fa859772b4838c53ebac96a35b5c	cxxr/src/extra/gtest/include/gtest/gtest.h	6fa0a3925e7207b3087e0e3f202f343d4e408043	isomorphisms/ir	9cf98334411d2294c0e39098f4487dbed2bdb98c	cxxr/src/extra/gtest/include/gtest/gtest.h	6fa0a3925e7207b3087e0e3f202f343d4e408043	unchanged_cxxr_import
isomorphisms/ir	80134ccd43e6fa859772b4838c53ebac96a35b5c	cxxr/src/extra/gtest/include/gtest/internal/gtest-death-test-internal.h	2b3a78f5bf86328fc1bf58f1682c9ee44a5057c2	isomorphisms/ir	9cf98334411d2294c0e39098f4487dbed2bdb98c	cxxr/src/extra/gtest/include/gtest/internal/gtest-death-test-internal.h	2b3a78f5bf86328fc1bf58f1682c9ee44a5057c2	unchanged_cxxr_import
isomorphisms/ir	80134ccd43e6fa859772b4838c53ebac96a35b5c	cxxr/src/extra/gtest/include/gtest/internal/gtest-filepath.h	7a13b4b0de6083bbfe6963f8c0ed16e27de77012	isomorphisms/ir	9cf98334411d2294c0e39098f4487dbed2bdb98c	cxxr/src/extra/gtest/include/gtest/internal/gtest-filepath.h	7a13b4b0de6083bbfe6963f8c0ed16e27de77012	unchanged_cxxr_import
isomorphisms/ir	80134ccd43e6fa859772b4838c53ebac96a35b5c	cxxr/src/extra/gtest/include/gtest/internal/gtest-internal.h	0dcc3a3194f440dd971c3fe965a58cdd1a05d53b	isomorphisms/ir	9cf98334411d2294c0e39098f4487dbed2bdb98c	cxxr/src/extra/gtest/include/gtest/internal/gtest-internal.h	0dcc3a3194f440dd971c3fe965a58cdd1a05d53b	unchanged_cxxr_import
isomorphisms/ir	80134ccd43e6fa859772b4838c53ebac96a35b5c	cxxr/src/extra/gtest/include/gtest/internal/gtest-linked_ptr.h	b1362cd002cf876d36f60dbab684d096fabfd0b8	isomorphisms/ir	9cf98334411d2294c0e39098f4487dbed2bdb98c	cxxr/src/extra/gtest/include/gtest/internal/gtest-linked_ptr.h	b1362cd002cf876d36f60dbab684d096fabfd0b8	unchanged_cxxr_import
isomorphisms/ir	80134ccd43e6fa859772b4838c53ebac96a35b5c	cxxr/src/extra/gtest/include/gtest/internal/gtest-param-util-generated.h	e80548592c703af1f08de3cbfce22bc8c7a3b462	isomorphisms/ir	9cf98334411d2294c0e39098f4487dbed2bdb98c	cxxr/src/extra/gtest/include/gtest/internal/gtest-param-util-generated.h	e80548592c703af1f08de3cbfce22bc8c7a3b462	unchanged_cxxr_import
isomorphisms/ir	80134ccd43e6fa859772b4838c53ebac96a35b5c	cxxr/src/extra/gtest/include/gtest/internal/gtest-param-util.h	d5e1028b0c1b45890cc1c5a272bebc53b8ff2676	isomorphisms/ir	9cf98334411d2294c0e39098f4487dbed2bdb98c	cxxr/src/extra/gtest/include/gtest/internal/gtest-param-util.h	d5e1028b0c1b45890cc1c5a272bebc53b8ff2676	unchanged_cxxr_import
isomorphisms/ir	80134ccd43e6fa859772b4838c53ebac96a35b5c	cxxr/src/extra/gtest/include/gtest/internal/gtest-port.h	dc4fe0cb6b89413946629fae704827c60600425a	isomorphisms/ir	9cf98334411d2294c0e39098f4487dbed2bdb98c	cxxr/src/extra/gtest/include/gtest/internal/gtest-port.h	dc4fe0cb6b89413946629fae704827c60600425a	unchanged_cxxr_import
isomorphisms/ir	80134ccd43e6fa859772b4838c53ebac96a35b5c	cxxr/src/extra/gtest/include/gtest/internal/gtest-string.h	97f1a7fdd2c0cc44c3a148f0f1ecdcbdfe9bac6c	isomorphisms/ir	9cf98334411d2294c0e39098f4487dbed2bdb98c	cxxr/src/extra/gtest/include/gtest/internal/gtest-string.h	97f1a7fdd2c0cc44c3a148f0f1ecdcbdfe9bac6c	unchanged_cxxr_import
isomorphisms/ir	80134ccd43e6fa859772b4838c53ebac96a35b5c	cxxr/src/extra/gtest/include/gtest/internal/gtest-tuple.h	7b3dfc312dc5c9ae1ce67e16b7f577334449bdba	isomorphisms/ir	9cf98334411d2294c0e39098f4487dbed2bdb98c	cxxr/src/extra/gtest/include/gtest/internal/gtest-tuple.h	7b3dfc312dc5c9ae1ce67e16b7f577334449bdba	unchanged_cxxr_import
isomorphisms/ir	80134ccd43e6fa859772b4838c53ebac96a35b5c	cxxr/src/extra/gtest/include/gtest/internal/gtest-type-util.h	e46f7cfcb483a9551c20ada23b77f9880405f4fe	isomorphisms/ir	9cf98334411d2294c0e39098f4487dbed2bdb98c	cxxr/src/extra/gtest/include/gtest/internal/gtest-type-util.h	e46f7cfcb483a9551c20ada23b77f9880405f4fe	unchanged_cxxr_import
isomorphisms/ir	80134ccd43e6fa859772b4838c53ebac96a35b5c	cxxr/src/extra/gtest/samples/prime_tables.h	92ce16a0144d502fd0e45b73f37d32bbedf1c3f3	isomorphisms/ir	9cf98334411d2294c0e39098f4487dbed2bdb98c	cxxr/src/extra/gtest/samples/prime_tables.h	92ce16a0144d502fd0e45b73f37d32bbedf1c3f3	unchanged_cxxr_import
isomorphisms/ir	80134ccd43e6fa859772b4838c53ebac96a35b5c	cxxr/src/extra/gtest/samples/sample1.h	3dfeb98c45030145f9ea18d79531c91c81ee849a	isomorphisms/ir	9cf98334411d2294c0e39098f4487dbed2bdb98c	cxxr/src/extra/gtest/samples/sample1.h	3dfeb98c45030145f9ea18d79531c91c81ee849a	unchanged_cxxr_import
isomorphisms/ir	80134ccd43e6fa859772b4838c53ebac96a35b5c	cxxr/src/extra/gtest/samples/sample2.h	cb485c70fb33ad7d8405f66a8a274412de048529	isomorphisms/ir	9cf98334411d2294c0e39098f4487dbed2bdb98c	cxxr/src/extra/gtest/samples/sample2.h	cb485c70fb33ad7d8405f66a8a274412de048529	unchanged_cxxr_import
isomorphisms/ir	80134ccd43e6fa859772b4838c53ebac96a35b5c	cxxr/src/extra/gtest/samples/sample3-inl.h	7e3084d6385df897fe59248f496bbc91a1768955	isomorphisms/ir	9cf98334411d2294c0e39098f4487dbed2bdb98c	cxxr/src/extra/gtest/samples/sample3-inl.h	7e3084d6385df897fe59248f496bbc91a1768955	unchanged_cxxr_import
isomorphisms/ir	80134ccd43e6fa859772b4838c53ebac96a35b5c	cxxr/src/extra/gtest/samples/sample4.h	cd60f0dd2d1860737b7f0ea45c5675a3a8ea721f	isomorphisms/ir	9cf98334411d2294c0e39098f4487dbed2bdb98c	cxxr/src/extra/gtest/samples/sample4.h	cd60f0dd2d1860737b7f0ea45c5675a3a8ea721f	unchanged_cxxr_import
isomorphisms/ir	80134ccd43e6fa859772b4838c53ebac96a35b5c	cxxr/src/extra/gtest/src/gtest-internal-inl.h	35df303cca645706aafa47b546d9c4d3a75495a0	isomorphisms/ir	9cf98334411d2294c0e39098f4487dbed2bdb98c	cxxr/src/extra/gtest/src/gtest-internal-inl.h	35df303cca645706aafa47b546d9c4d3a75495a0	unchanged_cxxr_import
isomorphisms/ir	80134ccd43e6fa859772b4838c53ebac96a35b5c	cxxr/src/extra/gtest/test/gtest-param-test_test.h	26ea122b10b9f9cd72496e189eca90b2bcdfccec	isomorphisms/ir	9cf98334411d2294c0e39098f4487dbed2bdb98c	cxxr/src/extra/gtest/test/gtest-param-test_test.h	26ea122b10b9f9cd72496e189eca90b2bcdfccec	unchanged_cxxr_import
isomorphisms/ir	80134ccd43e6fa859772b4838c53ebac96a35b5c	cxxr/src/extra/gtest/test/gtest-typed-test_test.h	41d75704cf84d8bd05490d9934b652213169e8fd	isomorphisms/ir	9cf98334411d2294c0e39098f4487dbed2bdb98c	cxxr/src/extra/gtest/test/gtest-typed-test_test.h	41d75704cf84d8bd05490d9934b652213169e8fd	unchanged_cxxr_import
isomorphisms/ir	80134ccd43e6fa859772b4838c53ebac96a35b5c	cxxr/src/extra/gtest/test/production.h	98fd5e476c884fa16b4786ad8a8850cf6e4aa9c2	isomorphisms/ir	9cf98334411d2294c0e39098f4487dbed2bdb98c	cxxr/src/extra/gtest/test/production.h	98fd5e476c884fa16b4786ad8a8850cf6e4aa9c2	unchanged_cxxr_import
isomorphisms/ir	80134ccd43e6fa859772b4838c53ebac96a35b5c	cxxr/src/extra/gtest/xcode/Samples/FrameworkSample/widget.h	0c55cdc8cf08a8370e03333ad7e593e2b0ad4d91	isomorphisms/ir	9cf98334411d2294c0e39098f4487dbed2bdb98c	cxxr/src/extra/gtest/xcode/Samples/FrameworkSample/widget.h	0c55cdc8cf08a8370e03333ad7e593e2b0ad4d91	unchanged_cxxr_import
isomorphisms/ir	80134ccd43e6fa859772b4838c53ebac96a35b5c	cxxr/src/extra/intl/bindtextdom.c	dab5d4f3577752b34b7327b21657177f7bf7fb50	isomorphisms/ir	9cf98334411d2294c0e39098f4487dbed2bdb98c	cxxr/src/extra/intl/bindtextdom.c	dab5d4f3577752b34b7327b21657177f7bf7fb50	unchanged_cxxr_import
isomorphisms/ir	80134ccd43e6fa859772b4838c53ebac96a35b5c	cxxr/src/extra/intl/dcgettext.c	c2a63f08eb348d672293d845b6e914c4d1b7d79d	isomorphisms/ir	9cf98334411d2294c0e39098f4487dbed2bdb98c	cxxr/src/extra/intl/dcgettext.c	c2a63f08eb348d672293d845b6e914c4d1b7d79d	unchanged_cxxr_import
isomorphisms/ir	80134ccd43e6fa859772b4838c53ebac96a35b5c	cxxr/src/extra/intl/dcigettext.c	cf96b18c78083b595bc17ec7b0de795e6674cb7b	isomorphisms/ir	9cf98334411d2294c0e39098f4487dbed2bdb98c	cxxr/src/extra/intl/dcigettext.c	cf96b18c78083b595bc17ec7b0de795e6674cb7b	unchanged_cxxr_import
isomorphisms/ir	80134ccd43e6fa859772b4838c53ebac96a35b5c	cxxr/src/extra/intl/dcngettext.c	eb368336c140a968e2e5feb1c3d28d12fd38ad2f	isomorphisms/ir	9cf98334411d2294c0e39098f4487dbed2bdb98c	cxxr/src/extra/intl/dcngettext.c	eb368336c140a968e2e5feb1c3d28d12fd38ad2f	unchanged_cxxr_import
isomorphisms/ir	80134ccd43e6fa859772b4838c53ebac96a35b5c	cxxr/src/extra/intl/dgettext.c	d02816e4ae992dd2a7335eed91d219be4b8ceb31	isomorphisms/ir	9cf98334411d2294c0e39098f4487dbed2bdb98c	cxxr/src/extra/intl/dgettext.c	d02816e4ae992dd2a7335eed91d219be4b8ceb31	unchanged_cxxr_import
isomorphisms/ir	80134ccd43e6fa859772b4838c53ebac96a35b5c	cxxr/src/extra/intl/dngettext.c	8f92c4e9a072dfff2ce33bfadabd0a3095873168	isomorphisms/ir	9cf98334411d2294c0e39098f4487dbed2bdb98c	cxxr/src/extra/intl/dngettext.c	8f92c4e9a072dfff2ce33bfadabd0a3095873168	unchanged_cxxr_import
isomorphisms/ir	80134ccd43e6fa859772b4838c53ebac96a35b5c	cxxr/src/extra/intl/eval-plural.h	21eecb3a0cac75634ea8728aa1543ea84936ad06	isomorphisms/ir	9cf98334411d2294c0e39098f4487dbed2bdb98c	cxxr/src/extra/intl/eval-plural.h	21eecb3a0cac75634ea8728aa1543ea84936ad06	unchanged_cxxr_import
isomorphisms/ir	80134ccd43e6fa859772b4838c53ebac96a35b5c	cxxr/src/extra/intl/explodename.c	eb5dd755c3c369866216f53e260cea5fd1349394	isomorphisms/ir	9cf98334411d2294c0e39098f4487dbed2bdb98c	cxxr/src/extra/intl/explodename.c	eb5dd755c3c369866216f53e260cea5fd1349394	unchanged_cxxr_import
isomorphisms/ir	80134ccd43e6fa859772b4838c53ebac96a35b5c	cxxr/src/extra/intl/finddomain.c	d1789e16aa6c3dbd9205a8723303493502fdd3ba	isomorphisms/ir	9cf98334411d2294c0e39098f4487dbed2bdb98c	cxxr/src/extra/intl/finddomain.c	d1789e16aa6c3dbd9205a8723303493502fdd3ba	unchanged_cxxr_import
isomorphisms/ir	80134ccd43e6fa859772b4838c53ebac96a35b5c	cxxr/src/extra/intl/gettext.c	b524b22db478269b8c3e5e7b93ff9c8b9113c832	isomorphisms/ir	9cf98334411d2294c0e39098f4487dbed2bdb98c	cxxr/src/extra/intl/gettext.c	b524b22db478269b8c3e5e7b93ff9c8b9113c832	unchanged_cxxr_import
isomorphisms/ir	80134ccd43e6fa859772b4838c53ebac96a35b5c	cxxr/src/extra/intl/gettextP.h	d2e06a3fd063ba693bc3ba2d4d73bd4535a962ef	isomorphisms/ir	9cf98334411d2294c0e39098f4487dbed2bdb98c	cxxr/src/extra/intl/gettextP.h	d2e06a3fd063ba693bc3ba2d4d73bd4535a962ef	unchanged_cxxr_import
isomorphisms/ir	80134ccd43e6fa859772b4838c53ebac96a35b5c	cxxr/src/extra/intl/gmo.h	da9dbaa9caf5341925a9c2eeb16205339b69a87c	isomorphisms/ir	9cf98334411d2294c0e39098f4487dbed2bdb98c	cxxr/src/extra/intl/gmo.h	da9dbaa9caf5341925a9c2eeb16205339b69a87c	unchanged_cxxr_import
isomorphisms/ir	80134ccd43e6fa859772b4838c53ebac96a35b5c	cxxr/src/extra/intl/hash-string.c	3c513f09970ac4b4a638fa8b9b86af4cc5317693	isomorphisms/ir	9cf98334411d2294c0e39098f4487dbed2bdb98c	cxxr/src/extra/intl/hash-string.c	3c513f09970ac4b4a638fa8b9b86af4cc5317693	unchanged_cxxr_import
isomorphisms/ir	80134ccd43e6fa859772b4838c53ebac96a35b5c	cxxr/src/extra/intl/hash-string.h	98c07e4a7c8304c17d610091f6dc092acb81c385	isomorphisms/ir	9cf98334411d2294c0e39098f4487dbed2bdb98c	cxxr/src/extra/intl/hash-string.h	98c07e4a7c8304c17d610091f6dc092acb81c385	unchanged_cxxr_import
isomorphisms/ir	80134ccd43e6fa859772b4838c53ebac96a35b5c	cxxr/src/extra/intl/intl-compat.c	9b9ecbb648a7930249c4be075dba8fa9a662764b	isomorphisms/ir	9cf98334411d2294c0e39098f4487dbed2bdb98c	cxxr/src/extra/intl/intl-compat.c	9b9ecbb648a7930249c4be075dba8fa9a662764b	unchanged_cxxr_import
isomorphisms/ir	80134ccd43e6fa859772b4838c53ebac96a35b5c	cxxr/src/extra/intl/intl-exports.c	717658994d68bdf4b338e74b184fe0f91ea38fa3	isomorphisms/ir	9cf98334411d2294c0e39098f4487dbed2bdb98c	cxxr/src/extra/intl/intl-exports.c	717658994d68bdf4b338e74b184fe0f91ea38fa3	unchanged_cxxr_import
isomorphisms/ir	80134ccd43e6fa859772b4838c53ebac96a35b5c	cxxr/src/extra/intl/l10nflist.c	1b0d8a753c2914557e19e4a48d269782a3009889	isomorphisms/ir	9cf98334411d2294c0e39098f4487dbed2bdb98c	cxxr/src/extra/intl/l10nflist.c	1b0d8a753c2914557e19e4a48d269782a3009889	unchanged_cxxr_import
isomorphisms/ir	80134ccd43e6fa859772b4838c53ebac96a35b5c	cxxr/src/extra/intl/langprefs.c	505a710c9ceb675e37dda5626b4d36928046dff3	isomorphisms/ir	9cf98334411d2294c0e39098f4487dbed2bdb98c	cxxr/src/extra/intl/langprefs.c	505a710c9ceb675e37dda5626b4d36928046dff3	unchanged_cxxr_import
isomorphisms/ir	80134ccd43e6fa859772b4838c53ebac96a35b5c	cxxr/src/extra/intl/loadinfo.h	a7a19703103efe2f331f61f65a0b684339f10032	isomorphisms/ir	9cf98334411d2294c0e39098f4487dbed2bdb98c	cxxr/src/extra/intl/loadinfo.h	a7a19703103efe2f331f61f65a0b684339f10032	unchanged_cxxr_import
isomorphisms/ir	80134ccd43e6fa859772b4838c53ebac96a35b5c	cxxr/src/extra/intl/loadmsgcat.c	ae2d2ff5a9e878c76ec49137a8c51006eb602228	isomorphisms/ir	9cf98334411d2294c0e39098f4487dbed2bdb98c	cxxr/src/extra/intl/loadmsgcat.c	ae2d2ff5a9e878c76ec49137a8c51006eb602228	unchanged_cxxr_import
isomorphisms/ir	80134ccd43e6fa859772b4838c53ebac96a35b5c	cxxr/src/extra/intl/localcharset.c	e6f35de8ef50202e08234805a440faf27cde5d0c	isomorphisms/ir	9cf98334411d2294c0e39098f4487dbed2bdb98c	cxxr/src/extra/intl/localcharset.c	e6f35de8ef50202e08234805a440faf27cde5d0c	unchanged_cxxr_import
isomorphisms/ir	80134ccd43e6fa859772b4838c53ebac96a35b5c	cxxr/src/extra/intl/localcharset.h	129e4a4a3250a8cd8abc267bc9ce9fa987737dd8	isomorphisms/ir	9cf98334411d2294c0e39098f4487dbed2bdb98c	cxxr/src/extra/intl/localcharset.h	129e4a4a3250a8cd8abc267bc9ce9fa987737dd8	unchanged_cxxr_import
isomorphisms/ir	80134ccd43e6fa859772b4838c53ebac96a35b5c	cxxr/src/extra/intl/localename.c	49f07eebfbe35ed4b0e7c00c9a577445821c5bbe	isomorphisms/ir	9cf98334411d2294c0e39098f4487dbed2bdb98c	cxxr/src/extra/intl/localename.c	49f07eebfbe35ed4b0e7c00c9a577445821c5bbe	unchanged_cxxr_import
isomorphisms/ir	80134ccd43e6fa859772b4838c53ebac96a35b5c	cxxr/src/extra/intl/lock.c	1bd36125621ce41efb0ba32c45bdfa014c7bbb76	isomorphisms/ir	9cf98334411d2294c0e39098f4487dbed2bdb98c	cxxr/src/extra/intl/lock.c	1bd36125621ce41efb0ba32c45bdfa014c7bbb76	unchanged_cxxr_import
isomorphisms/ir	80134ccd43e6fa859772b4838c53ebac96a35b5c	cxxr/src/extra/intl/lock.h	144531dc5c9d7535bd08cfd4b96f0042781e96e0	isomorphisms/ir	9cf98334411d2294c0e39098f4487dbed2bdb98c	cxxr/src/extra/intl/lock.h	144531dc5c9d7535bd08cfd4b96f0042781e96e0	unchanged_cxxr_import
isomorphisms/ir	80134ccd43e6fa859772b4838c53ebac96a35b5c	cxxr/src/extra/intl/ngettext.c	2cff252290ea3be356cb48c39f53d6848f080979	isomorphisms/ir	9cf98334411d2294c0e39098f4487dbed2bdb98c	cxxr/src/extra/intl/ngettext.c	2cff252290ea3be356cb48c39f53d6848f080979	unchanged_cxxr_import
isomorphisms/ir	80134ccd43e6fa859772b4838c53ebac96a35b5c	cxxr/src/extra/intl/osdep.c	3cc35c03b737b342707954370a3179460e24bfa5	isomorphisms/ir	9cf98334411d2294c0e39098f4487dbed2bdb98c	cxxr/src/extra/intl/osdep.c	3cc35c03b737b342707954370a3179460e24bfa5	unchanged_cxxr_import
isomorphisms/ir	80134ccd43e6fa859772b4838c53ebac96a35b5c	cxxr/src/extra/intl/plural-exp.c	751a688eb395c57482d7d61a63551c8d0f8bf87a	isomorphisms/ir	9cf98334411d2294c0e39098f4487dbed2bdb98c	cxxr/src/extra/intl/plural-exp.c	751a688eb395c57482d7d61a63551c8d0f8bf87a	unchanged_cxxr_import
isomorphisms/ir	80134ccd43e6fa859772b4838c53ebac96a35b5c	cxxr/src/extra/intl/plural-exp.h	d6cb8c51b65debd4a6283b5da38f9d2b418afdab	isomorphisms/ir	9cf98334411d2294c0e39098f4487dbed2bdb98c	cxxr/src/extra/intl/plural-exp.h	d6cb8c51b65debd4a6283b5da38f9d2b418afdab	unchanged_cxxr_import
isomorphisms/ir	80134ccd43e6fa859772b4838c53ebac96a35b5c	cxxr/src/extra/intl/plural.c	7a46707c674e201f4fd089d8d35a4fe39ab67665	isomorphisms/ir	9cf98334411d2294c0e39098f4487dbed2bdb98c	cxxr/src/extra/intl/plural.c	7a46707c674e201f4fd089d8d35a4fe39ab67665	unchanged_cxxr_import
isomorphisms/ir	80134ccd43e6fa859772b4838c53ebac96a35b5c	cxxr/src/extra/intl/printf-args.c	cbd437d871b9e7f6386499dd33bb6017f9807441	isomorphisms/ir	9cf98334411d2294c0e39098f4487dbed2bdb98c	cxxr/src/extra/intl/printf-args.c	cbd437d871b9e7f6386499dd33bb6017f9807441	unchanged_cxxr_import
isomorphisms/ir	80134ccd43e6fa859772b4838c53ebac96a35b5c	cxxr/src/extra/intl/printf-args.h	cf89c3e710f21652e8354a28f46e135331757912	isomorphisms/ir	9cf98334411d2294c0e39098f4487dbed2bdb98c	cxxr/src/extra/intl/printf-args.h	cf89c3e710f21652e8354a28f46e135331757912	unchanged_cxxr_import
isomorphisms/ir	80134ccd43e6fa859772b4838c53ebac96a35b5c	cxxr/src/extra/intl/printf-parse.c	6ed1cc32276153ab939144abc8eef6124d957c7f	isomorphisms/ir	9cf98334411d2294c0e39098f4487dbed2bdb98c	cxxr/src/extra/intl/printf-parse.c	6ed1cc32276153ab939144abc8eef6124d957c7f	unchanged_cxxr_import
isomorphisms/ir	80134ccd43e6fa859772b4838c53ebac96a35b5c	cxxr/src/extra/intl/printf-parse.h	e785338955827ce6b672cc5d0b6685ece9707b84	isomorphisms/ir	9cf98334411d2294c0e39098f4487dbed2bdb98c	cxxr/src/extra/intl/printf-parse.h	e785338955827ce6b672cc5d0b6685ece9707b84	unchanged_cxxr_import
isomorphisms/ir	80134ccd43e6fa859772b4838c53ebac96a35b5c	cxxr/src/extra/intl/printf.c	0088e5195bccedf189009414980b1e5e3d1aebd7	isomorphisms/ir	9cf98334411d2294c0e39098f4487dbed2bdb98c	cxxr/src/extra/intl/printf.c	0088e5195bccedf189009414980b1e5e3d1aebd7	unchanged_cxxr_import
isomorphisms/ir	80134ccd43e6fa859772b4838c53ebac96a35b5c	cxxr/src/extra/intl/textdomain.c	70131bc8082bd9be4dc4b1aef633dd1da5bfbdbd	isomorphisms/ir	9cf98334411d2294c0e39098f4487dbed2bdb98c	cxxr/src/extra/intl/textdomain.c	70131bc8082bd9be4dc4b1aef633dd1da5bfbdbd	unchanged_cxxr_import
isomorphisms/ir	80134ccd43e6fa859772b4838c53ebac96a35b5c	cxxr/src/extra/intl/tsearch.c	d549dd45a3b9a0c2e3f5823ec427883f347378e5	isomorphisms/ir	9cf98334411d2294c0e39098f4487dbed2bdb98c	cxxr/src/extra/intl/tsearch.c	d549dd45a3b9a0c2e3f5823ec427883f347378e5	unchanged_cxxr_import
isomorphisms/ir	80134ccd43e6fa859772b4838c53ebac96a35b5c	cxxr/src/extra/intl/tsearch.h	f08e4a913164581ae9007f9f358111a8f53f2f0a	isomorphisms/ir	9cf98334411d2294c0e39098f4487dbed2bdb98c	cxxr/src/extra/intl/tsearch.h	f08e4a913164581ae9007f9f358111a8f53f2f0a	unchanged_cxxr_import
isomorphisms/ir	80134ccd43e6fa859772b4838c53ebac96a35b5c	cxxr/src/extra/intl/vasnprintf.c	4a8e7f05a6018309cfadc8ae0a00e42658992176	isomorphisms/ir	9cf98334411d2294c0e39098f4487dbed2bdb98c	cxxr/src/extra/intl/vasnprintf.c	4a8e7f05a6018309cfadc8ae0a00e42658992176	unchanged_cxxr_import
isomorphisms/ir	80134ccd43e6fa859772b4838c53ebac96a35b5c	cxxr/src/extra/intl/vasnprintf.h	ff1d183bf65c2abefe6db89ec750a3d5af28e861	isomorphisms/ir	9cf98334411d2294c0e39098f4487dbed2bdb98c	cxxr/src/extra/intl/vasnprintf.h	ff1d183bf65c2abefe6db89ec750a3d5af28e861	unchanged_cxxr_import
isomorphisms/ir	80134ccd43e6fa859772b4838c53ebac96a35b5c	cxxr/src/extra/intl/vasnwprintf.h	6ff03ce16bcef7842ddfe2f60ace05c3dce4c85f	isomorphisms/ir	9cf98334411d2294c0e39098f4487dbed2bdb98c	cxxr/src/extra/intl/vasnwprintf.h	6ff03ce16bcef7842ddfe2f60ace05c3dce4c85f	unchanged_cxxr_import
isomorphisms/ir	80134ccd43e6fa859772b4838c53ebac96a35b5c	cxxr/src/extra/intl/wprintf-parse.h	600b89adc4df8295a9351de3c4c4b96ca5c14af9	isomorphisms/ir	9cf98334411d2294c0e39098f4487dbed2bdb98c	cxxr/src/extra/intl/wprintf-parse.h	600b89adc4df8295a9351de3c4c4b96ca5c14af9	unchanged_cxxr_import
isomorphisms/ir	80134ccd43e6fa859772b4838c53ebac96a35b5c	cxxr/src/extra/intl/xsize.h	b3023a7d477488d92904b65c80843ea4d50faa7b	isomorphisms/ir	9cf98334411d2294c0e39098f4487dbed2bdb98c	cxxr/src/extra/intl/xsize.h	b3023a7d477488d92904b65c80843ea4d50faa7b	unchanged_cxxr_import
isomorphisms/ir	80134ccd43e6fa859772b4838c53ebac96a35b5c	cxxr/src/extra/sparsehash/experimental/example.c	47b9dba7873905d3d2cae36b14e17c758d6b605b	isomorphisms/ir	9cf98334411d2294c0e39098f4487dbed2bdb98c	cxxr/src/extra/sparsehash/experimental/example.c	47b9dba7873905d3d2cae36b14e17c758d6b605b	unchanged_cxxr_import
isomorphisms/ir	80134ccd43e6fa859772b4838c53ebac96a35b5c	cxxr/src/extra/sparsehash/experimental/libchash.c	761cf246727715341149a4c4814c7236f4823a7b	isomorphisms/ir	9cf98334411d2294c0e39098f4487dbed2bdb98c	cxxr/src/extra/sparsehash/experimental/libchash.c	761cf246727715341149a4c4814c7236f4823a7b	unchanged_cxxr_import
isomorphisms/ir	80134ccd43e6fa859772b4838c53ebac96a35b5c	cxxr/src/extra/sparsehash/experimental/libchash.h	8c8ac30a2de62523548ea6fb14bcb9b779e16bfe	isomorphisms/ir	9cf98334411d2294c0e39098f4487dbed2bdb98c	cxxr/src/extra/sparsehash/experimental/libchash.h	8c8ac30a2de62523548ea6fb14bcb9b779e16bfe	unchanged_cxxr_import
isomorphisms/ir	80134ccd43e6fa859772b4838c53ebac96a35b5c	cxxr/src/extra/sparsehash/src/google/sparsehash/densehashtable.h	7b89543b4a0e83d293e835b7cf7526a94c43b735	isomorphisms/ir	9cf98334411d2294c0e39098f4487dbed2bdb98c	cxxr/src/extra/sparsehash/src/google/sparsehash/densehashtable.h	7b89543b4a0e83d293e835b7cf7526a94c43b735	unchanged_cxxr_import
isomorphisms/ir	80134ccd43e6fa859772b4838c53ebac96a35b5c	cxxr/src/extra/sparsehash/src/google/sparsehash/hashtable-common.h	b7e9153d41144e07a402abbfacd3d691864f0ffb	isomorphisms/ir	9cf98334411d2294c0e39098f4487dbed2bdb98c	cxxr/src/extra/sparsehash/src/google/sparsehash/hashtable-common.h	b7e9153d41144e07a402abbfacd3d691864f0ffb	unchanged_cxxr_import
isomorphisms/ir	80134ccd43e6fa859772b4838c53ebac96a35b5c	cxxr/src/extra/sparsehash/src/google/sparsehash/libc_allocator_with_realloc.h	0da7a7ef9d5ac046548b3da3cece7f62be374264	isomorphisms/ir	9cf98334411d2294c0e39098f4487dbed2bdb98c	cxxr/src/extra/sparsehash/src/google/sparsehash/libc_allocator_with_realloc.h	0da7a7ef9d5ac046548b3da3cece7f62be374264	unchanged_cxxr_import
isomorphisms/ir	80134ccd43e6fa859772b4838c53ebac96a35b5c	cxxr/src/extra/sparsehash/src/google/sparsehash/sparsehashtable.h	093bca432a5bff48386438c42716e588f731b277	isomorphisms/ir	9cf98334411d2294c0e39098f4487dbed2bdb98c	cxxr/src/extra/sparsehash/src/google/sparsehash/sparsehashtable.h	093bca432a5bff48386438c42716e588f731b277	unchanged_cxxr_import
isomorphisms/ir	80134ccd43e6fa859772b4838c53ebac96a35b5c	cxxr/src/extra/sparsehash/src/google/template_util.h	9c87d6de3c1468d4d509d879ea458329bcf271ec	isomorphisms/ir	9cf98334411d2294c0e39098f4487dbed2bdb98c	cxxr/src/extra/sparsehash/src/google/template_util.h	9c87d6de3c1468d4d509d879ea458329bcf271ec	unchanged_cxxr_import
isomorphisms/ir	80134ccd43e6fa859772b4838c53ebac96a35b5c	cxxr/src/extra/sparsehash/src/google/type_traits.h	cc555e30ec391ed793dbe171ea47ea4449fa90f9	isomorphisms/ir	9cf98334411d2294c0e39098f4487dbed2bdb98c	cxxr/src/extra/sparsehash/src/google/type_traits.h	cc555e30ec391ed793dbe171ea47ea4449fa90f9	unchanged_cxxr_import
isomorphisms/ir	80134ccd43e6fa859772b4838c53ebac96a35b5c	cxxr/src/extra/sparsehash/src/hash_test_interface.h	98b466203ebbe40ee70e0bd7513873c4f5430ffc	isomorphisms/ir	9cf98334411d2294c0e39098f4487dbed2bdb98c	cxxr/src/extra/sparsehash/src/hash_test_interface.h	98b466203ebbe40ee70e0bd7513873c4f5430ffc	unchanged_cxxr_import
isomorphisms/ir	80134ccd43e6fa859772b4838c53ebac96a35b5c	cxxr/src/extra/sparsehash/src/sparsehash/internal/densehashtable.h	1f0c943afbe8eef334e9e06a956c88a70bb52925	isomorphisms/ir	9cf98334411d2294c0e39098f4487dbed2bdb98c	cxxr/src/extra/sparsehash/src/sparsehash/internal/densehashtable.h	1f0c943afbe8eef334e9e06a956c88a70bb52925	unchanged_cxxr_import
isomorphisms/ir	80134ccd43e6fa859772b4838c53ebac96a35b5c	cxxr/src/extra/sparsehash/src/sparsehash/internal/hashtable-common.h	bac2b88235616173ab1b9f520dbdca1b4c6f3ced	isomorphisms/ir	9cf98334411d2294c0e39098f4487dbed2bdb98c	cxxr/src/extra/sparsehash/src/sparsehash/internal/hashtable-common.h	bac2b88235616173ab1b9f520dbdca1b4c6f3ced	unchanged_cxxr_import
isomorphisms/ir	80134ccd43e6fa859772b4838c53ebac96a35b5c	cxxr/src/extra/sparsehash/src/sparsehash/internal/libc_allocator_with_realloc.h	0c1e03d75653eacb3800b85adb0bf1f9df8729c2	isomorphisms/ir	9cf98334411d2294c0e39098f4487dbed2bdb98c	cxxr/src/extra/sparsehash/src/sparsehash/internal/libc_allocator_with_realloc.h	0c1e03d75653eacb3800b85adb0bf1f9df8729c2	unchanged_cxxr_import
isomorphisms/ir	80134ccd43e6fa859772b4838c53ebac96a35b5c	cxxr/src/extra/sparsehash/src/sparsehash/internal/sparsehashtable.h	f54ea51e9adfbf9bd6023fa8a59dd99af9de75d6	isomorphisms/ir	9cf98334411d2294c0e39098f4487dbed2bdb98c	cxxr/src/extra/sparsehash/src/sparsehash/internal/sparsehashtable.h	f54ea51e9adfbf9bd6023fa8a59dd99af9de75d6	unchanged_cxxr_import
isomorphisms/ir	80134ccd43e6fa859772b4838c53ebac96a35b5c	cxxr/src/extra/sparsehash/src/sparsehash/template_util.h	6fec3d09243a24c2b567e5910039afb3b72b102c	isomorphisms/ir	9cf98334411d2294c0e39098f4487dbed2bdb98c	cxxr/src/extra/sparsehash/src/sparsehash/template_util.h	6fec3d09243a24c2b567e5910039afb3b72b102c	unchanged_cxxr_import
isomorphisms/ir	80134ccd43e6fa859772b4838c53ebac96a35b5c	cxxr/src/extra/sparsehash/src/sparsehash/type_traits.h	f909cf9a37484ef93fa147477fd579935b975c21	isomorphisms/ir	9cf98334411d2294c0e39098f4487dbed2bdb98c	cxxr/src/extra/sparsehash/src/sparsehash/type_traits.h	f909cf9a37484ef93fa147477fd579935b975c21	unchanged_cxxr_import
isomorphisms/ir	80134ccd43e6fa859772b4838c53ebac96a35b5c	cxxr/src/extra/sparsehash/src/testutil.h	ce7454cc633ed8720a2b9f2a8dff906f17575190	isomorphisms/ir	9cf98334411d2294c0e39098f4487dbed2bdb98c	cxxr/src/extra/sparsehash/src/testutil.h	ce7454cc633ed8720a2b9f2a8dff906f17575190	unchanged_cxxr_import
isomorphisms/ir	80134ccd43e6fa859772b4838c53ebac96a35b5c	cxxr/src/extra/sparsehash/src/windows/config.h	20407580b294b34bb221290ab218d8eaf7fe8324	isomorphisms/ir	9cf98334411d2294c0e39098f4487dbed2bdb98c	cxxr/src/extra/sparsehash/src/windows/config.h	20407580b294b34bb221290ab218d8eaf7fe8324	unchanged_cxxr_import
isomorphisms/ir	80134ccd43e6fa859772b4838c53ebac96a35b5c	cxxr/src/extra/sparsehash/src/windows/google/sparsehash/sparseconfig.h	3091559970292e6f80078a2eb8cf6aea39a3cfef	isomorphisms/ir	9cf98334411d2294c0e39098f4487dbed2bdb98c	cxxr/src/extra/sparsehash/src/windows/google/sparsehash/sparseconfig.h	3091559970292e6f80078a2eb8cf6aea39a3cfef	unchanged_cxxr_import
isomorphisms/ir	80134ccd43e6fa859772b4838c53ebac96a35b5c	cxxr/src/extra/sparsehash/src/windows/port.h	0ce8184f906db1ba436d79ae584dcadffe84746d	isomorphisms/ir	9cf98334411d2294c0e39098f4487dbed2bdb98c	cxxr/src/extra/sparsehash/src/windows/port.h	0ce8184f906db1ba436d79ae584dcadffe84746d	unchanged_cxxr_import
isomorphisms/ir	80134ccd43e6fa859772b4838c53ebac96a35b5c	cxxr/src/extra/sparsehash/src/windows/sparsehash/internal/sparseconfig.h	3091559970292e6f80078a2eb8cf6aea39a3cfef	isomorphisms/ir	9cf98334411d2294c0e39098f4487dbed2bdb98c	cxxr/src/extra/sparsehash/src/windows/sparsehash/internal/sparseconfig.h	3091559970292e6f80078a2eb8cf6aea39a3cfef	unchanged_cxxr_import
isomorphisms/ir	80134ccd43e6fa859772b4838c53ebac96a35b5c	cxxr/src/extra/testr/inst/include/testr.h	d8fd3d4d5a008d750762e69e9843ff7526d7a038	isomorphisms/ir	9cf98334411d2294c0e39098f4487dbed2bdb98c	cxxr/src/extra/testr/inst/include/testr.h	d8fd3d4d5a008d750762e69e9843ff7526d7a038	unchanged_cxxr_import
isomorphisms/ir	80134ccd43e6fa859772b4838c53ebac96a35b5c	cxxr/src/extra/tre/regcomp.c	31d4e52b83c02390f5dd66e10064c4c4c46ce863	isomorphisms/ir	9cf98334411d2294c0e39098f4487dbed2bdb98c	cxxr/src/extra/tre/regcomp.c	31d4e52b83c02390f5dd66e10064c4c4c46ce863	unchanged_cxxr_import
isomorphisms/ir	80134ccd43e6fa859772b4838c53ebac96a35b5c	cxxr/src/extra/tre/regerror.c	701f701ed67fb743d40cc20698548d8761f62abe	isomorphisms/ir	9cf98334411d2294c0e39098f4487dbed2bdb98c	cxxr/src/extra/tre/regerror.c	701f701ed67fb743d40cc20698548d8761f62abe	unchanged_cxxr_import
isomorphisms/ir	80134ccd43e6fa859772b4838c53ebac96a35b5c	cxxr/src/extra/tre/regexec.c	d8f91a35bc9aa65e2b358283da0ea892530d8053	isomorphisms/ir	9cf98334411d2294c0e39098f4487dbed2bdb98c	cxxr/src/extra/tre/regexec.c	d8f91a35bc9aa65e2b358283da0ea892530d8053	unchanged_cxxr_import
isomorphisms/ir	80134ccd43e6fa859772b4838c53ebac96a35b5c	cxxr/src/extra/tre/tre-ast.c	acb387acce3aedfeb9446814e207aaa835734a40	isomorphisms/ir	9cf98334411d2294c0e39098f4487dbed2bdb98c	cxxr/src/extra/tre/tre-ast.c	acb387acce3aedfeb9446814e207aaa835734a40	unchanged_cxxr_import
isomorphisms/ir	80134ccd43e6fa859772b4838c53ebac96a35b5c	cxxr/src/extra/tre/tre-ast.h	d9af3762f9accb4a6ce2fbe2373b285d86d18771	isomorphisms/ir	9cf98334411d2294c0e39098f4487dbed2bdb98c	cxxr/src/extra/tre/tre-ast.h	d9af3762f9accb4a6ce2fbe2373b285d86d18771	unchanged_cxxr_import
isomorphisms/ir	80134ccd43e6fa859772b4838c53ebac96a35b5c	cxxr/src/extra/tre/tre-compile.c	4ea8874c791ee9975c2bdb8b26bcf327d0e0b8ca	isomorphisms/ir	9cf98334411d2294c0e39098f4487dbed2bdb98c	cxxr/src/extra/tre/tre-compile.c	4ea8874c791ee9975c2bdb8b26bcf327d0e0b8ca	unchanged_cxxr_import
isomorphisms/ir	80134ccd43e6fa859772b4838c53ebac96a35b5c	cxxr/src/extra/tre/tre-compile.h	51d5ac94acc612da0c464af7a0176c33049a2194	isomorphisms/ir	9cf98334411d2294c0e39098f4487dbed2bdb98c	cxxr/src/extra/tre/tre-compile.h	51d5ac94acc612da0c464af7a0176c33049a2194	unchanged_cxxr_import
isomorphisms/ir	80134ccd43e6fa859772b4838c53ebac96a35b5c	cxxr/src/extra/tre/tre-config.h	0a683b78cde9e16a867762acbfb25e6f3314dc85	isomorphisms/ir	9cf98334411d2294c0e39098f4487dbed2bdb98c	cxxr/src/extra/tre/tre-config.h	0a683b78cde9e16a867762acbfb25e6f3314dc85	unchanged_cxxr_import
isomorphisms/ir	80134ccd43e6fa859772b4838c53ebac96a35b5c	cxxr/src/extra/tre/tre-internal.h	268204e69bfef6bf46b620c9cd01a3873aca7b76	isomorphisms/ir	9cf98334411d2294c0e39098f4487dbed2bdb98c	cxxr/src/extra/tre/tre-internal.h	268204e69bfef6bf46b620c9cd01a3873aca7b76	unchanged_cxxr_import
isomorphisms/ir	80134ccd43e6fa859772b4838c53ebac96a35b5c	cxxr/src/extra/tre/tre-match-approx.c	76f0b6603cb296fe4bd4b7927cda4133091e563a	isomorphisms/ir	9cf98334411d2294c0e39098f4487dbed2bdb98c	cxxr/src/extra/tre/tre-match-approx.c	76f0b6603cb296fe4bd4b7927cda4133091e563a	unchanged_cxxr_import
isomorphisms/ir	80134ccd43e6fa859772b4838c53ebac96a35b5c	cxxr/src/extra/tre/tre-match-backtrack.c	9dd7e942a1edf066e1412d37743c9b0d1c6a061b	isomorphisms/ir	9cf98334411d2294c0e39098f4487dbed2bdb98c	cxxr/src/extra/tre/tre-match-backtrack.c	9dd7e942a1edf066e1412d37743c9b0d1c6a061b	unchanged_cxxr_import
isomorphisms/ir	80134ccd43e6fa859772b4838c53ebac96a35b5c	cxxr/src/extra/tre/tre-match-parallel.c	6696d11d2345e448a6993eeb6a2fa902c655d5fe	isomorphisms/ir	9cf98334411d2294c0e39098f4487dbed2bdb98c	cxxr/src/extra/tre/tre-match-parallel.c	6696d11d2345e448a6993eeb6a2fa902c655d5fe	unchanged_cxxr_import
isomorphisms/ir	80134ccd43e6fa859772b4838c53ebac96a35b5c	cxxr/src/extra/tre/tre-match-utils.h	d0a42148a41e085d8f28bc27bd8c6f617ba8e559	isomorphisms/ir	9cf98334411d2294c0e39098f4487dbed2bdb98c	cxxr/src/extra/tre/tre-match-utils.h	d0a42148a41e085d8f28bc27bd8c6f617ba8e559	unchanged_cxxr_import
isomorphisms/ir	80134ccd43e6fa859772b4838c53ebac96a35b5c	cxxr/src/extra/tre/tre-mem.c	67ba6765a61b594683f9b92e2f9b38df82c53053	isomorphisms/ir	9cf98334411d2294c0e39098f4487dbed2bdb98c	cxxr/src/extra/tre/tre-mem.c	67ba6765a61b594683f9b92e2f9b38df82c53053	unchanged_cxxr_import
isomorphisms/ir	80134ccd43e6fa859772b4838c53ebac96a35b5c	cxxr/src/extra/tre/tre-mem.h	285940457f3897c024f5f4e49866db993797be21	isomorphisms/ir	9cf98334411d2294c0e39098f4487dbed2bdb98c	cxxr/src/extra/tre/tre-mem.h	285940457f3897c024f5f4e49866db993797be21	unchanged_cxxr_import
isomorphisms/ir	80134ccd43e6fa859772b4838c53ebac96a35b5c	cxxr/src/extra/tre/tre-parse.c	53cbe51442832fd4da6c55b801dd13a980ffa08b	isomorphisms/ir	9cf98334411d2294c0e39098f4487dbed2bdb98c	cxxr/src/extra/tre/tre-parse.c	53cbe51442832fd4da6c55b801dd13a980ffa08b	unchanged_cxxr_import
isomorphisms/ir	80134ccd43e6fa859772b4838c53ebac96a35b5c	cxxr/src/extra/tre/tre-parse.h	fe879845305ef2fc5fc563fa8677a85539f15a0a	isomorphisms/ir	9cf98334411d2294c0e39098f4487dbed2bdb98c	cxxr/src/extra/tre/tre-parse.h	fe879845305ef2fc5fc563fa8677a85539f15a0a	unchanged_cxxr_import
isomorphisms/ir	80134ccd43e6fa859772b4838c53ebac96a35b5c	cxxr/src/extra/tre/tre-stack.c	b601c97764b654adf4831a46fc9bdf5be7f5774c	isomorphisms/ir	9cf98334411d2294c0e39098f4487dbed2bdb98c	cxxr/src/extra/tre/tre-stack.c	b601c97764b654adf4831a46fc9bdf5be7f5774c	unchanged_cxxr_import
isomorphisms/ir	80134ccd43e6fa859772b4838c53ebac96a35b5c	cxxr/src/extra/tre/tre-stack.h	a1acbe72f0e8c68d158c2ef1504559f730844250	isomorphisms/ir	9cf98334411d2294c0e39098f4487dbed2bdb98c	cxxr/src/extra/tre/tre-stack.h	a1acbe72f0e8c68d158c2ef1504559f730844250	unchanged_cxxr_import
isomorphisms/ir	80134ccd43e6fa859772b4838c53ebac96a35b5c	cxxr/src/extra/tre/tre.h	128475d4ecd63c1aca6287e71c47804841c30828	isomorphisms/ir	9cf98334411d2294c0e39098f4487dbed2bdb98c	cxxr/src/extra/tre/tre.h	128475d4ecd63c1aca6287e71c47804841c30828	unchanged_cxxr_import
isomorphisms/ir	80134ccd43e6fa859772b4838c53ebac96a35b5c	cxxr/src/extra/tre/xmalloc.c	b9f2723adf4cb75d95bb916b19608fa5da04f22d	isomorphisms/ir	9cf98334411d2294c0e39098f4487dbed2bdb98c	cxxr/src/extra/tre/xmalloc.c	b9f2723adf4cb75d95bb916b19608fa5da04f22d	unchanged_cxxr_import
isomorphisms/ir	80134ccd43e6fa859772b4838c53ebac96a35b5c	cxxr/src/extra/tre/xmalloc.h	ce310af5204e663497022b800a8ef6bd36e36568	isomorphisms/ir	9cf98334411d2294c0e39098f4487dbed2bdb98c	cxxr/src/extra/tre/xmalloc.h	ce310af5204e663497022b800a8ef6bd36e36568	unchanged_cxxr_import
isomorphisms/ir	80134ccd43e6fa859772b4838c53ebac96a35b5c	cxxr/src/extra/trio/compat.c	b042c3a4ac8f0eac08f69263350a21d998711586	isomorphisms/ir	9cf98334411d2294c0e39098f4487dbed2bdb98c	cxxr/src/extra/trio/compat.c	b042c3a4ac8f0eac08f69263350a21d998711586	unchanged_cxxr_import
isomorphisms/ir	80134ccd43e6fa859772b4838c53ebac96a35b5c	cxxr/src/extra/trio/strio.h	d90cfcfd8a60833c525d68a476630a559ecf4b0d	isomorphisms/ir	9cf98334411d2294c0e39098f4487dbed2bdb98c	cxxr/src/extra/trio/strio.h	d90cfcfd8a60833c525d68a476630a559ecf4b0d	unchanged_cxxr_import
isomorphisms/ir	80134ccd43e6fa859772b4838c53ebac96a35b5c	cxxr/src/extra/trio/trio.c	8891112b4c0bc230bac3c624612681c9b22a7073	isomorphisms/ir	9cf98334411d2294c0e39098f4487dbed2bdb98c	cxxr/src/extra/trio/trio.c	8891112b4c0bc230bac3c624612681c9b22a7073	unchanged_cxxr_import
isomorphisms/ir	80134ccd43e6fa859772b4838c53ebac96a35b5c	cxxr/src/extra/trio/trio.h	ad29222dc0fb6cb50c734859626e143562674e6a	isomorphisms/ir	9cf98334411d2294c0e39098f4487dbed2bdb98c	cxxr/src/extra/trio/trio.h	ad29222dc0fb6cb50c734859626e143562674e6a	unchanged_cxxr_import
isomorphisms/ir	80134ccd43e6fa859772b4838c53ebac96a35b5c	cxxr/src/extra/trio/triodef.h	b717f74298dd82cbc7247fa4b8fc731caf214b85	isomorphisms/ir	9cf98334411d2294c0e39098f4487dbed2bdb98c	cxxr/src/extra/trio/triodef.h	b717f74298dd82cbc7247fa4b8fc731caf214b85	unchanged_cxxr_import
isomorphisms/ir	80134ccd43e6fa859772b4838c53ebac96a35b5c	cxxr/src/extra/trio/trionan.c	b42d60e50f3255291f663a087c500f2b8f4af0da	isomorphisms/ir	9cf98334411d2294c0e39098f4487dbed2bdb98c	cxxr/src/extra/trio/trionan.c	b42d60e50f3255291f663a087c500f2b8f4af0da	unchanged_cxxr_import
isomorphisms/ir	80134ccd43e6fa859772b4838c53ebac96a35b5c	cxxr/src/extra/trio/trionan.h	a38b1cc26ff5450eed13463b14635c8bfb7480b6	isomorphisms/ir	9cf98334411d2294c0e39098f4487dbed2bdb98c	cxxr/src/extra/trio/trionan.h	a38b1cc26ff5450eed13463b14635c8bfb7480b6	unchanged_cxxr_import
isomorphisms/ir	80134ccd43e6fa859772b4838c53ebac96a35b5c	cxxr/src/extra/trio/triop.h	4023dddca798981b64c313e949f21eb7d92a7ef1	isomorphisms/ir	9cf98334411d2294c0e39098f4487dbed2bdb98c	cxxr/src/extra/trio/triop.h	4023dddca798981b64c313e949f21eb7d92a7ef1	unchanged_cxxr_import
isomorphisms/ir	80134ccd43e6fa859772b4838c53ebac96a35b5c	cxxr/src/extra/trio/triostr.c	e93c1bc1e50de19b5de3e1cc12c14ff913cdbfc8	isomorphisms/ir	9cf98334411d2294c0e39098f4487dbed2bdb98c	cxxr/src/extra/trio/triostr.c	e93c1bc1e50de19b5de3e1cc12c14ff913cdbfc8	unchanged_cxxr_import
isomorphisms/ir	80134ccd43e6fa859772b4838c53ebac96a35b5c	cxxr/src/extra/trio/triostr.h	9100f0932e67bfe291da75840f0c87a0cb4eb631	isomorphisms/ir	9cf98334411d2294c0e39098f4487dbed2bdb98c	cxxr/src/extra/trio/triostr.h	9100f0932e67bfe291da75840f0c87a0cb4eb631	unchanged_cxxr_import
isomorphisms/ir	80134ccd43e6fa859772b4838c53ebac96a35b5c	cxxr/src/extra/tzone/localtime.c	bfc177a6f227578bddd167d1d5db8142e45b2cfa	isomorphisms/ir	9cf98334411d2294c0e39098f4487dbed2bdb98c	cxxr/src/extra/tzone/localtime.c	bfc177a6f227578bddd167d1d5db8142e45b2cfa	unchanged_cxxr_import
isomorphisms/ir	80134ccd43e6fa859772b4838c53ebac96a35b5c	cxxr/src/extra/tzone/registryTZ.c	47ea25f7345eadf6037d4c9d24e55312cfcffdec	isomorphisms/ir	9cf98334411d2294c0e39098f4487dbed2bdb98c	cxxr/src/extra/tzone/registryTZ.c	47ea25f7345eadf6037d4c9d24e55312cfcffdec	unchanged_cxxr_import
isomorphisms/ir	80134ccd43e6fa859772b4838c53ebac96a35b5c	cxxr/src/extra/tzone/strftime.c	24fa6b3ea2af5229366af872a08271cfa47e2699	isomorphisms/ir	9cf98334411d2294c0e39098f4487dbed2bdb98c	cxxr/src/extra/tzone/strftime.c	24fa6b3ea2af5229366af872a08271cfa47e2699	unchanged_cxxr_import
isomorphisms/ir	80134ccd43e6fa859772b4838c53ebac96a35b5c	cxxr/src/extra/tzone/tzfile.h	19af45e009ea62d2ec68f9b5b3d895538c0aaaf8	isomorphisms/ir	9cf98334411d2294c0e39098f4487dbed2bdb98c	cxxr/src/extra/tzone/tzfile.h	19af45e009ea62d2ec68f9b5b3d895538c0aaaf8	unchanged_cxxr_import
isomorphisms/ir	80134ccd43e6fa859772b4838c53ebac96a35b5c	cxxr/src/extra/win_iconv/win_iconv.c	459168542a755c559ae245bcac567a1d287cd553	isomorphisms/ir	9cf98334411d2294c0e39098f4487dbed2bdb98c	cxxr/src/extra/win_iconv/win_iconv.c	459168542a755c559ae245bcac567a1d287cd553	unchanged_cxxr_import
isomorphisms/ir	80134ccd43e6fa859772b4838c53ebac96a35b5c	cxxr/src/extra/xdr/rpc/types.h	bc51ff3c03f2dd9286dc4c7cabc397f25ad81ff5	isomorphisms/ir	9cf98334411d2294c0e39098f4487dbed2bdb98c	cxxr/src/extra/xdr/rpc/types.h	bc51ff3c03f2dd9286dc4c7cabc397f25ad81ff5	unchanged_cxxr_import
isomorphisms/ir	80134ccd43e6fa859772b4838c53ebac96a35b5c	cxxr/src/extra/xdr/rpc/xdr.h	ed272755865ae99f30a2f090dfa2bdbfebe385ae	isomorphisms/ir	9cf98334411d2294c0e39098f4487dbed2bdb98c	cxxr/src/extra/xdr/rpc/xdr.h	ed272755865ae99f30a2f090dfa2bdbfebe385ae	unchanged_cxxr_import
isomorphisms/ir	80134ccd43e6fa859772b4838c53ebac96a35b5c	cxxr/src/extra/xdr/xdr_float.c	f97d3a3eaa23c54dd2a4a3c9038b0218130fbffe	isomorphisms/ir	9cf98334411d2294c0e39098f4487dbed2bdb98c	cxxr/src/extra/xdr/xdr_float.c	f97d3a3eaa23c54dd2a4a3c9038b0218130fbffe	unchanged_cxxr_import
isomorphisms/ir	80134ccd43e6fa859772b4838c53ebac96a35b5c	cxxr/src/extra/xdr/xdr_mem.c	c0c0dcf70d8901a846e3fa77ccf2eff849981ad8	isomorphisms/ir	9cf98334411d2294c0e39098f4487dbed2bdb98c	cxxr/src/extra/xdr/xdr_mem.c	c0c0dcf70d8901a846e3fa77ccf2eff849981ad8	unchanged_cxxr_import
isomorphisms/ir	80134ccd43e6fa859772b4838c53ebac96a35b5c	cxxr/src/extra/xdr/xdr_stdio.c	b605e18abe935fc6b2d000ec847d62a820f13373	isomorphisms/ir	9cf98334411d2294c0e39098f4487dbed2bdb98c	cxxr/src/extra/xdr/xdr_stdio.c	b605e18abe935fc6b2d000ec847d62a820f13373	unchanged_cxxr_import
isomorphisms/ir	80134ccd43e6fa859772b4838c53ebac96a35b5c	cxxr/src/extra/xdr/xdr.c	5226d696d76cf4aadf74da65cf5bcbd437576c1b	isomorphisms/ir	9cf98334411d2294c0e39098f4487dbed2bdb98c	cxxr/src/extra/xdr/xdr.c	5226d696d76cf4aadf74da65cf5bcbd437576c1b	unchanged_cxxr_import
isomorphisms/ir	80134ccd43e6fa859772b4838c53ebac96a35b5c	cxxr/src/gnuwin32/console.c	a6b4a560272fa3411e371cd44717d81b748f53bd	isomorphisms/ir	9cf98334411d2294c0e39098f4487dbed2bdb98c	cxxr/src/gnuwin32/console.c	a6b4a560272fa3411e371cd44717d81b748f53bd	unchanged_cxxr_import
isomorphisms/ir	80134ccd43e6fa859772b4838c53ebac96a35b5c	cxxr/src/gnuwin32/console.h	ea100757d18d5880397a79dd79a604404e06f580	isomorphisms/ir	9cf98334411d2294c0e39098f4487dbed2bdb98c	cxxr/src/gnuwin32/console.h	ea100757d18d5880397a79dd79a604404e06f580	unchanged_cxxr_import
isomorphisms/ir	80134ccd43e6fa859772b4838c53ebac96a35b5c	cxxr/src/gnuwin32/consolestructs.h	66d1a212053098d8665d743017a2c4558fa46702	isomorphisms/ir	9cf98334411d2294c0e39098f4487dbed2bdb98c	cxxr/src/gnuwin32/consolestructs.h	66d1a212053098d8665d743017a2c4558fa46702	unchanged_cxxr_import
isomorphisms/ir	80134ccd43e6fa859772b4838c53ebac96a35b5c	cxxr/src/gnuwin32/dos_wglob.c	2c831bc5af6c3471fb774a660d7d5f8626764cbf	isomorphisms/ir	9cf98334411d2294c0e39098f4487dbed2bdb98c	cxxr/src/gnuwin32/dos_wglob.c	2c831bc5af6c3471fb774a660d7d5f8626764cbf	unchanged_cxxr_import
isomorphisms/ir	80134ccd43e6fa859772b4838c53ebac96a35b5c	cxxr/src/gnuwin32/dos_wglob.h	3e5e3e7572ff801334afb17ce00989a2f6ed05db	isomorphisms/ir	9cf98334411d2294c0e39098f4487dbed2bdb98c	cxxr/src/gnuwin32/dos_wglob.h	3e5e3e7572ff801334afb17ce00989a2f6ed05db	unchanged_cxxr_import
isomorphisms/ir	80134ccd43e6fa859772b4838c53ebac96a35b5c	cxxr/src/gnuwin32/dynload.c	8ca454625d91ad688bd7df7919b54c53bf727916	isomorphisms/ir	9cf98334411d2294c0e39098f4487dbed2bdb98c	cxxr/src/gnuwin32/dynload.c	8ca454625d91ad688bd7df7919b54c53bf727916	unchanged_cxxr_import
isomorphisms/ir	80134ccd43e6fa859772b4838c53ebac96a35b5c	cxxr/src/gnuwin32/editor.c	d27f898edfa597fa4ca6d63d1a65a637bfd546e7	isomorphisms/ir	9cf98334411d2294c0e39098f4487dbed2bdb98c	cxxr/src/gnuwin32/editor.c	d27f898edfa597fa4ca6d63d1a65a637bfd546e7	unchanged_cxxr_import
isomorphisms/ir	80134ccd43e6fa859772b4838c53ebac96a35b5c	cxxr/src/gnuwin32/editor.h	44000f5ce02d92acf86ae405be72a65968b753f2	isomorphisms/ir	9cf98334411d2294c0e39098f4487dbed2bdb98c	cxxr/src/gnuwin32/editor.h	44000f5ce02d92acf86ae405be72a65968b753f2	unchanged_cxxr_import
isomorphisms/ir	80134ccd43e6fa859772b4838c53ebac96a35b5c	cxxr/src/gnuwin32/embeddedR.c	14926c3c65478af20bcd9d08aacc659e65a8175b	isomorphisms/ir	9cf98334411d2294c0e39098f4487dbed2bdb98c	cxxr/src/gnuwin32/embeddedR.c	14926c3c65478af20bcd9d08aacc659e65a8175b	unchanged_cxxr_import
isomorphisms/ir	80134ccd43e6fa859772b4838c53ebac96a35b5c	cxxr/src/gnuwin32/extra.c	9d944be42057a24778206ee1ea6ef33ec2be3556	isomorphisms/ir	9cf98334411d2294c0e39098f4487dbed2bdb98c	cxxr/src/gnuwin32/extra.c	9d944be42057a24778206ee1ea6ef33ec2be3556	unchanged_cxxr_import
isomorphisms/ir	80134ccd43e6fa859772b4838c53ebac96a35b5c	cxxr/src/gnuwin32/fixed/h/config.h	54abd262e68cebd6b0b2ebb8445fd0d5bd6af759	isomorphisms/ir	9cf98334411d2294c0e39098f4487dbed2bdb98c	cxxr/src/gnuwin32/fixed/h/config.h	54abd262e68cebd6b0b2ebb8445fd0d5bd6af759	unchanged_cxxr_import
isomorphisms/ir	80134ccd43e6fa859772b4838c53ebac96a35b5c	cxxr/src/gnuwin32/fixed/h/iconv.h	84c33704767d7f3892af66716e51f3161cdeb402	isomorphisms/ir	9cf98334411d2294c0e39098f4487dbed2bdb98c	cxxr/src/gnuwin32/fixed/h/iconv.h	84c33704767d7f3892af66716e51f3161cdeb402	unchanged_cxxr_import
isomorphisms/ir	80134ccd43e6fa859772b4838c53ebac96a35b5c	cxxr/src/gnuwin32/fixed/h/psignal.h	eafd64ea588b37eb5f05bee82f1c24dd1a308832	isomorphisms/ir	9cf98334411d2294c0e39098f4487dbed2bdb98c	cxxr/src/gnuwin32/fixed/h/psignal.h	eafd64ea588b37eb5f05bee82f1c24dd1a308832	unchanged_cxxr_import
isomorphisms/ir	80134ccd43e6fa859772b4838c53ebac96a35b5c	cxxr/src/gnuwin32/fixed/h/Rconfig.h	7cd95be1950279aea182c383953dfe82f9526a57	isomorphisms/ir	9cf98334411d2294c0e39098f4487dbed2bdb98c	cxxr/src/gnuwin32/fixed/h/Rconfig.h	7cd95be1950279aea182c383953dfe82f9526a57	unchanged_cxxr_import
isomorphisms/ir	80134ccd43e6fa859772b4838c53ebac96a35b5c	cxxr/src/gnuwin32/fixed/h/trioremap.h	f9a2e852d84da359dcf612b6f50d40995685a30c	isomorphisms/ir	9cf98334411d2294c0e39098f4487dbed2bdb98c	cxxr/src/gnuwin32/fixed/h/trioremap.h	f9a2e852d84da359dcf612b6f50d40995685a30c	unchanged_cxxr_import
isomorphisms/ir	80134ccd43e6fa859772b4838c53ebac96a35b5c	cxxr/src/gnuwin32/front-ends/graphappmain.c	8e4ddaffbb19956c38c8ceb1eb9d7c10c5fb2314	isomorphisms/ir	9cf98334411d2294c0e39098f4487dbed2bdb98c	cxxr/src/gnuwin32/front-ends/graphappmain.c	8e4ddaffbb19956c38c8ceb1eb9d7c10c5fb2314	unchanged_cxxr_import
isomorphisms/ir	80134ccd43e6fa859772b4838c53ebac96a35b5c	cxxr/src/gnuwin32/front-ends/open.c	6898f5250a1439d2f527b3e6e2bdb4c7ca331e57	isomorphisms/ir	9cf98334411d2294c0e39098f4487dbed2bdb98c	cxxr/src/gnuwin32/front-ends/open.c	6898f5250a1439d2f527b3e6e2bdb4c7ca331e57	unchanged_cxxr_import
isomorphisms/ir	80134ccd43e6fa859772b4838c53ebac96a35b5c	cxxr/src/gnuwin32/front-ends/R.c	66a02a3abf0a954a5bbe6b00ca9e0a17a26488ea	isomorphisms/ir	9cf98334411d2294c0e39098f4487dbed2bdb98c	cxxr/src/gnuwin32/front-ends/R.c	66a02a3abf0a954a5bbe6b00ca9e0a17a26488ea	unchanged_cxxr_import
isomorphisms/ir	80134ccd43e6fa859772b4838c53ebac96a35b5c	cxxr/src/gnuwin32/front-ends/rcmd.c	9824ac538d9bb8caae8cb77d5397b4c561192f5a	isomorphisms/ir	9cf98334411d2294c0e39098f4487dbed2bdb98c	cxxr/src/gnuwin32/front-ends/rcmd.c	9824ac538d9bb8caae8cb77d5397b4c561192f5a	unchanged_cxxr_import
isomorphisms/ir	80134ccd43e6fa859772b4838c53ebac96a35b5c	cxxr/src/gnuwin32/front-ends/rcmdfn.c	3ddbdef6314f4b5137b5b81d0b4be7dc45b5a4c4	isomorphisms/ir	9cf98334411d2294c0e39098f4487dbed2bdb98c	cxxr/src/gnuwin32/front-ends/rcmdfn.c	3ddbdef6314f4b5137b5b81d0b4be7dc45b5a4c4	unchanged_cxxr_import
isomorphisms/ir	80134ccd43e6fa859772b4838c53ebac96a35b5c	cxxr/src/gnuwin32/front-ends/Renviron.c	3edb37955c7aa1fc0e50ee097a48a0f4f1913fc3	isomorphisms/ir	9cf98334411d2294c0e39098f4487dbed2bdb98c	cxxr/src/gnuwin32/front-ends/Renviron.c	3edb37955c7aa1fc0e50ee097a48a0f4f1913fc3	unchanged_cxxr_import
isomorphisms/ir	80134ccd43e6fa859772b4838c53ebac96a35b5c	cxxr/src/gnuwin32/front-ends/Rfe.c	1e51cb1aa71a836e8814bf573bb108f3c49aceea	isomorphisms/ir	9cf98334411d2294c0e39098f4487dbed2bdb98c	cxxr/src/gnuwin32/front-ends/Rfe.c	1e51cb1aa71a836e8814bf573bb108f3c49aceea	unchanged_cxxr_import
isomorphisms/ir	80134ccd43e6fa859772b4838c53ebac96a35b5c	cxxr/src/gnuwin32/front-ends/rgui.c	e543ed998e84c82c7a32bd35b6dbe03764b58690	isomorphisms/ir	9cf98334411d2294c0e39098f4487dbed2bdb98c	cxxr/src/gnuwin32/front-ends/rgui.c	e543ed998e84c82c7a32bd35b6dbe03764b58690	unchanged_cxxr_import
isomorphisms/ir	80134ccd43e6fa859772b4838c53ebac96a35b5c	cxxr/src/gnuwin32/front-ends/rpwd.c	bef24ac5410886edbcae0f4cc8e41ffc2f781a90	isomorphisms/ir	9cf98334411d2294c0e39098f4487dbed2bdb98c	cxxr/src/gnuwin32/front-ends/rpwd.c	bef24ac5410886edbcae0f4cc8e41ffc2f781a90	unchanged_cxxr_import
isomorphisms/ir	80134ccd43e6fa859772b4838c53ebac96a35b5c	cxxr/src/gnuwin32/front-ends/RSetReg.c	d08879530fc6baede8e41e878d8ffa74b2a05bf2	isomorphisms/ir	9cf98334411d2294c0e39098f4487dbed2bdb98c	cxxr/src/gnuwin32/front-ends/RSetReg.c	d08879530fc6baede8e41e878d8ffa74b2a05bf2	unchanged_cxxr_import
isomorphisms/ir	80134ccd43e6fa859772b4838c53ebac96a35b5c	cxxr/src/gnuwin32/front-ends/rterm.c	b1d86a561543c46007197a7d015d564764ffad06	isomorphisms/ir	9cf98334411d2294c0e39098f4487dbed2bdb98c	cxxr/src/gnuwin32/front-ends/rterm.c	b1d86a561543c46007197a7d015d564764ffad06	unchanged_cxxr_import
isomorphisms/ir	80134ccd43e6fa859772b4838c53ebac96a35b5c	cxxr/src/gnuwin32/front-ends/rtest.c	9b6a6e43e766fc936d3cce95460b484704b425ea	isomorphisms/ir	9cf98334411d2294c0e39098f4487dbed2bdb98c	cxxr/src/gnuwin32/front-ends/rtest.c	9b6a6e43e766fc936d3cce95460b484704b425ea	unchanged_cxxr_import
isomorphisms/ir	80134ccd43e6fa859772b4838c53ebac96a35b5c	cxxr/src/gnuwin32/getline/getline.c	8bed12034b8c631706c8194a763fbd9972fd9ed6	isomorphisms/ir	9cf98334411d2294c0e39098f4487dbed2bdb98c	cxxr/src/gnuwin32/getline/getline.c	8bed12034b8c631706c8194a763fbd9972fd9ed6	unchanged_cxxr_import
isomorphisms/ir	80134ccd43e6fa859772b4838c53ebac96a35b5c	cxxr/src/gnuwin32/getline/getline.h	944156d1e4f48416c60ae0ff9ed01d667113c6a2	isomorphisms/ir	9cf98334411d2294c0e39098f4487dbed2bdb98c	cxxr/src/gnuwin32/getline/getline.h	944156d1e4f48416c60ae0ff9ed01d667113c6a2	unchanged_cxxr_import
isomorphisms/ir	80134ccd43e6fa859772b4838c53ebac96a35b5c	cxxr/src/gnuwin32/getline/testgl.c	ba98e170c834f1c484ab89c695f369d507246ca1	isomorphisms/ir	9cf98334411d2294c0e39098f4487dbed2bdb98c	cxxr/src/gnuwin32/getline/testgl.c	ba98e170c834f1c484ab89c695f369d507246ca1	unchanged_cxxr_import
isomorphisms/ir	80134ccd43e6fa859772b4838c53ebac96a35b5c	cxxr/src/gnuwin32/getline/wc_history.c	f2a4b9176feda543d88c8c94559cbcfe089d804a	isomorphisms/ir	9cf98334411d2294c0e39098f4487dbed2bdb98c	cxxr/src/gnuwin32/getline/wc_history.c	f2a4b9176feda543d88c8c94559cbcfe089d804a	unchanged_cxxr_import
isomorphisms/ir	80134ccd43e6fa859772b4838c53ebac96a35b5c	cxxr/src/gnuwin32/getline/wc_history.h	0f3639115555147100789324aa69608504b0f032	isomorphisms/ir	9cf98334411d2294c0e39098f4487dbed2bdb98c	cxxr/src/gnuwin32/getline/wc_history.h	0f3639115555147100789324aa69608504b0f032	unchanged_cxxr_import
isomorphisms/ir	80134ccd43e6fa859772b4838c53ebac96a35b5c	cxxr/src/gnuwin32/guicolors.h	da1fbd4edec1fea496c0250741021dd115a9ac0d	isomorphisms/ir	9cf98334411d2294c0e39098f4487dbed2bdb98c	cxxr/src/gnuwin32/guicolors.h	da1fbd4edec1fea496c0250741021dd115a9ac0d	unchanged_cxxr_import
isomorphisms/ir	80134ccd43e6fa859772b4838c53ebac96a35b5c	cxxr/src/gnuwin32/installer/uuidgen.c	d8cfc40ba4927b7f5d0c24068198c1d8a40cdb77	isomorphisms/ir	9cf98334411d2294c0e39098f4487dbed2bdb98c	cxxr/src/gnuwin32/installer/uuidgen.c	d8cfc40ba4927b7f5d0c24068198c1d8a40cdb77	unchanged_cxxr_import
isomorphisms/ir	80134ccd43e6fa859772b4838c53ebac96a35b5c	cxxr/src/gnuwin32/malloc.c	61d9a5d7ad71e0bd8417e2192806e08910ffb609	isomorphisms/ir	9cf98334411d2294c0e39098f4487dbed2bdb98c	cxxr/src/gnuwin32/malloc.c	61d9a5d7ad71e0bd8417e2192806e08910ffb609	unchanged_cxxr_import
isomorphisms/ir	80134ccd43e6fa859772b4838c53ebac96a35b5c	cxxr/src/gnuwin32/opt.c	48d56d1677be4afb2a38817b61e0b65de33cc15b	isomorphisms/ir	9cf98334411d2294c0e39098f4487dbed2bdb98c	cxxr/src/gnuwin32/opt.c	48d56d1677be4afb2a38817b61e0b65de33cc15b	unchanged_cxxr_import
isomorphisms/ir	80134ccd43e6fa859772b4838c53ebac96a35b5c	cxxr/src/gnuwin32/opt.h	78daa94779c23f94ba2936a6ffc237e80cabface	isomorphisms/ir	9cf98334411d2294c0e39098f4487dbed2bdb98c	cxxr/src/gnuwin32/opt.h	78daa94779c23f94ba2936a6ffc237e80cabface	unchanged_cxxr_import
isomorphisms/ir	80134ccd43e6fa859772b4838c53ebac96a35b5c	cxxr/src/gnuwin32/pager.c	51b81da80da5df1b8f5434142c64a66888df97ec	isomorphisms/ir	9cf98334411d2294c0e39098f4487dbed2bdb98c	cxxr/src/gnuwin32/pager.c	51b81da80da5df1b8f5434142c64a66888df97ec	unchanged_cxxr_import
isomorphisms/ir	80134ccd43e6fa859772b4838c53ebac96a35b5c	cxxr/src/gnuwin32/preferences.c	7152488b1db02389a363cbd0a9c6c7de2926dabe	isomorphisms/ir	9cf98334411d2294c0e39098f4487dbed2bdb98c	cxxr/src/gnuwin32/preferences.c	7152488b1db02389a363cbd0a9c6c7de2926dabe	unchanged_cxxr_import
isomorphisms/ir	80134ccd43e6fa859772b4838c53ebac96a35b5c	cxxr/src/gnuwin32/preferences.h	8de0d5f0a915fa81e0476b14024f707d32921220	isomorphisms/ir	9cf98334411d2294c0e39098f4487dbed2bdb98c	cxxr/src/gnuwin32/preferences.h	8de0d5f0a915fa81e0476b14024f707d32921220	unchanged_cxxr_import
isomorphisms/ir	80134ccd43e6fa859772b4838c53ebac96a35b5c	cxxr/src/gnuwin32/psignal.c	fa220e1fe68b4d44dc76951162c5322bef8f6bc7	isomorphisms/ir	9cf98334411d2294c0e39098f4487dbed2bdb98c	cxxr/src/gnuwin32/psignal.c	fa220e1fe68b4d44dc76951162c5322bef8f6bc7	unchanged_cxxr_import
isomorphisms/ir	80134ccd43e6fa859772b4838c53ebac96a35b5c	cxxr/src/gnuwin32/rgui_UTF8.h	dccdb6a79ba25bb608938f2204f39f17a8301932	isomorphisms/ir	9cf98334411d2294c0e39098f4487dbed2bdb98c	cxxr/src/gnuwin32/rgui_UTF8.h	dccdb6a79ba25bb608938f2204f39f17a8301932	unchanged_cxxr_import
isomorphisms/ir	80134ccd43e6fa859772b4838c53ebac96a35b5c	cxxr/src/gnuwin32/rhome.c	05db25b6d9dfca7067817c5efb40aba3214caed9	isomorphisms/ir	9cf98334411d2294c0e39098f4487dbed2bdb98c	cxxr/src/gnuwin32/rhome.c	05db25b6d9dfca7067817c5efb40aba3214caed9	unchanged_cxxr_import
isomorphisms/ir	80134ccd43e6fa859772b4838c53ebac96a35b5c	cxxr/src/gnuwin32/rt_complete.c	f54acf1e0f806589f3985f3b35a76ab166380b09	isomorphisms/ir	9cf98334411d2294c0e39098f4487dbed2bdb98c	cxxr/src/gnuwin32/rt_complete.c	f54acf1e0f806589f3985f3b35a76ab166380b09	unchanged_cxxr_import
isomorphisms/ir	80134ccd43e6fa859772b4838c53ebac96a35b5c	cxxr/src/gnuwin32/rui.c	b5ae8b6f410ac0cfcab1b9e091193b08f7b6a270	isomorphisms/ir	9cf98334411d2294c0e39098f4487dbed2bdb98c	cxxr/src/gnuwin32/rui.c	b5ae8b6f410ac0cfcab1b9e091193b08f7b6a270	unchanged_cxxr_import
isomorphisms/ir	80134ccd43e6fa859772b4838c53ebac96a35b5c	cxxr/src/gnuwin32/rui.h	adb9465ae4e53f52e5328e1a81007529e6c5e1f7	isomorphisms/ir	9cf98334411d2294c0e39098f4487dbed2bdb98c	cxxr/src/gnuwin32/rui.h	adb9465ae4e53f52e5328e1a81007529e6c5e1f7	unchanged_cxxr_import
isomorphisms/ir	80134ccd43e6fa859772b4838c53ebac96a35b5c	cxxr/src/gnuwin32/run.c	58a402968a38934c198853555518ee19e003dd2e	isomorphisms/ir	9cf98334411d2294c0e39098f4487dbed2bdb98c	cxxr/src/gnuwin32/run.c	58a402968a38934c198853555518ee19e003dd2e	unchanged_cxxr_import
isomorphisms/ir	80134ccd43e6fa859772b4838c53ebac96a35b5c	cxxr/src/gnuwin32/run.h	6e62e7966e36dcec3c0d8ebebaf242cfeaab20a3	isomorphisms/ir	9cf98334411d2294c0e39098f4487dbed2bdb98c	cxxr/src/gnuwin32/run.h	6e62e7966e36dcec3c0d8ebebaf242cfeaab20a3	unchanged_cxxr_import
isomorphisms/ir	80134ccd43e6fa859772b4838c53ebac96a35b5c	cxxr/src/gnuwin32/shext.c	680804a5aeed1a1e5df1b2d552085241a4a037ab	isomorphisms/ir	9cf98334411d2294c0e39098f4487dbed2bdb98c	cxxr/src/gnuwin32/shext.c	680804a5aeed1a1e5df1b2d552085241a4a037ab	unchanged_cxxr_import
isomorphisms/ir	80134ccd43e6fa859772b4838c53ebac96a35b5c	cxxr/src/gnuwin32/sys-win32.c	28de0753209eb6115ca58febdef329fe33ac703c	isomorphisms/ir	9cf98334411d2294c0e39098f4487dbed2bdb98c	cxxr/src/gnuwin32/sys-win32.c	28de0753209eb6115ca58febdef329fe33ac703c	unchanged_cxxr_import
isomorphisms/ir	80134ccd43e6fa859772b4838c53ebac96a35b5c	cxxr/src/gnuwin32/system.c	527ed890fe5ab1c8fc992032084c4a1bfb64107b	isomorphisms/ir	9cf98334411d2294c0e39098f4487dbed2bdb98c	cxxr/src/gnuwin32/system.c	527ed890fe5ab1c8fc992032084c4a1bfb64107b	unchanged_cxxr_import
isomorphisms/ir	80134ccd43e6fa859772b4838c53ebac96a35b5c	cxxr/src/gnuwin32/unicode/iconv.def	42134da7514073909365911afff4240116b6ff74	isomorphisms/ir	9cf98334411d2294c0e39098f4487dbed2bdb98c	cxxr/src/gnuwin32/unicode/iconv.def	42134da7514073909365911afff4240116b6ff74	unchanged_cxxr_import
isomorphisms/ir	80134ccd43e6fa859772b4838c53ebac96a35b5c	cxxr/src/gnuwin32/win-nls.h	993d0fdf7312b980629317bf281c9ac88573c688	isomorphisms/ir	9cf98334411d2294c0e39098f4487dbed2bdb98c	cxxr/src/gnuwin32/win-nls.h	993d0fdf7312b980629317bf281c9ac88573c688	unchanged_cxxr_import
isomorphisms/ir	80134ccd43e6fa859772b4838c53ebac96a35b5c	cxxr/src/gnuwin32/windlgs/src/ttest.c	c12b991af6e15cf80c64653ee8c2d71d205730b2	isomorphisms/ir	9cf98334411d2294c0e39098f4487dbed2bdb98c	cxxr/src/gnuwin32/windlgs/src/ttest.c	c12b991af6e15cf80c64653ee8c2d71d205730b2	unchanged_cxxr_import
isomorphisms/ir	80134ccd43e6fa859772b4838c53ebac96a35b5c	cxxr/src/include/Defn.h	fb9268c3a6b78594ec89066153f870586e3ec0b0	isomorphisms/ir	9cf98334411d2294c0e39098f4487dbed2bdb98c	cxxr/src/include/Defn.h	fb9268c3a6b78594ec89066153f870586e3ec0b0	unchanged_cxxr_import
isomorphisms/ir	80134ccd43e6fa859772b4838c53ebac96a35b5c	cxxr/src/include/Errormsg.h	85b924429ae211b0ba582257f25e95e95042eeeb	isomorphisms/ir	9cf98334411d2294c0e39098f4487dbed2bdb98c	cxxr/src/include/Errormsg.h	85b924429ae211b0ba582257f25e95e95042eeeb	unchanged_cxxr_import
isomorphisms/ir	80134ccd43e6fa859772b4838c53ebac96a35b5c	cxxr/src/include/Fileio.h	5c2c32c46a74230a5233495dc11a4183d113b907	isomorphisms/ir	9cf98334411d2294c0e39098f4487dbed2bdb98c	cxxr/src/include/Fileio.h	5c2c32c46a74230a5233495dc11a4183d113b907	unchanged_cxxr_import
isomorphisms/ir	80134ccd43e6fa859772b4838c53ebac96a35b5c	cxxr/src/include/Graphics.h	008595fafebb2bcefdb338de08fa947e91d6cc35	isomorphisms/ir	9cf98334411d2294c0e39098f4487dbed2bdb98c	cxxr/src/include/Graphics.h	008595fafebb2bcefdb338de08fa947e91d6cc35	unchanged_cxxr_import
isomorphisms/ir	80134ccd43e6fa859772b4838c53ebac96a35b5c	cxxr/src/include/GraphicsBase.h	985a4dcabf48c02a650d7d2e06ecdc3cab20d19b	isomorphisms/ir	9cf98334411d2294c0e39098f4487dbed2bdb98c	cxxr/src/include/GraphicsBase.h	985a4dcabf48c02a650d7d2e06ecdc3cab20d19b	unchanged_cxxr_import
isomorphisms/ir	80134ccd43e6fa859772b4838c53ebac96a35b5c	cxxr/src/include/Internal.h	45d3a6c65d97ca62701d781e55c636944765f275	isomorphisms/ir	9cf98334411d2294c0e39098f4487dbed2bdb98c	cxxr/src/include/Internal.h	45d3a6c65d97ca62701d781e55c636944765f275	unchanged_cxxr_import
isomorphisms/ir	80134ccd43e6fa859772b4838c53ebac96a35b5c	cxxr/src/include/IOStuff.h	ebd930b35bbce3091ab844a47d0b7bee541c152e	isomorphisms/ir	9cf98334411d2294c0e39098f4487dbed2bdb98c	cxxr/src/include/IOStuff.h	ebd930b35bbce3091ab844a47d0b7bee541c152e	unchanged_cxxr_import
isomorphisms/ir	80134ccd43e6fa859772b4838c53ebac96a35b5c	cxxr/src/include/localization.h	7734ac744ee31abdd20495a071e33aff7fe74118	isomorphisms/ir	9cf98334411d2294c0e39098f4487dbed2bdb98c	cxxr/src/include/localization.h	7734ac744ee31abdd20495a071e33aff7fe74118	unchanged_cxxr_import
isomorphisms/ir	80134ccd43e6fa859772b4838c53ebac96a35b5c	cxxr/src/include/Parse.h	cc0f805b76e5dac9cdc5fee6caa7ee45f04cc31b	isomorphisms/ir	9cf98334411d2294c0e39098f4487dbed2bdb98c	cxxr/src/include/Parse.h	cc0f805b76e5dac9cdc5fee6caa7ee45f04cc31b	unchanged_cxxr_import
isomorphisms/ir	80134ccd43e6fa859772b4838c53ebac96a35b5c	cxxr/src/include/Print.h	8e911bb2f6b5c84a653cddcb504d05de6df713ea	isomorphisms/ir	9cf98334411d2294c0e39098f4487dbed2bdb98c	cxxr/src/include/Print.h	8e911bb2f6b5c84a653cddcb504d05de6df713ea	unchanged_cxxr_import
isomorphisms/ir	80134ccd43e6fa859772b4838c53ebac96a35b5c	cxxr/src/include/R_ext/Applic.h	aa521d971d6118a43c96cc76eca643b6f1f006d4	isomorphisms/ir	9cf98334411d2294c0e39098f4487dbed2bdb98c	cxxr/src/include/R_ext/Applic.h	aa521d971d6118a43c96cc76eca643b6f1f006d4	unchanged_cxxr_import
isomorphisms/ir	80134ccd43e6fa859772b4838c53ebac96a35b5c	cxxr/src/include/R_ext/Arith.h	47422e41cbcfceca6bba175c6e50300eeecd3d20	isomorphisms/ir	9cf98334411d2294c0e39098f4487dbed2bdb98c	cxxr/src/include/R_ext/Arith.h	47422e41cbcfceca6bba175c6e50300eeecd3d20	unchanged_cxxr_import
isomorphisms/ir	80134ccd43e6fa859772b4838c53ebac96a35b5c	cxxr/src/include/R_ext/BLAS.h	bac081150195aa7faecff4a3461267c5c5090960	isomorphisms/ir	9cf98334411d2294c0e39098f4487dbed2bdb98c	cxxr/src/include/R_ext/BLAS.h	bac081150195aa7faecff4a3461267c5c5090960	unchanged_cxxr_import
isomorphisms/ir	80134ccd43e6fa859772b4838c53ebac96a35b5c	cxxr/src/include/R_ext/Boolean.h	3a5e1e281eee1730276256f3ea67cf2726570146	isomorphisms/ir	9cf98334411d2294c0e39098f4487dbed2bdb98c	cxxr/src/include/R_ext/Boolean.h	3a5e1e281eee1730276256f3ea67cf2726570146	unchanged_cxxr_import
isomorphisms/ir	80134ccd43e6fa859772b4838c53ebac96a35b5c	cxxr/src/include/R_ext/Callbacks.h	4fb8dd72c11d04adb05c3e63a811d7398e724b80	isomorphisms/ir	9cf98334411d2294c0e39098f4487dbed2bdb98c	cxxr/src/include/R_ext/Callbacks.h	4fb8dd72c11d04adb05c3e63a811d7398e724b80	unchanged_cxxr_import
isomorphisms/ir	80134ccd43e6fa859772b4838c53ebac96a35b5c	cxxr/src/include/R_ext/Complex.h	498eee464e27037ed85c89596c6fc796f35fcaa2	isomorphisms/ir	9cf98334411d2294c0e39098f4487dbed2bdb98c	cxxr/src/include/R_ext/Complex.h	498eee464e27037ed85c89596c6fc796f35fcaa2	unchanged_cxxr_import
isomorphisms/ir	80134ccd43e6fa859772b4838c53ebac96a35b5c	cxxr/src/include/R_ext/Connections.h	a5dd765a084791d73a284ca401945048e63f850c	isomorphisms/ir	9cf98334411d2294c0e39098f4487dbed2bdb98c	cxxr/src/include/R_ext/Connections.h	a5dd765a084791d73a284ca401945048e63f850c	unchanged_cxxr_import
isomorphisms/ir	80134ccd43e6fa859772b4838c53ebac96a35b5c	cxxr/src/include/R_ext/Constants.h	d3b5623ba185c2e04397827205a6e7988cba1594	isomorphisms/ir	9cf98334411d2294c0e39098f4487dbed2bdb98c	cxxr/src/include/R_ext/Constants.h	d3b5623ba185c2e04397827205a6e7988cba1594	unchanged_cxxr_import
isomorphisms/ir	80134ccd43e6fa859772b4838c53ebac96a35b5c	cxxr/src/include/R_ext/Error.h	c5fccb91c88dfe8bc59285be4cfaa893001493b5	isomorphisms/ir	9cf98334411d2294c0e39098f4487dbed2bdb98c	cxxr/src/include/R_ext/Error.h	c5fccb91c88dfe8bc59285be4cfaa893001493b5	unchanged_cxxr_import
isomorphisms/ir	80134ccd43e6fa859772b4838c53ebac96a35b5c	cxxr/src/include/R_ext/eventloop.h	52548aaef27d013b5cb089364013af2d6d6ec5ab	isomorphisms/ir	9cf98334411d2294c0e39098f4487dbed2bdb98c	cxxr/src/include/R_ext/eventloop.h	52548aaef27d013b5cb089364013af2d6d6ec5ab	unchanged_cxxr_import
isomorphisms/ir	80134ccd43e6fa859772b4838c53ebac96a35b5c	cxxr/src/include/R_ext/GetX11Image.h	d887e326008f9f073f57e6ccac2e23cdd0038c68	isomorphisms/ir	9cf98334411d2294c0e39098f4487dbed2bdb98c	cxxr/src/include/R_ext/GetX11Image.h	d887e326008f9f073f57e6ccac2e23cdd0038c68	unchanged_cxxr_import
isomorphisms/ir	80134ccd43e6fa859772b4838c53ebac96a35b5c	cxxr/src/include/R_ext/GraphicsDevice.h	1f10c24ce4d7fdd4a4a24fb0bb4db942c184c653	isomorphisms/ir	9cf98334411d2294c0e39098f4487dbed2bdb98c	cxxr/src/include/R_ext/GraphicsDevice.h	1f10c24ce4d7fdd4a4a24fb0bb4db942c184c653	unchanged_cxxr_import
isomorphisms/ir	80134ccd43e6fa859772b4838c53ebac96a35b5c	cxxr/src/include/R_ext/GraphicsEngine.h	1255acdbd96c9567914922db7c20d30416e13d45	isomorphisms/ir	9cf98334411d2294c0e39098f4487dbed2bdb98c	cxxr/src/include/R_ext/GraphicsEngine.h	1255acdbd96c9567914922db7c20d30416e13d45	unchanged_cxxr_import
isomorphisms/ir	80134ccd43e6fa859772b4838c53ebac96a35b5c	cxxr/src/include/R_ext/Itermacros.h	05a8873ee2db4fb95fe3b06a3589a60071506ca9	isomorphisms/ir	9cf98334411d2294c0e39098f4487dbed2bdb98c	cxxr/src/include/R_ext/Itermacros.h	05a8873ee2db4fb95fe3b06a3589a60071506ca9	unchanged_cxxr_import
isomorphisms/ir	80134ccd43e6fa859772b4838c53ebac96a35b5c	cxxr/src/include/R_ext/Lapack.h	c1ebd217cf1bb30de6dbe8113057b68af739e4d8	isomorphisms/ir	9cf98334411d2294c0e39098f4487dbed2bdb98c	cxxr/src/include/R_ext/Lapack.h	c1ebd217cf1bb30de6dbe8113057b68af739e4d8	unchanged_cxxr_import
isomorphisms/ir	80134ccd43e6fa859772b4838c53ebac96a35b5c	cxxr/src/include/R_ext/libextern.h	cd8339aa673ffcebb064d14ebc89f2cff44a2a19	isomorphisms/ir	9cf98334411d2294c0e39098f4487dbed2bdb98c	cxxr/src/include/R_ext/libextern.h	cd8339aa673ffcebb064d14ebc89f2cff44a2a19	unchanged_cxxr_import
isomorphisms/ir	80134ccd43e6fa859772b4838c53ebac96a35b5c	cxxr/src/include/R_ext/Linpack.h	a50e34dc46f4277446955f6642224a6f726639ae	isomorphisms/ir	9cf98334411d2294c0e39098f4487dbed2bdb98c	cxxr/src/include/R_ext/Linpack.h	a50e34dc46f4277446955f6642224a6f726639ae	unchanged_cxxr_import
isomorphisms/ir	80134ccd43e6fa859772b4838c53ebac96a35b5c	cxxr/src/include/R_ext/MathThreads.h	957b51978dd772eb88bf4f7f5763c862c564d7e9	isomorphisms/ir	9cf98334411d2294c0e39098f4487dbed2bdb98c	cxxr/src/include/R_ext/MathThreads.h	957b51978dd772eb88bf4f7f5763c862c564d7e9	unchanged_cxxr_import
isomorphisms/ir	80134ccd43e6fa859772b4838c53ebac96a35b5c	cxxr/src/include/R_ext/Memory.h	505994d437f3fedde9b186624efca97310228263	isomorphisms/ir	9cf98334411d2294c0e39098f4487dbed2bdb98c	cxxr/src/include/R_ext/Memory.h	505994d437f3fedde9b186624efca97310228263	unchanged_cxxr_import
isomorphisms/ir	80134ccd43e6fa859772b4838c53ebac96a35b5c	cxxr/src/include/R_ext/Parse.h	59818e85e4db174aada1b33a80f7a9f16f5381eb	isomorphisms/ir	9cf98334411d2294c0e39098f4487dbed2bdb98c	cxxr/src/include/R_ext/Parse.h	59818e85e4db174aada1b33a80f7a9f16f5381eb	unchanged_cxxr_import
isomorphisms/ir	80134ccd43e6fa859772b4838c53ebac96a35b5c	cxxr/src/include/R_ext/Print.h	5ea04383b6cdbcb7c5472d297debbd26aca266f7	isomorphisms/ir	9cf98334411d2294c0e39098f4487dbed2bdb98c	cxxr/src/include/R_ext/Print.h	5ea04383b6cdbcb7c5472d297debbd26aca266f7	unchanged_cxxr_import
isomorphisms/ir	80134ccd43e6fa859772b4838c53ebac96a35b5c	cxxr/src/include/R_ext/PrtUtil.h	d70177291b651e9abd189f51b73f42716fae7f42	isomorphisms/ir	9cf98334411d2294c0e39098f4487dbed2bdb98c	cxxr/src/include/R_ext/PrtUtil.h	d70177291b651e9abd189f51b73f42716fae7f42	unchanged_cxxr_import
isomorphisms/ir	80134ccd43e6fa859772b4838c53ebac96a35b5c	cxxr/src/include/R_ext/QuartzDevice.h	f3b9bb11feea90067d8a57fe60517fa0aeffffdb	isomorphisms/ir	9cf98334411d2294c0e39098f4487dbed2bdb98c	cxxr/src/include/R_ext/QuartzDevice.h	f3b9bb11feea90067d8a57fe60517fa0aeffffdb	unchanged_cxxr_import
isomorphisms/ir	80134ccd43e6fa859772b4838c53ebac96a35b5c	cxxr/src/include/R_ext/R-ftp-http.h	c53c57aa6a0a9775a934f8cca8119ae91b40af09	isomorphisms/ir	9cf98334411d2294c0e39098f4487dbed2bdb98c	cxxr/src/include/R_ext/R-ftp-http.h	c53c57aa6a0a9775a934f8cca8119ae91b40af09	unchanged_cxxr_import
isomorphisms/ir	80134ccd43e6fa859772b4838c53ebac96a35b5c	cxxr/src/include/R_ext/Rallocators.h	f99fdc674c3b61eba69ee19d9e42a0321bdaaaf8	isomorphisms/ir	9cf98334411d2294c0e39098f4487dbed2bdb98c	cxxr/src/include/R_ext/Rallocators.h	f99fdc674c3b61eba69ee19d9e42a0321bdaaaf8	unchanged_cxxr_import
isomorphisms/ir	80134ccd43e6fa859772b4838c53ebac96a35b5c	cxxr/src/include/R_ext/Random.h	4278899e046a14632489e61c226ef3e88c185bdc	isomorphisms/ir	9cf98334411d2294c0e39098f4487dbed2bdb98c	cxxr/src/include/R_ext/Random.h	4278899e046a14632489e61c226ef3e88c185bdc	unchanged_cxxr_import
isomorphisms/ir	80134ccd43e6fa859772b4838c53ebac96a35b5c	cxxr/src/include/R_ext/Rdynload.h	231997310fae8908d528e07ec843bbaaddaa4c40	isomorphisms/ir	9cf98334411d2294c0e39098f4487dbed2bdb98c	cxxr/src/include/R_ext/Rdynload.h	231997310fae8908d528e07ec843bbaaddaa4c40	unchanged_cxxr_import
isomorphisms/ir	80134ccd43e6fa859772b4838c53ebac96a35b5c	cxxr/src/include/R_ext/Riconv.h	f2ccbb19cf11b901c82ff0a7f233308efe3f9d28	isomorphisms/ir	9cf98334411d2294c0e39098f4487dbed2bdb98c	cxxr/src/include/R_ext/Riconv.h	f2ccbb19cf11b901c82ff0a7f233308efe3f9d28	unchanged_cxxr_import
isomorphisms/ir	80134ccd43e6fa859772b4838c53ebac96a35b5c	cxxr/src/include/R_ext/RS.h	164c0b884fb3851d1912168c59d56a66dc064227	isomorphisms/ir	9cf98334411d2294c0e39098f4487dbed2bdb98c	cxxr/src/include/R_ext/RS.h	164c0b884fb3851d1912168c59d56a66dc064227	unchanged_cxxr_import
isomorphisms/ir	80134ccd43e6fa859772b4838c53ebac96a35b5c	cxxr/src/include/R_ext/RStartup.h	4f7c9074281738405d656798f276557a7df8dd53	isomorphisms/ir	9cf98334411d2294c0e39098f4487dbed2bdb98c	cxxr/src/include/R_ext/RStartup.h	4f7c9074281738405d656798f276557a7df8dd53	unchanged_cxxr_import
isomorphisms/ir	80134ccd43e6fa859772b4838c53ebac96a35b5c	cxxr/src/include/R_ext/stats_package.h	a7f9e6243d76ad89d43cdefc5b5b4bc4ded9d53a	isomorphisms/ir	9cf98334411d2294c0e39098f4487dbed2bdb98c	cxxr/src/include/R_ext/stats_package.h	a7f9e6243d76ad89d43cdefc5b5b4bc4ded9d53a	unchanged_cxxr_import
isomorphisms/ir	80134ccd43e6fa859772b4838c53ebac96a35b5c	cxxr/src/include/R_ext/stats_stubs.h	1432d070fbaa8ddc9a0dba894c851d2ffdf90192	isomorphisms/ir	9cf98334411d2294c0e39098f4487dbed2bdb98c	cxxr/src/include/R_ext/stats_stubs.h	1432d070fbaa8ddc9a0dba894c851d2ffdf90192	unchanged_cxxr_import
isomorphisms/ir	80134ccd43e6fa859772b4838c53ebac96a35b5c	cxxr/src/include/R_ext/Utils.h	0a38cc1d31f03f2f4bebfe1a0fdda55a80102362	isomorphisms/ir	9cf98334411d2294c0e39098f4487dbed2bdb98c	cxxr/src/include/R_ext/Utils.h	0a38cc1d31f03f2f4bebfe1a0fdda55a80102362	unchanged_cxxr_import
isomorphisms/ir	80134ccd43e6fa859772b4838c53ebac96a35b5c	cxxr/src/include/R_ext/Visibility.h	d964b3f707154d210548477346526f88c257769d	isomorphisms/ir	9cf98334411d2294c0e39098f4487dbed2bdb98c	cxxr/src/include/R_ext/Visibility.h	d964b3f707154d210548477346526f88c257769d	unchanged_cxxr_import
isomorphisms/ir	80134ccd43e6fa859772b4838c53ebac96a35b5c	cxxr/src/include/R.h	85805ded30216c17fdebb974b6e0e1508aea1aca	isomorphisms/ir	9cf98334411d2294c0e39098f4487dbed2bdb98c	cxxr/src/include/R.h	85805ded30216c17fdebb974b6e0e1508aea1aca	unchanged_cxxr_import
isomorphisms/ir	80134ccd43e6fa859772b4838c53ebac96a35b5c	cxxr/src/include/Rconnections.h	fdb8e0a9b93f33bb0f1ae49da1b20826209c27dd	isomorphisms/ir	9cf98334411d2294c0e39098f4487dbed2bdb98c	cxxr/src/include/Rconnections.h	fdb8e0a9b93f33bb0f1ae49da1b20826209c27dd	unchanged_cxxr_import
isomorphisms/ir	80134ccd43e6fa859772b4838c53ebac96a35b5c	cxxr/src/include/Rdefines.h	7b487dc9029e8a98e6004d11bfa128bd2d873d14	isomorphisms/ir	9cf98334411d2294c0e39098f4487dbed2bdb98c	cxxr/src/include/Rdefines.h	7b487dc9029e8a98e6004d11bfa128bd2d873d14	unchanged_cxxr_import
isomorphisms/ir	80134ccd43e6fa859772b4838c53ebac96a35b5c	cxxr/src/include/Rdynpriv.h	206866c7ffdc8d35e3c72ab1e30a2f6012cbcaf1	isomorphisms/ir	9cf98334411d2294c0e39098f4487dbed2bdb98c	cxxr/src/include/Rdynpriv.h	206866c7ffdc8d35e3c72ab1e30a2f6012cbcaf1	unchanged_cxxr_import
isomorphisms/ir	80134ccd43e6fa859772b4838c53ebac96a35b5c	cxxr/src/include/Rembedded.h	119020d5bb0e2557296915bb2914115ffdfe7b8e	isomorphisms/ir	9cf98334411d2294c0e39098f4487dbed2bdb98c	cxxr/src/include/Rembedded.h	119020d5bb0e2557296915bb2914115ffdfe7b8e	unchanged_cxxr_import
isomorphisms/ir	80134ccd43e6fa859772b4838c53ebac96a35b5c	cxxr/src/include/Rgraphics.h	7f64706abc6f32766a6885e876c49b183ddc40c6	isomorphisms/ir	9cf98334411d2294c0e39098f4487dbed2bdb98c	cxxr/src/include/Rgraphics.h	7f64706abc6f32766a6885e876c49b183ddc40c6	unchanged_cxxr_import
isomorphisms/ir	80134ccd43e6fa859772b4838c53ebac96a35b5c	cxxr/src/include/Rinlinedfuns.h	58e29c8f9cd8584435ff88e8730d31459d31ce82	isomorphisms/ir	9cf98334411d2294c0e39098f4487dbed2bdb98c	cxxr/src/include/Rinlinedfuns.h	58e29c8f9cd8584435ff88e8730d31459d31ce82	unchanged_cxxr_import
isomorphisms/ir	80134ccd43e6fa859772b4838c53ebac96a35b5c	cxxr/src/include/Rinterface.h	e5e5b951c496aef6bdd788dbde986160ca1fffdb	isomorphisms/ir	9cf98334411d2294c0e39098f4487dbed2bdb98c	cxxr/src/include/Rinterface.h	e5e5b951c496aef6bdd788dbde986160ca1fffdb	unchanged_cxxr_import
isomorphisms/ir	80134ccd43e6fa859772b4838c53ebac96a35b5c	cxxr/src/include/Rinternals.h	f9b162e4219c84a26be20db9b49303f9aa74f501	isomorphisms/ir	9cf98334411d2294c0e39098f4487dbed2bdb98c	cxxr/src/include/Rinternals.h	f9b162e4219c84a26be20db9b49303f9aa74f501	unchanged_cxxr_import
isomorphisms/ir	80134ccd43e6fa859772b4838c53ebac96a35b5c	cxxr/src/include/rlocale.h	36dcf2d3a02f48115eaa8592183a448817a3ea65	isomorphisms/ir	9cf98334411d2294c0e39098f4487dbed2bdb98c	cxxr/src/include/rlocale.h	36dcf2d3a02f48115eaa8592183a448817a3ea65	unchanged_cxxr_import
isomorphisms/ir	80134ccd43e6fa859772b4838c53ebac96a35b5c	cxxr/src/include/Rmodules/Rinternet.h	8e062a889102616af5ea1d8bdf0000625fc9dc4b	isomorphisms/ir	9cf98334411d2294c0e39098f4487dbed2bdb98c	cxxr/src/include/Rmodules/Rinternet.h	8e062a889102616af5ea1d8bdf0000625fc9dc4b	unchanged_cxxr_import
isomorphisms/ir	80134ccd43e6fa859772b4838c53ebac96a35b5c	cxxr/src/include/Rmodules/Rlapack.h	f08066608da27c16f87fd90388f5b8ced9f813b5	isomorphisms/ir	9cf98334411d2294c0e39098f4487dbed2bdb98c	cxxr/src/include/Rmodules/Rlapack.h	f08066608da27c16f87fd90388f5b8ced9f813b5	unchanged_cxxr_import
isomorphisms/ir	80134ccd43e6fa859772b4838c53ebac96a35b5c	cxxr/src/include/Rmodules/RX11.h	ea1445668faeaaf0e61844ca78fc25e741c88734	isomorphisms/ir	9cf98334411d2294c0e39098f4487dbed2bdb98c	cxxr/src/include/Rmodules/RX11.h	ea1445668faeaaf0e61844ca78fc25e741c88734	unchanged_cxxr_import
isomorphisms/ir	80134ccd43e6fa859772b4838c53ebac96a35b5c	cxxr/src/include/S.h	fae85e75dd3f74f5eb7a6d434055d2477ecc9986	isomorphisms/ir	9cf98334411d2294c0e39098f4487dbed2bdb98c	cxxr/src/include/S.h	fae85e75dd3f74f5eb7a6d434055d2477ecc9986	unchanged_cxxr_import
isomorphisms/ir	80134ccd43e6fa859772b4838c53ebac96a35b5c	cxxr/src/include/Startup.h	d613e442752c324e5550d3c0655a766e04f55463	isomorphisms/ir	9cf98334411d2294c0e39098f4487dbed2bdb98c	cxxr/src/include/Startup.h	d613e442752c324e5550d3c0655a766e04f55463	unchanged_cxxr_import
isomorphisms/ir	80134ccd43e6fa859772b4838c53ebac96a35b5c	cxxr/src/include/vg/memcheck.h	356ae23d00bed74f4dbe213bf3db656ad778a240	isomorphisms/ir	9cf98334411d2294c0e39098f4487dbed2bdb98c	cxxr/src/include/vg/memcheck.h	356ae23d00bed74f4dbe213bf3db656ad778a240	unchanged_cxxr_import
isomorphisms/ir	80134ccd43e6fa859772b4838c53ebac96a35b5c	cxxr/src/include/vg/valgrind.h	6954d751d5eb0c4f47b9f05622a92e00a9609d7a	isomorphisms/ir	9cf98334411d2294c0e39098f4487dbed2bdb98c	cxxr/src/include/vg/valgrind.h	6954d751d5eb0c4f47b9f05622a92e00a9609d7a	unchanged_cxxr_import
isomorphisms/ir	80134ccd43e6fa859772b4838c53ebac96a35b5c	cxxr/src/library/graphics/src/base.c	8bdd09cbdea57c45cb6f3c1c268842bf21b15539	isomorphisms/ir	9cf98334411d2294c0e39098f4487dbed2bdb98c	cxxr/src/library/graphics/src/base.c	8bdd09cbdea57c45cb6f3c1c268842bf21b15539	unchanged_cxxr_import
isomorphisms/ir	80134ccd43e6fa859772b4838c53ebac96a35b5c	cxxr/src/library/graphics/src/graphics.c	89aa6e639f75f99f647deea64ede954e889ff326	isomorphisms/ir	9cf98334411d2294c0e39098f4487dbed2bdb98c	cxxr/src/library/graphics/src/graphics.c	89aa6e639f75f99f647deea64ede954e889ff326	unchanged_cxxr_import
isomorphisms/ir	80134ccd43e6fa859772b4838c53ebac96a35b5c	cxxr/src/library/graphics/src/graphics.h	166f412b5243d226fb4e1f0ee7654fd10ecb5ccd	isomorphisms/ir	9cf98334411d2294c0e39098f4487dbed2bdb98c	cxxr/src/library/graphics/src/graphics.h	166f412b5243d226fb4e1f0ee7654fd10ecb5ccd	unchanged_cxxr_import
isomorphisms/ir	80134ccd43e6fa859772b4838c53ebac96a35b5c	cxxr/src/library/graphics/src/init.c	0658ecbdf6eabc4a1ef245c4008e19fd91058449	isomorphisms/ir	9cf98334411d2294c0e39098f4487dbed2bdb98c	cxxr/src/library/graphics/src/init.c	0658ecbdf6eabc4a1ef245c4008e19fd91058449	unchanged_cxxr_import
isomorphisms/ir	80134ccd43e6fa859772b4838c53ebac96a35b5c	cxxr/src/library/graphics/src/par-common.c	7edc56e98e202a0201f05450d37f88c392613de6	isomorphisms/ir	9cf98334411d2294c0e39098f4487dbed2bdb98c	cxxr/src/library/graphics/src/par-common.c	7edc56e98e202a0201f05450d37f88c392613de6	unchanged_cxxr_import
isomorphisms/ir	80134ccd43e6fa859772b4838c53ebac96a35b5c	cxxr/src/library/graphics/src/par.c	d397c63aeec040b610d2b02da50cd6a9a27af3a4	isomorphisms/ir	9cf98334411d2294c0e39098f4487dbed2bdb98c	cxxr/src/library/graphics/src/par.c	d397c63aeec040b610d2b02da50cd6a9a27af3a4	unchanged_cxxr_import
isomorphisms/ir	80134ccd43e6fa859772b4838c53ebac96a35b5c	cxxr/src/library/graphics/src/plot.c	4e6f7ed05a18d29a033ad1fe744a1ee2e9e4486d	isomorphisms/ir	9cf98334411d2294c0e39098f4487dbed2bdb98c	cxxr/src/library/graphics/src/plot.c	4e6f7ed05a18d29a033ad1fe744a1ee2e9e4486d	unchanged_cxxr_import
isomorphisms/ir	80134ccd43e6fa859772b4838c53ebac96a35b5c	cxxr/src/library/graphics/src/plot3d.c	1904faa0b26dd000eab169f1f46913ea915679f1	isomorphisms/ir	9cf98334411d2294c0e39098f4487dbed2bdb98c	cxxr/src/library/graphics/src/plot3d.c	1904faa0b26dd000eab169f1f46913ea915679f1	unchanged_cxxr_import
isomorphisms/ir	80134ccd43e6fa859772b4838c53ebac96a35b5c	cxxr/src/library/graphics/src/stem.c	6e6b7f35424fea5e384979f8a26b9b350bca7d81	isomorphisms/ir	9cf98334411d2294c0e39098f4487dbed2bdb98c	cxxr/src/library/graphics/src/stem.c	6e6b7f35424fea5e384979f8a26b9b350bca7d81	unchanged_cxxr_import
isomorphisms/ir	80134ccd43e6fa859772b4838c53ebac96a35b5c	cxxr/src/library/grDevices/src/axis_scales.c	40d648b3836de0dd6c1946922900c36451c1e616	isomorphisms/ir	9cf98334411d2294c0e39098f4487dbed2bdb98c	cxxr/src/library/grDevices/src/axis_scales.c	40d648b3836de0dd6c1946922900c36451c1e616	unchanged_cxxr_import
isomorphisms/ir	80134ccd43e6fa859772b4838c53ebac96a35b5c	cxxr/src/library/grDevices/src/cairo/cairoBM.c	280360c710015f2031fb459a915a79cb7634776f	isomorphisms/ir	9cf98334411d2294c0e39098f4487dbed2bdb98c	cxxr/src/library/grDevices/src/cairo/cairoBM.c	280360c710015f2031fb459a915a79cb7634776f	unchanged_cxxr_import
isomorphisms/ir	80134ccd43e6fa859772b4838c53ebac96a35b5c	cxxr/src/library/grDevices/src/cairo/cairoBM.h	bdb1b09a7bf1383dc73b95915a0e9d503efbbe6d	isomorphisms/ir	9cf98334411d2294c0e39098f4487dbed2bdb98c	cxxr/src/library/grDevices/src/cairo/cairoBM.h	bdb1b09a7bf1383dc73b95915a0e9d503efbbe6d	unchanged_cxxr_import
isomorphisms/ir	80134ccd43e6fa859772b4838c53ebac96a35b5c	cxxr/src/library/grDevices/src/cairo/cairoFns.c	37ed19a14856287448edfe5f9766988c0e311f3f	isomorphisms/ir	9cf98334411d2294c0e39098f4487dbed2bdb98c	cxxr/src/library/grDevices/src/cairo/cairoFns.c	37ed19a14856287448edfe5f9766988c0e311f3f	unchanged_cxxr_import
isomorphisms/ir	80134ccd43e6fa859772b4838c53ebac96a35b5c	cxxr/src/library/grDevices/src/chull.c	69347dcea61f071633526d96bbcca84b937cd2b6	isomorphisms/ir	9cf98334411d2294c0e39098f4487dbed2bdb98c	cxxr/src/library/grDevices/src/chull.c	69347dcea61f071633526d96bbcca84b937cd2b6	unchanged_cxxr_import
isomorphisms/ir	80134ccd43e6fa859772b4838c53ebac96a35b5c	cxxr/src/library/grDevices/src/colors.c	44ccf803cb7bbcc9961fac19073752713d49b18e	isomorphisms/ir	9cf98334411d2294c0e39098f4487dbed2bdb98c	cxxr/src/library/grDevices/src/colors.c	44ccf803cb7bbcc9961fac19073752713d49b18e	unchanged_cxxr_import
isomorphisms/ir	80134ccd43e6fa859772b4838c53ebac96a35b5c	cxxr/src/library/grDevices/src/devCairo.c	0cf774bcb813af4275f239a8666d96e3cf48e225	isomorphisms/ir	9cf98334411d2294c0e39098f4487dbed2bdb98c	cxxr/src/library/grDevices/src/devCairo.c	0cf774bcb813af4275f239a8666d96e3cf48e225	unchanged_cxxr_import
isomorphisms/ir	80134ccd43e6fa859772b4838c53ebac96a35b5c	cxxr/src/library/grDevices/src/devices.c	6c1f03cf88fed8e363812326f5ec72d86b6be527	isomorphisms/ir	9cf98334411d2294c0e39098f4487dbed2bdb98c	cxxr/src/library/grDevices/src/devices.c	6c1f03cf88fed8e363812326f5ec72d86b6be527	unchanged_cxxr_import
isomorphisms/ir	80134ccd43e6fa859772b4838c53ebac96a35b5c	cxxr/src/library/grDevices/src/devPicTeX.c	1c2db6c0f2c32a84dec0ba527dcd767610658853	isomorphisms/ir	9cf98334411d2294c0e39098f4487dbed2bdb98c	cxxr/src/library/grDevices/src/devPicTeX.c	1c2db6c0f2c32a84dec0ba527dcd767610658853	unchanged_cxxr_import
isomorphisms/ir	80134ccd43e6fa859772b4838c53ebac96a35b5c	cxxr/src/library/grDevices/src/devPS.c	c30f331c4b0ec7d2b40e74774cfaec76c1564ce3	isomorphisms/ir	9cf98334411d2294c0e39098f4487dbed2bdb98c	cxxr/src/library/grDevices/src/devPS.c	c30f331c4b0ec7d2b40e74774cfaec76c1564ce3	unchanged_cxxr_import
isomorphisms/ir	80134ccd43e6fa859772b4838c53ebac96a35b5c	cxxr/src/library/grDevices/src/devQuartz.c	762fe35b0e695be30aa883bf1dd126c9a655f185	isomorphisms/ir	9cf98334411d2294c0e39098f4487dbed2bdb98c	cxxr/src/library/grDevices/src/devQuartz.c	762fe35b0e695be30aa883bf1dd126c9a655f185	unchanged_cxxr_import
isomorphisms/ir	80134ccd43e6fa859772b4838c53ebac96a35b5c	cxxr/src/library/grDevices/src/devWindows.c	7c30e0b659cf998a401c9202c88c7faf205b1f81	isomorphisms/ir	9cf98334411d2294c0e39098f4487dbed2bdb98c	cxxr/src/library/grDevices/src/devWindows.c	7c30e0b659cf998a401c9202c88c7faf205b1f81	unchanged_cxxr_import
isomorphisms/ir	80134ccd43e6fa859772b4838c53ebac96a35b5c	cxxr/src/library/grDevices/src/devWindows.h	758aa9f5e3c8d913c969f21f8f5b6c6793cd2618	isomorphisms/ir	9cf98334411d2294c0e39098f4487dbed2bdb98c	cxxr/src/library/grDevices/src/devWindows.h	758aa9f5e3c8d913c969f21f8f5b6c6793cd2618	unchanged_cxxr_import
isomorphisms/ir	80134ccd43e6fa859772b4838c53ebac96a35b5c	cxxr/src/library/grDevices/src/grDevices.h	47c3a2cadd0455085a615b03914daa94d12c3726	isomorphisms/ir	9cf98334411d2294c0e39098f4487dbed2bdb98c	cxxr/src/library/grDevices/src/grDevices.h	47c3a2cadd0455085a615b03914daa94d12c3726	unchanged_cxxr_import
isomorphisms/ir	80134ccd43e6fa859772b4838c53ebac96a35b5c	cxxr/src/library/grDevices/src/init.c	6e7bd6aeb92f8671f3b3f5c2cfa23ec29c07b0a5	isomorphisms/ir	9cf98334411d2294c0e39098f4487dbed2bdb98c	cxxr/src/library/grDevices/src/init.c	6e7bd6aeb92f8671f3b3f5c2cfa23ec29c07b0a5	unchanged_cxxr_import
isomorphisms/ir	80134ccd43e6fa859772b4838c53ebac96a35b5c	cxxr/src/library/grDevices/src/qdBitmap.c	dec898071de7cd827a3b4b25132797facffa8941	isomorphisms/ir	9cf98334411d2294c0e39098f4487dbed2bdb98c	cxxr/src/library/grDevices/src/qdBitmap.c	dec898071de7cd827a3b4b25132797facffa8941	unchanged_cxxr_import
isomorphisms/ir	80134ccd43e6fa859772b4838c53ebac96a35b5c	cxxr/src/library/grDevices/src/qdBitmap.h	53170e6f3214f658b2f690db8ae43f35cd5bd30a	isomorphisms/ir	9cf98334411d2294c0e39098f4487dbed2bdb98c	cxxr/src/library/grDevices/src/qdBitmap.h	53170e6f3214f658b2f690db8ae43f35cd5bd30a	unchanged_cxxr_import
isomorphisms/ir	80134ccd43e6fa859772b4838c53ebac96a35b5c	cxxr/src/library/grDevices/src/qdCocoa.h	816ac1d80ca23f776a11c20cc9e2a0dedfd8e68a	isomorphisms/ir	9cf98334411d2294c0e39098f4487dbed2bdb98c	cxxr/src/library/grDevices/src/qdCocoa.h	816ac1d80ca23f776a11c20cc9e2a0dedfd8e68a	unchanged_cxxr_import
isomorphisms/ir	80134ccd43e6fa859772b4838c53ebac96a35b5c	cxxr/src/library/grDevices/src/qdPDF.c	8486e8252fd31669f56cf80b1d51c5ac5c31ba52	isomorphisms/ir	9cf98334411d2294c0e39098f4487dbed2bdb98c	cxxr/src/library/grDevices/src/qdPDF.c	8486e8252fd31669f56cf80b1d51c5ac5c31ba52	unchanged_cxxr_import
isomorphisms/ir	80134ccd43e6fa859772b4838c53ebac96a35b5c	cxxr/src/library/grDevices/src/qdPDF.h	24aa7573b6ed148bab1901fb17db8b3dff6afdd2	isomorphisms/ir	9cf98334411d2294c0e39098f4487dbed2bdb98c	cxxr/src/library/grDevices/src/qdPDF.h	24aa7573b6ed148bab1901fb17db8b3dff6afdd2	unchanged_cxxr_import
isomorphisms/ir	80134ccd43e6fa859772b4838c53ebac96a35b5c	cxxr/src/library/grDevices/src/stubs.c	c5024370a2b6e4da37cd4a07bcabd24aa989be39	isomorphisms/ir	9cf98334411d2294c0e39098f4487dbed2bdb98c	cxxr/src/library/grDevices/src/stubs.c	c5024370a2b6e4da37cd4a07bcabd24aa989be39	unchanged_cxxr_import
isomorphisms/ir	80134ccd43e6fa859772b4838c53ebac96a35b5c	cxxr/src/library/grDevices/src/winbitmap.c	71f6682b3df0cae4f05b1695cba9cc9648a7b51e	isomorphisms/ir	9cf98334411d2294c0e39098f4487dbed2bdb98c	cxxr/src/library/grDevices/src/winbitmap.c	71f6682b3df0cae4f05b1695cba9cc9648a7b51e	unchanged_cxxr_import
isomorphisms/ir	80134ccd43e6fa859772b4838c53ebac96a35b5c	cxxr/src/library/grDevices/src/winbitmap.h	1dad7f8a190d3bf6d330a348d796807caf89a838	isomorphisms/ir	9cf98334411d2294c0e39098f4487dbed2bdb98c	cxxr/src/library/grDevices/src/winbitmap.h	1dad7f8a190d3bf6d330a348d796807caf89a838	unchanged_cxxr_import
isomorphisms/ir	80134ccd43e6fa859772b4838c53ebac96a35b5c	cxxr/src/library/grid/src/gpar.c	f415a2544cab52513d25f95925bc1e6a7da5bb41	isomorphisms/ir	9cf98334411d2294c0e39098f4487dbed2bdb98c	cxxr/src/library/grid/src/gpar.c	f415a2544cab52513d25f95925bc1e6a7da5bb41	unchanged_cxxr_import
isomorphisms/ir	80134ccd43e6fa859772b4838c53ebac96a35b5c	cxxr/src/library/grid/src/grid-win.def	8ab14daf4a2c8f2c03d6378161c251e1a51e1545	isomorphisms/ir	9cf98334411d2294c0e39098f4487dbed2bdb98c	cxxr/src/library/grid/src/grid-win.def	8ab14daf4a2c8f2c03d6378161c251e1a51e1545	unchanged_cxxr_import
isomorphisms/ir	80134ccd43e6fa859772b4838c53ebac96a35b5c	cxxr/src/library/grid/src/grid.c	9ba98f88b482da586519b4b4d1bb5d69726ce9a8	isomorphisms/ir	9cf98334411d2294c0e39098f4487dbed2bdb98c	cxxr/src/library/grid/src/grid.c	9ba98f88b482da586519b4b4d1bb5d69726ce9a8	unchanged_cxxr_import
isomorphisms/ir	80134ccd43e6fa859772b4838c53ebac96a35b5c	cxxr/src/library/grid/src/grid.h	d59a281127205a43f30efdb398fc30606159ae19	isomorphisms/ir	9cf98334411d2294c0e39098f4487dbed2bdb98c	cxxr/src/library/grid/src/grid.h	d59a281127205a43f30efdb398fc30606159ae19	unchanged_cxxr_import
isomorphisms/ir	80134ccd43e6fa859772b4838c53ebac96a35b5c	cxxr/src/library/grid/src/just.c	92c3ecfcdf124195afd67b45aadc6c7db0e02c63	isomorphisms/ir	9cf98334411d2294c0e39098f4487dbed2bdb98c	cxxr/src/library/grid/src/just.c	92c3ecfcdf124195afd67b45aadc6c7db0e02c63	unchanged_cxxr_import
isomorphisms/ir	80134ccd43e6fa859772b4838c53ebac96a35b5c	cxxr/src/library/grid/src/layout.c	c326f3f686ca91b717bd2082e18a2cc82bf86d38	isomorphisms/ir	9cf98334411d2294c0e39098f4487dbed2bdb98c	cxxr/src/library/grid/src/layout.c	c326f3f686ca91b717bd2082e18a2cc82bf86d38	unchanged_cxxr_import
isomorphisms/ir	80134ccd43e6fa859772b4838c53ebac96a35b5c	cxxr/src/library/grid/src/matrix.c	a39b22631a777fb86b0edcc8aed7dca22a0ec29d	isomorphisms/ir	9cf98334411d2294c0e39098f4487dbed2bdb98c	cxxr/src/library/grid/src/matrix.c	a39b22631a777fb86b0edcc8aed7dca22a0ec29d	unchanged_cxxr_import
isomorphisms/ir	80134ccd43e6fa859772b4838c53ebac96a35b5c	cxxr/src/library/grid/src/register.c	7f1827ed50c045a6f0c1a180022b24dcd6d11190	isomorphisms/ir	9cf98334411d2294c0e39098f4487dbed2bdb98c	cxxr/src/library/grid/src/register.c	7f1827ed50c045a6f0c1a180022b24dcd6d11190	unchanged_cxxr_import
isomorphisms/ir	80134ccd43e6fa859772b4838c53ebac96a35b5c	cxxr/src/library/grid/src/state.c	f965a0d13707827dc81cfb8f32ae2058b7bd630a	isomorphisms/ir	9cf98334411d2294c0e39098f4487dbed2bdb98c	cxxr/src/library/grid/src/state.c	f965a0d13707827dc81cfb8f32ae2058b7bd630a	unchanged_cxxr_import
isomorphisms/ir	80134ccd43e6fa859772b4838c53ebac96a35b5c	cxxr/src/library/grid/src/unit.c	e4d81442b89ef504e3b4848c5e909c3fabd14292	isomorphisms/ir	9cf98334411d2294c0e39098f4487dbed2bdb98c	cxxr/src/library/grid/src/unit.c	e4d81442b89ef504e3b4848c5e909c3fabd14292	unchanged_cxxr_import
isomorphisms/ir	80134ccd43e6fa859772b4838c53ebac96a35b5c	cxxr/src/library/grid/src/util.c	2a7c44832ed517d0fb005ea18bc7be9c3f77643d	isomorphisms/ir	9cf98334411d2294c0e39098f4487dbed2bdb98c	cxxr/src/library/grid/src/util.c	2a7c44832ed517d0fb005ea18bc7be9c3f77643d	unchanged_cxxr_import
isomorphisms/ir	80134ccd43e6fa859772b4838c53ebac96a35b5c	cxxr/src/library/grid/src/viewport.c	697b02905f5cec4bc77ef07afe794ad7eb208af6	isomorphisms/ir	9cf98334411d2294c0e39098f4487dbed2bdb98c	cxxr/src/library/grid/src/viewport.c	697b02905f5cec4bc77ef07afe794ad7eb208af6	unchanged_cxxr_import
isomorphisms/ir	80134ccd43e6fa859772b4838c53ebac96a35b5c	cxxr/src/library/methods/src/class_support.c	980e2ad548bab746aad0997fe951586cd3a48bf8	isomorphisms/ir	9cf98334411d2294c0e39098f4487dbed2bdb98c	cxxr/src/library/methods/src/class_support.c	980e2ad548bab746aad0997fe951586cd3a48bf8	unchanged_cxxr_import
isomorphisms/ir	80134ccd43e6fa859772b4838c53ebac96a35b5c	cxxr/src/library/methods/src/do_substitute_direct.c	4cf754974c1f8914fcba50b2715a703f11ea77f4	isomorphisms/ir	9cf98334411d2294c0e39098f4487dbed2bdb98c	cxxr/src/library/methods/src/do_substitute_direct.c	4cf754974c1f8914fcba50b2715a703f11ea77f4	unchanged_cxxr_import
isomorphisms/ir	80134ccd43e6fa859772b4838c53ebac96a35b5c	cxxr/src/library/methods/src/init.c	ef6e87d869d5567ae9b00962ecee731bfdbbc7b0	isomorphisms/ir	9cf98334411d2294c0e39098f4487dbed2bdb98c	cxxr/src/library/methods/src/init.c	ef6e87d869d5567ae9b00962ecee731bfdbbc7b0	unchanged_cxxr_import
isomorphisms/ir	80134ccd43e6fa859772b4838c53ebac96a35b5c	cxxr/src/library/methods/src/methods_list_dispatch.c	e3c39e55f6d54a5a26d3de47ee0954cf4659742d	isomorphisms/ir	9cf98334411d2294c0e39098f4487dbed2bdb98c	cxxr/src/library/methods/src/methods_list_dispatch.c	e3c39e55f6d54a5a26d3de47ee0954cf4659742d	unchanged_cxxr_import
isomorphisms/ir	80134ccd43e6fa859772b4838c53ebac96a35b5c	cxxr/src/library/methods/src/methods.h	5b8f1a21e438ff1d76af88a1fcddd5e1244fdeda	isomorphisms/ir	9cf98334411d2294c0e39098f4487dbed2bdb98c	cxxr/src/library/methods/src/methods.h	5b8f1a21e438ff1d76af88a1fcddd5e1244fdeda	unchanged_cxxr_import
isomorphisms/ir	80134ccd43e6fa859772b4838c53ebac96a35b5c	cxxr/src/library/methods/src/RSMethods.h	d968e09614fbabf0a2fc995b25772ce05515ba66	isomorphisms/ir	9cf98334411d2294c0e39098f4487dbed2bdb98c	cxxr/src/library/methods/src/RSMethods.h	d968e09614fbabf0a2fc995b25772ce05515ba66	unchanged_cxxr_import
isomorphisms/ir	80134ccd43e6fa859772b4838c53ebac96a35b5c	cxxr/src/library/methods/src/slot.c	ad8092740b987e70bfb34ce8136cc98f469df384	isomorphisms/ir	9cf98334411d2294c0e39098f4487dbed2bdb98c	cxxr/src/library/methods/src/slot.c	ad8092740b987e70bfb34ce8136cc98f469df384	unchanged_cxxr_import
isomorphisms/ir	80134ccd43e6fa859772b4838c53ebac96a35b5c	cxxr/src/library/methods/src/tests.c	c272cdb3194a505f40ec0f04779d992a6964f168	isomorphisms/ir	9cf98334411d2294c0e39098f4487dbed2bdb98c	cxxr/src/library/methods/src/tests.c	c272cdb3194a505f40ec0f04779d992a6964f168	unchanged_cxxr_import
isomorphisms/ir	80134ccd43e6fa859772b4838c53ebac96a35b5c	cxxr/src/library/methods/src/utils.c	742bb1a39f192abd385739b24c1886f8c5903644	isomorphisms/ir	9cf98334411d2294c0e39098f4487dbed2bdb98c	cxxr/src/library/methods/src/utils.c	742bb1a39f192abd385739b24c1886f8c5903644	unchanged_cxxr_import
isomorphisms/ir	80134ccd43e6fa859772b4838c53ebac96a35b5c	cxxr/src/library/parallel/src/fork.c	f27958adcd97287d1ff6b77ed259a83c7082bda2	isomorphisms/ir	9cf98334411d2294c0e39098f4487dbed2bdb98c	cxxr/src/library/parallel/src/fork.c	f27958adcd97287d1ff6b77ed259a83c7082bda2	unchanged_cxxr_import
isomorphisms/ir	80134ccd43e6fa859772b4838c53ebac96a35b5c	cxxr/src/library/parallel/src/glpi.h	4957b8aa719169be2001bf3e470d16f9da70f067	isomorphisms/ir	9cf98334411d2294c0e39098f4487dbed2bdb98c	cxxr/src/library/parallel/src/glpi.h	4957b8aa719169be2001bf3e470d16f9da70f067	unchanged_cxxr_import
isomorphisms/ir	80134ccd43e6fa859772b4838c53ebac96a35b5c	cxxr/src/library/parallel/src/init.c	1fc93e5a9105341abcee065ee829d8a8a9da1895	isomorphisms/ir	9cf98334411d2294c0e39098f4487dbed2bdb98c	cxxr/src/library/parallel/src/init.c	1fc93e5a9105341abcee065ee829d8a8a9da1895	unchanged_cxxr_import
isomorphisms/ir	80134ccd43e6fa859772b4838c53ebac96a35b5c	cxxr/src/library/parallel/src/ncpus.c	ef65cff85cc0583062f2bacd09c02fa37ccf2068	isomorphisms/ir	9cf98334411d2294c0e39098f4487dbed2bdb98c	cxxr/src/library/parallel/src/ncpus.c	ef65cff85cc0583062f2bacd09c02fa37ccf2068	unchanged_cxxr_import
isomorphisms/ir	80134ccd43e6fa859772b4838c53ebac96a35b5c	cxxr/src/library/parallel/src/parallel.h	a3674c876f56e643d623e5b5ddea4bda177daf91	isomorphisms/ir	9cf98334411d2294c0e39098f4487dbed2bdb98c	cxxr/src/library/parallel/src/parallel.h	a3674c876f56e643d623e5b5ddea4bda177daf91	unchanged_cxxr_import
isomorphisms/ir	80134ccd43e6fa859772b4838c53ebac96a35b5c	cxxr/src/library/parallel/src/rngstream.c	3de81fbbcb3ba84bbb7efdae17b4cdc5775c338f	isomorphisms/ir	9cf98334411d2294c0e39098f4487dbed2bdb98c	cxxr/src/library/parallel/src/rngstream.c	3de81fbbcb3ba84bbb7efdae17b4cdc5775c338f	unchanged_cxxr_import
isomorphisms/ir	80134ccd43e6fa859772b4838c53ebac96a35b5c	cxxr/src/library/splines/src/splines.c	2aec3e81bd385b0421b986e3fbd3779f8738857c	isomorphisms/ir	9cf98334411d2294c0e39098f4487dbed2bdb98c	cxxr/src/library/splines/src/splines.c	2aec3e81bd385b0421b986e3fbd3779f8738857c	unchanged_cxxr_import
isomorphisms/ir	80134ccd43e6fa859772b4838c53ebac96a35b5c	cxxr/src/library/stats/src/ansari.c	7aed745c4056052364eec184462b5f775fb5afed	isomorphisms/ir	9cf98334411d2294c0e39098f4487dbed2bdb98c	cxxr/src/library/stats/src/ansari.c	7aed745c4056052364eec184462b5f775fb5afed	unchanged_cxxr_import
isomorphisms/ir	80134ccd43e6fa859772b4838c53ebac96a35b5c	cxxr/src/library/stats/src/approx.c	150e170ea65ba7c24e8f51071564ec92f8bee442	isomorphisms/ir	9cf98334411d2294c0e39098f4487dbed2bdb98c	cxxr/src/library/stats/src/approx.c	150e170ea65ba7c24e8f51071564ec92f8bee442	unchanged_cxxr_import
isomorphisms/ir	80134ccd43e6fa859772b4838c53ebac96a35b5c	cxxr/src/library/stats/src/arima.c	3d6fae882305ba267e3a04219d36450befef562c	isomorphisms/ir	9cf98334411d2294c0e39098f4487dbed2bdb98c	cxxr/src/library/stats/src/arima.c	3d6fae882305ba267e3a04219d36450befef562c	unchanged_cxxr_import
isomorphisms/ir	80134ccd43e6fa859772b4838c53ebac96a35b5c	cxxr/src/library/stats/src/bandwidths.c	fedb1bacab92d2ee5b7794791ac8da397b7d5cd4	isomorphisms/ir	9cf98334411d2294c0e39098f4487dbed2bdb98c	cxxr/src/library/stats/src/bandwidths.c	fedb1bacab92d2ee5b7794791ac8da397b7d5cd4	unchanged_cxxr_import
isomorphisms/ir	80134ccd43e6fa859772b4838c53ebac96a35b5c	cxxr/src/library/stats/src/burg.c	df4e81423599b1d03c3e82fdf739743267116dc4	isomorphisms/ir	9cf98334411d2294c0e39098f4487dbed2bdb98c	cxxr/src/library/stats/src/burg.c	df4e81423599b1d03c3e82fdf739743267116dc4	unchanged_cxxr_import
isomorphisms/ir	80134ccd43e6fa859772b4838c53ebac96a35b5c	cxxr/src/library/stats/src/chisqsim.c	b82e157d86b24aaf9de36f1ddd2e79865f9167cc	isomorphisms/ir	9cf98334411d2294c0e39098f4487dbed2bdb98c	cxxr/src/library/stats/src/chisqsim.c	b82e157d86b24aaf9de36f1ddd2e79865f9167cc	unchanged_cxxr_import
isomorphisms/ir	80134ccd43e6fa859772b4838c53ebac96a35b5c	cxxr/src/library/stats/src/complete_cases.c	4fd75fadd93ac2d39f1b8aeaaf1d2ad9377973cc	isomorphisms/ir	9cf98334411d2294c0e39098f4487dbed2bdb98c	cxxr/src/library/stats/src/complete_cases.c	4fd75fadd93ac2d39f1b8aeaaf1d2ad9377973cc	unchanged_cxxr_import
isomorphisms/ir	80134ccd43e6fa859772b4838c53ebac96a35b5c	cxxr/src/library/stats/src/cov.c	d4b392cb9ab9d14f65eee4a9f06359141eef9991	isomorphisms/ir	9cf98334411d2294c0e39098f4487dbed2bdb98c	cxxr/src/library/stats/src/cov.c	d4b392cb9ab9d14f65eee4a9f06359141eef9991	unchanged_cxxr_import
isomorphisms/ir	80134ccd43e6fa859772b4838c53ebac96a35b5c	cxxr/src/library/stats/src/d2x2xk.c	0047ee6f35e8819ccddaeec3e5fc0c27312b1092	isomorphisms/ir	9cf98334411d2294c0e39098f4487dbed2bdb98c	cxxr/src/library/stats/src/d2x2xk.c	0047ee6f35e8819ccddaeec3e5fc0c27312b1092	unchanged_cxxr_import
isomorphisms/ir	80134ccd43e6fa859772b4838c53ebac96a35b5c	cxxr/src/library/stats/src/dblcen.c	3131bb7cd1e1b981f1a4c6b25e256a989b54ade7	isomorphisms/ir	9cf98334411d2294c0e39098f4487dbed2bdb98c	cxxr/src/library/stats/src/dblcen.c	3131bb7cd1e1b981f1a4c6b25e256a989b54ade7	unchanged_cxxr_import
isomorphisms/ir	80134ccd43e6fa859772b4838c53ebac96a35b5c	cxxr/src/library/stats/src/deriv.c	82ab230aa632a18890bf2a332d37037d48ca616f	isomorphisms/ir	9cf98334411d2294c0e39098f4487dbed2bdb98c	cxxr/src/library/stats/src/deriv.c	82ab230aa632a18890bf2a332d37037d48ca616f	unchanged_cxxr_import
isomorphisms/ir	80134ccd43e6fa859772b4838c53ebac96a35b5c	cxxr/src/library/stats/src/distance.c	5717d73e5beef946c5783807a1fe6c339a0f54b6	isomorphisms/ir	9cf98334411d2294c0e39098f4487dbed2bdb98c	cxxr/src/library/stats/src/distance.c	5717d73e5beef946c5783807a1fe6c339a0f54b6	unchanged_cxxr_import
isomorphisms/ir	80134ccd43e6fa859772b4838c53ebac96a35b5c	cxxr/src/library/stats/src/distn.c	92b8eebe4c0351cf4116f2cd3718878d39c783be	isomorphisms/ir	9cf98334411d2294c0e39098f4487dbed2bdb98c	cxxr/src/library/stats/src/distn.c	92b8eebe4c0351cf4116f2cd3718878d39c783be	unchanged_cxxr_import
isomorphisms/ir	80134ccd43e6fa859772b4838c53ebac96a35b5c	cxxr/src/library/stats/src/family.c	ab96566199fc69f9bfcb82df1e74d2691ff108b2	isomorphisms/ir	9cf98334411d2294c0e39098f4487dbed2bdb98c	cxxr/src/library/stats/src/family.c	ab96566199fc69f9bfcb82df1e74d2691ff108b2	unchanged_cxxr_import
isomorphisms/ir	80134ccd43e6fa859772b4838c53ebac96a35b5c	cxxr/src/library/stats/src/fexact.c	7d9c64aa43b23104668c0f2c13a6e6620be8c40f	isomorphisms/ir	9cf98334411d2294c0e39098f4487dbed2bdb98c	cxxr/src/library/stats/src/fexact.c	7d9c64aa43b23104668c0f2c13a6e6620be8c40f	unchanged_cxxr_import
isomorphisms/ir	80134ccd43e6fa859772b4838c53ebac96a35b5c	cxxr/src/library/stats/src/fft.c	451bd8d5a0be8ac481bac29672cb5acee5cc1fce	isomorphisms/ir	9cf98334411d2294c0e39098f4487dbed2bdb98c	cxxr/src/library/stats/src/fft.c	451bd8d5a0be8ac481bac29672cb5acee5cc1fce	unchanged_cxxr_import
isomorphisms/ir	80134ccd43e6fa859772b4838c53ebac96a35b5c	cxxr/src/library/stats/src/filter.c	47214b341bfe35cabc61e88a0080a58875d38200	isomorphisms/ir	9cf98334411d2294c0e39098f4487dbed2bdb98c	cxxr/src/library/stats/src/filter.c	47214b341bfe35cabc61e88a0080a58875d38200	unchanged_cxxr_import
isomorphisms/ir	80134ccd43e6fa859772b4838c53ebac96a35b5c	cxxr/src/library/stats/src/fourier.c	3cbea7036f9f89668d28fc4f8be3d753f42fbf5b	isomorphisms/ir	9cf98334411d2294c0e39098f4487dbed2bdb98c	cxxr/src/library/stats/src/fourier.c	3cbea7036f9f89668d28fc4f8be3d753f42fbf5b	unchanged_cxxr_import
isomorphisms/ir	80134ccd43e6fa859772b4838c53ebac96a35b5c	cxxr/src/library/stats/src/hclust-utils.c	49bcd2d1c701267f1d4dbf23cbb01ec68b6be9c3	isomorphisms/ir	9cf98334411d2294c0e39098f4487dbed2bdb98c	cxxr/src/library/stats/src/hclust-utils.c	49bcd2d1c701267f1d4dbf23cbb01ec68b6be9c3	unchanged_cxxr_import
isomorphisms/ir	80134ccd43e6fa859772b4838c53ebac96a35b5c	cxxr/src/library/stats/src/HoltWinters.c	6241fbfa08fca6b04d527a9497b4d286f2e1294b	isomorphisms/ir	9cf98334411d2294c0e39098f4487dbed2bdb98c	cxxr/src/library/stats/src/HoltWinters.c	6241fbfa08fca6b04d527a9497b4d286f2e1294b	unchanged_cxxr_import
isomorphisms/ir	80134ccd43e6fa859772b4838c53ebac96a35b5c	cxxr/src/library/stats/src/influence.c	33d6adc7d04f5a26b9ab52e8fa1383cd3ea041c6	isomorphisms/ir	9cf98334411d2294c0e39098f4487dbed2bdb98c	cxxr/src/library/stats/src/influence.c	33d6adc7d04f5a26b9ab52e8fa1383cd3ea041c6	unchanged_cxxr_import
isomorphisms/ir	80134ccd43e6fa859772b4838c53ebac96a35b5c	cxxr/src/library/stats/src/init.c	19516e38809d553c3621c92b77b84bef0d04de2a	isomorphisms/ir	9cf98334411d2294c0e39098f4487dbed2bdb98c	cxxr/src/library/stats/src/init.c	19516e38809d553c3621c92b77b84bef0d04de2a	unchanged_cxxr_import
isomorphisms/ir	80134ccd43e6fa859772b4838c53ebac96a35b5c	cxxr/src/library/stats/src/integrate.c	a085ffbaff47db71c00d4553ac129553c1e25a41	isomorphisms/ir	9cf98334411d2294c0e39098f4487dbed2bdb98c	cxxr/src/library/stats/src/integrate.c	a085ffbaff47db71c00d4553ac129553c1e25a41	unchanged_cxxr_import
isomorphisms/ir	80134ccd43e6fa859772b4838c53ebac96a35b5c	cxxr/src/library/stats/src/isoreg.c	61957a230b889d29b9ab7bbe61ef1c8174a2f58b	isomorphisms/ir	9cf98334411d2294c0e39098f4487dbed2bdb98c	cxxr/src/library/stats/src/isoreg.c	61957a230b889d29b9ab7bbe61ef1c8174a2f58b	unchanged_cxxr_import
isomorphisms/ir	80134ccd43e6fa859772b4838c53ebac96a35b5c	cxxr/src/library/stats/src/kendall.c	b80da5a5bb20f003741ea906b5755e75d6c5e49e	isomorphisms/ir	9cf98334411d2294c0e39098f4487dbed2bdb98c	cxxr/src/library/stats/src/kendall.c	b80da5a5bb20f003741ea906b5755e75d6c5e49e	unchanged_cxxr_import
isomorphisms/ir	80134ccd43e6fa859772b4838c53ebac96a35b5c	cxxr/src/library/stats/src/kmeans.c	bf25fa0bd5f1c63e79a2b63207d64228ce030d2d	isomorphisms/ir	9cf98334411d2294c0e39098f4487dbed2bdb98c	cxxr/src/library/stats/src/kmeans.c	bf25fa0bd5f1c63e79a2b63207d64228ce030d2d	unchanged_cxxr_import
isomorphisms/ir	80134ccd43e6fa859772b4838c53ebac96a35b5c	cxxr/src/library/stats/src/ks.c	2275fcf4da412e95f1e718f81be3f9b7c6aeea83	isomorphisms/ir	9cf98334411d2294c0e39098f4487dbed2bdb98c	cxxr/src/library/stats/src/ks.c	2275fcf4da412e95f1e718f81be3f9b7c6aeea83	unchanged_cxxr_import
isomorphisms/ir	80134ccd43e6fa859772b4838c53ebac96a35b5c	cxxr/src/library/stats/src/ksmooth.c	d57b4a547641cd12ecd9ffa4fae0c398b9f8b7cc	isomorphisms/ir	9cf98334411d2294c0e39098f4487dbed2bdb98c	cxxr/src/library/stats/src/ksmooth.c	d57b4a547641cd12ecd9ffa4fae0c398b9f8b7cc	unchanged_cxxr_import
isomorphisms/ir	80134ccd43e6fa859772b4838c53ebac96a35b5c	cxxr/src/library/stats/src/line.c	b912a078248ad064be0eeb3e98dd35840359a9ed	isomorphisms/ir	9cf98334411d2294c0e39098f4487dbed2bdb98c	cxxr/src/library/stats/src/line.c	b912a078248ad064be0eeb3e98dd35840359a9ed	unchanged_cxxr_import
isomorphisms/ir	80134ccd43e6fa859772b4838c53ebac96a35b5c	cxxr/src/library/stats/src/lm.c	f98dd95bf5f1e928d20ccf6a36f00b613bc08f66	isomorphisms/ir	9cf98334411d2294c0e39098f4487dbed2bdb98c	cxxr/src/library/stats/src/lm.c	f98dd95bf5f1e928d20ccf6a36f00b613bc08f66	unchanged_cxxr_import
isomorphisms/ir	80134ccd43e6fa859772b4838c53ebac96a35b5c	cxxr/src/library/stats/src/loessc.c	fdf570d2d4689b29901c31b8cc93fa89f57eb26a	isomorphisms/ir	9cf98334411d2294c0e39098f4487dbed2bdb98c	cxxr/src/library/stats/src/loessc.c	fdf570d2d4689b29901c31b8cc93fa89f57eb26a	unchanged_cxxr_import
isomorphisms/ir	80134ccd43e6fa859772b4838c53ebac96a35b5c	cxxr/src/library/stats/src/loglin.c	dd04cc8cbf218d10250657d659fdc4d33516c0b5	isomorphisms/ir	9cf98334411d2294c0e39098f4487dbed2bdb98c	cxxr/src/library/stats/src/loglin.c	dd04cc8cbf218d10250657d659fdc4d33516c0b5	unchanged_cxxr_import
isomorphisms/ir	80134ccd43e6fa859772b4838c53ebac96a35b5c	cxxr/src/library/stats/src/lowess.c	bbacab7884343a7eec37b860fc3f8e19f19d2c66	isomorphisms/ir	9cf98334411d2294c0e39098f4487dbed2bdb98c	cxxr/src/library/stats/src/lowess.c	bbacab7884343a7eec37b860fc3f8e19f19d2c66	unchanged_cxxr_import
isomorphisms/ir	80134ccd43e6fa859772b4838c53ebac96a35b5c	cxxr/src/library/stats/src/mAR.c	9a1d3d2b10e8f8b6c4d70fb691453dc89c553c1a	isomorphisms/ir	9cf98334411d2294c0e39098f4487dbed2bdb98c	cxxr/src/library/stats/src/mAR.c	9a1d3d2b10e8f8b6c4d70fb691453dc89c553c1a	unchanged_cxxr_import
isomorphisms/ir	80134ccd43e6fa859772b4838c53ebac96a35b5c	cxxr/src/library/stats/src/massdist.c	01c790bdfbc3524b6851b86a98378e86219c7335	isomorphisms/ir	9cf98334411d2294c0e39098f4487dbed2bdb98c	cxxr/src/library/stats/src/massdist.c	01c790bdfbc3524b6851b86a98378e86219c7335	unchanged_cxxr_import
isomorphisms/ir	80134ccd43e6fa859772b4838c53ebac96a35b5c	cxxr/src/library/stats/src/modreg.h	403fdfcc68c6e940e19953eb423acf88aae1424d	isomorphisms/ir	9cf98334411d2294c0e39098f4487dbed2bdb98c	cxxr/src/library/stats/src/modreg.h	403fdfcc68c6e940e19953eb423acf88aae1424d	unchanged_cxxr_import
isomorphisms/ir	80134ccd43e6fa859772b4838c53ebac96a35b5c	cxxr/src/library/stats/src/monoSpl.c	ae3060106c7cad34363cce4d0fcfd9a036b64a05	isomorphisms/ir	9cf98334411d2294c0e39098f4487dbed2bdb98c	cxxr/src/library/stats/src/monoSpl.c	ae3060106c7cad34363cce4d0fcfd9a036b64a05	unchanged_cxxr_import
isomorphisms/ir	80134ccd43e6fa859772b4838c53ebac96a35b5c	cxxr/src/library/stats/src/nls.c	ad230bd4c7ebe2cf7da249bb0794a36bbf7be67d	isomorphisms/ir	9cf98334411d2294c0e39098f4487dbed2bdb98c	cxxr/src/library/stats/src/nls.c	ad230bd4c7ebe2cf7da249bb0794a36bbf7be67d	unchanged_cxxr_import
isomorphisms/ir	80134ccd43e6fa859772b4838c53ebac96a35b5c	cxxr/src/library/stats/src/nls.h	3a0c7f8eb22bd189c888798fc31b9529f33cf09c	isomorphisms/ir	9cf98334411d2294c0e39098f4487dbed2bdb98c	cxxr/src/library/stats/src/nls.h	3a0c7f8eb22bd189c888798fc31b9529f33cf09c	unchanged_cxxr_import
isomorphisms/ir	80134ccd43e6fa859772b4838c53ebac96a35b5c	cxxr/src/library/stats/src/nscor.c	c06de31f82ffb83897f53e261f85cf5bd1f293ce	isomorphisms/ir	9cf98334411d2294c0e39098f4487dbed2bdb98c	cxxr/src/library/stats/src/nscor.c	c06de31f82ffb83897f53e261f85cf5bd1f293ce	unchanged_cxxr_import
isomorphisms/ir	80134ccd43e6fa859772b4838c53ebac96a35b5c	cxxr/src/library/stats/src/optim.c	fd9e69f08bf67fc28658fd0be9f02cd07453cc8d	isomorphisms/ir	9cf98334411d2294c0e39098f4487dbed2bdb98c	cxxr/src/library/stats/src/optim.c	fd9e69f08bf67fc28658fd0be9f02cd07453cc8d	unchanged_cxxr_import
isomorphisms/ir	80134ccd43e6fa859772b4838c53ebac96a35b5c	cxxr/src/library/stats/src/optimize.c	b6a95a6777112566a0fcc80ce057425fd73fb3e7	isomorphisms/ir	9cf98334411d2294c0e39098f4487dbed2bdb98c	cxxr/src/library/stats/src/optimize.c	b6a95a6777112566a0fcc80ce057425fd73fb3e7	unchanged_cxxr_import
isomorphisms/ir	80134ccd43e6fa859772b4838c53ebac96a35b5c	cxxr/src/library/stats/src/pacf.c	6189fdc3b989e7182fc035d8b7976fc8fe0c578e	isomorphisms/ir	9cf98334411d2294c0e39098f4487dbed2bdb98c	cxxr/src/library/stats/src/pacf.c	6189fdc3b989e7182fc035d8b7976fc8fe0c578e	unchanged_cxxr_import
isomorphisms/ir	80134ccd43e6fa859772b4838c53ebac96a35b5c	cxxr/src/library/stats/src/port.c	afdbe681848f17fbd673a2408828da70ffa714ec	isomorphisms/ir	9cf98334411d2294c0e39098f4487dbed2bdb98c	cxxr/src/library/stats/src/port.c	afdbe681848f17fbd673a2408828da70ffa714ec	unchanged_cxxr_import
isomorphisms/ir	80134ccd43e6fa859772b4838c53ebac96a35b5c	cxxr/src/library/stats/src/port.h	3206cbbb74b51560cc03ba8627ba106e9c69ce5b	isomorphisms/ir	9cf98334411d2294c0e39098f4487dbed2bdb98c	cxxr/src/library/stats/src/port.h	3206cbbb74b51560cc03ba8627ba106e9c69ce5b	unchanged_cxxr_import
isomorphisms/ir	80134ccd43e6fa859772b4838c53ebac96a35b5c	cxxr/src/library/stats/src/PPsum.c	74548027049f07f69242ff23a9149b49d280b02c	isomorphisms/ir	9cf98334411d2294c0e39098f4487dbed2bdb98c	cxxr/src/library/stats/src/PPsum.c	74548027049f07f69242ff23a9149b49d280b02c	unchanged_cxxr_import
isomorphisms/ir	80134ccd43e6fa859772b4838c53ebac96a35b5c	cxxr/src/library/stats/src/prho.c	65a6a9b0d01862349e7868b8bb3a4b44eaa7c194	isomorphisms/ir	9cf98334411d2294c0e39098f4487dbed2bdb98c	cxxr/src/library/stats/src/prho.c	65a6a9b0d01862349e7868b8bb3a4b44eaa7c194	unchanged_cxxr_import
isomorphisms/ir	80134ccd43e6fa859772b4838c53ebac96a35b5c	cxxr/src/library/stats/src/random.c	1b7325103e3f77809178f1eb727fa43b85d73701	isomorphisms/ir	9cf98334411d2294c0e39098f4487dbed2bdb98c	cxxr/src/library/stats/src/random.c	1b7325103e3f77809178f1eb727fa43b85d73701	unchanged_cxxr_import
isomorphisms/ir	80134ccd43e6fa859772b4838c53ebac96a35b5c	cxxr/src/library/stats/src/rcont.c	d7371d8ef81bb77c27f94df1eb2b9fbcdb78b740	isomorphisms/ir	9cf98334411d2294c0e39098f4487dbed2bdb98c	cxxr/src/library/stats/src/rcont.c	d7371d8ef81bb77c27f94df1eb2b9fbcdb78b740	unchanged_cxxr_import
isomorphisms/ir	80134ccd43e6fa859772b4838c53ebac96a35b5c	cxxr/src/library/stats/src/rWishart.c	0e14e7c3b04337fc71bbe54f5475b760f63dc1e7	isomorphisms/ir	9cf98334411d2294c0e39098f4487dbed2bdb98c	cxxr/src/library/stats/src/rWishart.c	0e14e7c3b04337fc71bbe54f5475b760f63dc1e7	unchanged_cxxr_import
isomorphisms/ir	80134ccd43e6fa859772b4838c53ebac96a35b5c	cxxr/src/library/stats/src/sbart.c	f1419821c47a7bc296bceaa919fea75b88abcaa5	isomorphisms/ir	9cf98334411d2294c0e39098f4487dbed2bdb98c	cxxr/src/library/stats/src/sbart.c	f1419821c47a7bc296bceaa919fea75b88abcaa5	unchanged_cxxr_import
isomorphisms/ir	80134ccd43e6fa859772b4838c53ebac96a35b5c	cxxr/src/library/stats/src/smooth.c	cec481f0e97e44f3b224054a2aeedf434d4fe51c	isomorphisms/ir	9cf98334411d2294c0e39098f4487dbed2bdb98c	cxxr/src/library/stats/src/smooth.c	cec481f0e97e44f3b224054a2aeedf434d4fe51c	unchanged_cxxr_import
isomorphisms/ir	80134ccd43e6fa859772b4838c53ebac96a35b5c	cxxr/src/library/stats/src/splines.c	02cb85c2236c131d5356af9d3cefa8529c810409	isomorphisms/ir	9cf98334411d2294c0e39098f4487dbed2bdb98c	cxxr/src/library/stats/src/splines.c	02cb85c2236c131d5356af9d3cefa8529c810409	unchanged_cxxr_import
isomorphisms/ir	80134ccd43e6fa859772b4838c53ebac96a35b5c	cxxr/src/library/stats/src/Srunmed.c	0efdfe21df506779470ab6cf7f6019645aad32d5	isomorphisms/ir	9cf98334411d2294c0e39098f4487dbed2bdb98c	cxxr/src/library/stats/src/Srunmed.c	0efdfe21df506779470ab6cf7f6019645aad32d5	unchanged_cxxr_import
isomorphisms/ir	80134ccd43e6fa859772b4838c53ebac96a35b5c	cxxr/src/library/stats/src/starma.c	8c2ca7cb1e97a4c6faca90477c0ea6761b1b2020	isomorphisms/ir	9cf98334411d2294c0e39098f4487dbed2bdb98c	cxxr/src/library/stats/src/starma.c	8c2ca7cb1e97a4c6faca90477c0ea6761b1b2020	unchanged_cxxr_import
isomorphisms/ir	80134ccd43e6fa859772b4838c53ebac96a35b5c	cxxr/src/library/stats/src/stats-win.def	3a5be6671919cbe05f05c50cb6a589d45709bfb9	isomorphisms/ir	9cf98334411d2294c0e39098f4487dbed2bdb98c	cxxr/src/library/stats/src/stats-win.def	3a5be6671919cbe05f05c50cb6a589d45709bfb9	unchanged_cxxr_import
isomorphisms/ir	80134ccd43e6fa859772b4838c53ebac96a35b5c	cxxr/src/library/stats/src/stats.h	51ee15e0ea5f9bb41b51441944594c43026b7d3d	isomorphisms/ir	9cf98334411d2294c0e39098f4487dbed2bdb98c	cxxr/src/library/stats/src/stats.h	51ee15e0ea5f9bb41b51441944594c43026b7d3d	unchanged_cxxr_import
isomorphisms/ir	80134ccd43e6fa859772b4838c53ebac96a35b5c	cxxr/src/library/stats/src/statsR.h	0a7ac6cbf7d26905a6f36540b86a9782a5897da1	isomorphisms/ir	9cf98334411d2294c0e39098f4487dbed2bdb98c	cxxr/src/library/stats/src/statsR.h	0a7ac6cbf7d26905a6f36540b86a9782a5897da1	unchanged_cxxr_import
isomorphisms/ir	80134ccd43e6fa859772b4838c53ebac96a35b5c	cxxr/src/library/stats/src/swilk.c	263ee6058708c79db4ef0ee61327b96f32cccf14	isomorphisms/ir	9cf98334411d2294c0e39098f4487dbed2bdb98c	cxxr/src/library/stats/src/swilk.c	263ee6058708c79db4ef0ee61327b96f32cccf14	unchanged_cxxr_import
isomorphisms/ir	80134ccd43e6fa859772b4838c53ebac96a35b5c	cxxr/src/library/stats/src/Trunmed.c	efa326b2b543b8549b0667040e6eed4e6c3a042e	isomorphisms/ir	9cf98334411d2294c0e39098f4487dbed2bdb98c	cxxr/src/library/stats/src/Trunmed.c	efa326b2b543b8549b0667040e6eed4e6c3a042e	unchanged_cxxr_import
isomorphisms/ir	80134ccd43e6fa859772b4838c53ebac96a35b5c	cxxr/src/library/stats/src/ts.h	63603dfa29e06415e4d0eb31679f7e2172cfb497	isomorphisms/ir	9cf98334411d2294c0e39098f4487dbed2bdb98c	cxxr/src/library/stats/src/ts.h	63603dfa29e06415e4d0eb31679f7e2172cfb497	unchanged_cxxr_import
isomorphisms/ir	80134ccd43e6fa859772b4838c53ebac96a35b5c	cxxr/src/library/stats/src/zeroin.c	a3e8b15e3a2492c42add23ab3b2749ea17d3dd5a	isomorphisms/ir	9cf98334411d2294c0e39098f4487dbed2bdb98c	cxxr/src/library/stats/src/zeroin.c	a3e8b15e3a2492c42add23ab3b2749ea17d3dd5a	unchanged_cxxr_import
isomorphisms/ir	80134ccd43e6fa859772b4838c53ebac96a35b5c	cxxr/src/library/tcltk/src/init.c	c5a7453df3ab4ab522b7efaa6caee0e8355ec802	isomorphisms/ir	9cf98334411d2294c0e39098f4487dbed2bdb98c	cxxr/src/library/tcltk/src/init.c	c5a7453df3ab4ab522b7efaa6caee0e8355ec802	unchanged_cxxr_import
isomorphisms/ir	80134ccd43e6fa859772b4838c53ebac96a35b5c	cxxr/src/library/tcltk/src/tcltk_unix.c	d43d5489a531597e6e6f031a3f4652c348da9f0b	isomorphisms/ir	9cf98334411d2294c0e39098f4487dbed2bdb98c	cxxr/src/library/tcltk/src/tcltk_unix.c	d43d5489a531597e6e6f031a3f4652c348da9f0b	unchanged_cxxr_import
isomorphisms/ir	80134ccd43e6fa859772b4838c53ebac96a35b5c	cxxr/src/library/tcltk/src/tcltk_win.c	d47bab9bb0c27e72d832020777b89fe97bf10abd	isomorphisms/ir	9cf98334411d2294c0e39098f4487dbed2bdb98c	cxxr/src/library/tcltk/src/tcltk_win.c	d47bab9bb0c27e72d832020777b89fe97bf10abd	unchanged_cxxr_import
isomorphisms/ir	80134ccd43e6fa859772b4838c53ebac96a35b5c	cxxr/src/library/tcltk/src/tcltk.c	8634a67130f8a773b7a1c6b937d43d7974941082	isomorphisms/ir	9cf98334411d2294c0e39098f4487dbed2bdb98c	cxxr/src/library/tcltk/src/tcltk.c	8634a67130f8a773b7a1c6b937d43d7974941082	unchanged_cxxr_import
isomorphisms/ir	80134ccd43e6fa859772b4838c53ebac96a35b5c	cxxr/src/library/tcltk/src/tcltk.h	b21074fca310c067ddd045058edbc3ae3d082715	isomorphisms/ir	9cf98334411d2294c0e39098f4487dbed2bdb98c	cxxr/src/library/tcltk/src/tcltk.h	b21074fca310c067ddd045058edbc3ae3d082715	unchanged_cxxr_import
isomorphisms/ir	80134ccd43e6fa859772b4838c53ebac96a35b5c	cxxr/src/library/tools/src/getfmts.c	1791c8d96a92969c6dda46460639165c8552de20	isomorphisms/ir	9cf98334411d2294c0e39098f4487dbed2bdb98c	cxxr/src/library/tools/src/getfmts.c	1791c8d96a92969c6dda46460639165c8552de20	unchanged_cxxr_import
isomorphisms/ir	80134ccd43e6fa859772b4838c53ebac96a35b5c	cxxr/src/library/tools/src/gramLatex.c	d6e782ff603fd6f77031afc9c5b71a43fcee538b	isomorphisms/ir	9cf98334411d2294c0e39098f4487dbed2bdb98c	cxxr/src/library/tools/src/gramLatex.c	d6e782ff603fd6f77031afc9c5b71a43fcee538b	unchanged_cxxr_import
isomorphisms/ir	80134ccd43e6fa859772b4838c53ebac96a35b5c	cxxr/src/library/tools/src/gramLatex.y	69c51260760ab6042ea3e7f75fddcf696dacea59	isomorphisms/ir	9cf98334411d2294c0e39098f4487dbed2bdb98c	cxxr/src/library/tools/src/gramLatex.y	69c51260760ab6042ea3e7f75fddcf696dacea59	unchanged_cxxr_import
isomorphisms/ir	80134ccd43e6fa859772b4838c53ebac96a35b5c	cxxr/src/library/tools/src/gramRd.y	28e2b71785c002c2f40f92b6db9847096904ede2	isomorphisms/ir	9cf98334411d2294c0e39098f4487dbed2bdb98c	cxxr/src/library/tools/src/gramRd.y	28e2b71785c002c2f40f92b6db9847096904ede2	unchanged_cxxr_import
isomorphisms/ir	80134ccd43e6fa859772b4838c53ebac96a35b5c	cxxr/src/library/tools/src/http.c	92662e0285620ffa9fe33f3d484ad31d79a42ae9	isomorphisms/ir	9cf98334411d2294c0e39098f4487dbed2bdb98c	cxxr/src/library/tools/src/http.c	92662e0285620ffa9fe33f3d484ad31d79a42ae9	unchanged_cxxr_import
isomorphisms/ir	80134ccd43e6fa859772b4838c53ebac96a35b5c	cxxr/src/library/tools/src/init.c	6a5f2db957ba2269546cec800a811ddaca5f7051	isomorphisms/ir	9cf98334411d2294c0e39098f4487dbed2bdb98c	cxxr/src/library/tools/src/init.c	6a5f2db957ba2269546cec800a811ddaca5f7051	unchanged_cxxr_import
isomorphisms/ir	80134ccd43e6fa859772b4838c53ebac96a35b5c	cxxr/src/library/tools/src/install.c	dec1b3acc476ab3204c622af78959de5cb78f43e	isomorphisms/ir	9cf98334411d2294c0e39098f4487dbed2bdb98c	cxxr/src/library/tools/src/install.c	dec1b3acc476ab3204c622af78959de5cb78f43e	unchanged_cxxr_import
isomorphisms/ir	80134ccd43e6fa859772b4838c53ebac96a35b5c	cxxr/src/library/tools/src/md5.c	f1e0c90f4c947bfa6e565f222fa31501e4599a81	isomorphisms/ir	9cf98334411d2294c0e39098f4487dbed2bdb98c	cxxr/src/library/tools/src/md5.c	f1e0c90f4c947bfa6e565f222fa31501e4599a81	unchanged_cxxr_import
isomorphisms/ir	80134ccd43e6fa859772b4838c53ebac96a35b5c	cxxr/src/library/tools/src/md5.h	82fa4b45ace5bc56df1d8c26ba12dc66b650df3c	isomorphisms/ir	9cf98334411d2294c0e39098f4487dbed2bdb98c	cxxr/src/library/tools/src/md5.h	82fa4b45ace5bc56df1d8c26ba12dc66b650df3c	unchanged_cxxr_import
isomorphisms/ir	80134ccd43e6fa859772b4838c53ebac96a35b5c	cxxr/src/library/tools/src/Rmd5.c	2760a108c239f1a872af6a9f53973c6937f54215	isomorphisms/ir	9cf98334411d2294c0e39098f4487dbed2bdb98c	cxxr/src/library/tools/src/Rmd5.c	2760a108c239f1a872af6a9f53973c6937f54215	unchanged_cxxr_import
isomorphisms/ir	80134ccd43e6fa859772b4838c53ebac96a35b5c	cxxr/src/library/tools/src/signals.c	c0909214793caca27b3181b3507993e35a80949b	isomorphisms/ir	9cf98334411d2294c0e39098f4487dbed2bdb98c	cxxr/src/library/tools/src/signals.c	c0909214793caca27b3181b3507993e35a80949b	unchanged_cxxr_import
isomorphisms/ir	80134ccd43e6fa859772b4838c53ebac96a35b5c	cxxr/src/library/tools/src/text.c	111cfa15ffcc0eda216ba92b01bfe27054c7572a	isomorphisms/ir	9cf98334411d2294c0e39098f4487dbed2bdb98c	cxxr/src/library/tools/src/text.c	111cfa15ffcc0eda216ba92b01bfe27054c7572a	unchanged_cxxr_import
isomorphisms/ir	80134ccd43e6fa859772b4838c53ebac96a35b5c	cxxr/src/library/tools/src/tools.h	fcb21d796c4f13a2b2206da9010b6ca3e40fe743	isomorphisms/ir	9cf98334411d2294c0e39098f4487dbed2bdb98c	cxxr/src/library/tools/src/tools.h	fcb21d796c4f13a2b2206da9010b6ca3e40fe743	unchanged_cxxr_import
isomorphisms/ir	80134ccd43e6fa859772b4838c53ebac96a35b5c	cxxr/src/library/utils/src/init.c	4a1bc07951c855a9bf7f54bd06a3174f4dcaa7b5	isomorphisms/ir	9cf98334411d2294c0e39098f4487dbed2bdb98c	cxxr/src/library/utils/src/init.c	4a1bc07951c855a9bf7f54bd06a3174f4dcaa7b5	unchanged_cxxr_import
isomorphisms/ir	80134ccd43e6fa859772b4838c53ebac96a35b5c	cxxr/src/library/utils/src/sock.c	d95f440e26eb9f62839123e547fa2f63cdda10b9	isomorphisms/ir	9cf98334411d2294c0e39098f4487dbed2bdb98c	cxxr/src/library/utils/src/sock.c	d95f440e26eb9f62839123e547fa2f63cdda10b9	unchanged_cxxr_import
isomorphisms/ir	80134ccd43e6fa859772b4838c53ebac96a35b5c	cxxr/src/library/utils/src/stubs.c	a0400c647f29f9fa12c7f53d47780f40a9b63a7a	isomorphisms/ir	9cf98334411d2294c0e39098f4487dbed2bdb98c	cxxr/src/library/utils/src/stubs.c	a0400c647f29f9fa12c7f53d47780f40a9b63a7a	unchanged_cxxr_import
isomorphisms/ir	80134ccd43e6fa859772b4838c53ebac96a35b5c	cxxr/src/library/utils/src/utils.c	eedae2f37e664aac67cb4118bf94f407f4a16139	isomorphisms/ir	9cf98334411d2294c0e39098f4487dbed2bdb98c	cxxr/src/library/utils/src/utils.c	eedae2f37e664aac67cb4118bf94f407f4a16139	unchanged_cxxr_import
isomorphisms/ir	80134ccd43e6fa859772b4838c53ebac96a35b5c	cxxr/src/library/utils/src/utils.h	d46db52e98c359d9b52edcc34019979ca4fbd0c5	isomorphisms/ir	9cf98334411d2294c0e39098f4487dbed2bdb98c	cxxr/src/library/utils/src/utils.h	d46db52e98c359d9b52edcc34019979ca4fbd0c5	unchanged_cxxr_import
isomorphisms/ir	80134ccd43e6fa859772b4838c53ebac96a35b5c	cxxr/src/library/utils/src/windows/dataentry.c	d2e71d11bae49bd769cacf69cd31214d52c47cde	isomorphisms/ir	9cf98334411d2294c0e39098f4487dbed2bdb98c	cxxr/src/library/utils/src/windows/dataentry.c	d2e71d11bae49bd769cacf69cd31214d52c47cde	unchanged_cxxr_import
isomorphisms/ir	80134ccd43e6fa859772b4838c53ebac96a35b5c	cxxr/src/library/utils/src/windows/dialogs.c	41d90083b047907a7c964ea99ad59a24f1accee1	isomorphisms/ir	9cf98334411d2294c0e39098f4487dbed2bdb98c	cxxr/src/library/utils/src/windows/dialogs.c	41d90083b047907a7c964ea99ad59a24f1accee1	unchanged_cxxr_import
isomorphisms/ir	80134ccd43e6fa859772b4838c53ebac96a35b5c	cxxr/src/library/utils/src/windows/registry.c	a184c77f89a351f3aa21928f429ba408d5d53fde	isomorphisms/ir	9cf98334411d2294c0e39098f4487dbed2bdb98c	cxxr/src/library/utils/src/windows/registry.c	a184c77f89a351f3aa21928f429ba408d5d53fde	unchanged_cxxr_import
isomorphisms/ir	80134ccd43e6fa859772b4838c53ebac96a35b5c	cxxr/src/library/utils/src/windows/util.c	872b6fd4730c96d95ce40880f9669855c580c518	isomorphisms/ir	9cf98334411d2294c0e39098f4487dbed2bdb98c	cxxr/src/library/utils/src/windows/util.c	872b6fd4730c96d95ce40880f9669855c580c518	unchanged_cxxr_import
isomorphisms/ir	80134ccd43e6fa859772b4838c53ebac96a35b5c	cxxr/src/library/utils/src/windows/widgets.c	8e6e56f5f5371b8e75848dca7a5844cc8f7fbac0	isomorphisms/ir	9cf98334411d2294c0e39098f4487dbed2bdb98c	cxxr/src/library/utils/src/windows/widgets.c	8e6e56f5f5371b8e75848dca7a5844cc8f7fbac0	unchanged_cxxr_import
isomorphisms/ir	80134ccd43e6fa859772b4838c53ebac96a35b5c	cxxr/src/main/arithmetic.h	31153b5fcdc1cbf2709d715aa8047bf42231721f	isomorphisms/ir	9cf98334411d2294c0e39098f4487dbed2bdb98c	cxxr/src/main/arithmetic.h	31153b5fcdc1cbf2709d715aa8047bf42231721f	unchanged_cxxr_import
isomorphisms/ir	80134ccd43e6fa859772b4838c53ebac96a35b5c	cxxr/src/main/basedecl.h	d7db6ea5bd64adcf6bcc513b8d462a306b23fc9b	isomorphisms/ir	9cf98334411d2294c0e39098f4487dbed2bdb98c	cxxr/src/main/basedecl.h	d7db6ea5bd64adcf6bcc513b8d462a306b23fc9b	unchanged_cxxr_import
isomorphisms/ir	80134ccd43e6fa859772b4838c53ebac96a35b5c	cxxr/src/main/complex.c	f61c329ed7d6d56210750d3713a4a50ba48dd3dc	isomorphisms/ir	9cf98334411d2294c0e39098f4487dbed2bdb98c	cxxr/src/main/complex.c	f61c329ed7d6d56210750d3713a4a50ba48dd3dc	unchanged_cxxr_import
isomorphisms/ir	80134ccd43e6fa859772b4838c53ebac96a35b5c	cxxr/src/main/contour-common.h	9c3d510a8a0d98c2f8ca267691a5d7ccc91e6acf	isomorphisms/ir	9cf98334411d2294c0e39098f4487dbed2bdb98c	cxxr/src/main/contour-common.h	9c3d510a8a0d98c2f8ca267691a5d7ccc91e6acf	unchanged_cxxr_import
isomorphisms/ir	80134ccd43e6fa859772b4838c53ebac96a35b5c	cxxr/src/main/datetime.h	71b071e3459a6e3bd87d8ad7b2b629bd94c70a15	isomorphisms/ir	9cf98334411d2294c0e39098f4487dbed2bdb98c	cxxr/src/main/datetime.h	71b071e3459a6e3bd87d8ad7b2b629bd94c70a15	unchanged_cxxr_import
isomorphisms/ir	80134ccd43e6fa859772b4838c53ebac96a35b5c	cxxr/src/main/duplicate.h	918a6d97153dd1cfae3145379cb4a80ac489df0b	isomorphisms/ir	9cf98334411d2294c0e39098f4487dbed2bdb98c	cxxr/src/main/duplicate.h	918a6d97153dd1cfae3145379cb4a80ac489df0b	unchanged_cxxr_import
isomorphisms/ir	80134ccd43e6fa859772b4838c53ebac96a35b5c	cxxr/src/main/g_alab_her.c	e39e3fb8fbfa9e6d82c8d78e87f051eaf7e625c0	isomorphisms/ir	9cf98334411d2294c0e39098f4487dbed2bdb98c	cxxr/src/main/g_alab_her.c	e39e3fb8fbfa9e6d82c8d78e87f051eaf7e625c0	unchanged_cxxr_import
isomorphisms/ir	80134ccd43e6fa859772b4838c53ebac96a35b5c	cxxr/src/main/g_cntrlify.c	73aa22cb379dd0eed18d9f1b3e97e7388bec4398	isomorphisms/ir	9cf98334411d2294c0e39098f4487dbed2bdb98c	cxxr/src/main/g_cntrlify.c	73aa22cb379dd0eed18d9f1b3e97e7388bec4398	unchanged_cxxr_import
isomorphisms/ir	80134ccd43e6fa859772b4838c53ebac96a35b5c	cxxr/src/main/g_cntrlify.h	fca72f59c59693f53e5378d813dbbeec53283323	isomorphisms/ir	9cf98334411d2294c0e39098f4487dbed2bdb98c	cxxr/src/main/g_cntrlify.h	fca72f59c59693f53e5378d813dbbeec53283323	unchanged_cxxr_import
isomorphisms/ir	80134ccd43e6fa859772b4838c53ebac96a35b5c	cxxr/src/main/g_control.h	23f51acee7b83d62740b2c8d20142ba71e879f21	isomorphisms/ir	9cf98334411d2294c0e39098f4487dbed2bdb98c	cxxr/src/main/g_control.h	23f51acee7b83d62740b2c8d20142ba71e879f21	unchanged_cxxr_import
isomorphisms/ir	80134ccd43e6fa859772b4838c53ebac96a35b5c	cxxr/src/main/g_extern.h	c66bcfd8761f6096771ecbc358e83409b1269052	isomorphisms/ir	9cf98334411d2294c0e39098f4487dbed2bdb98c	cxxr/src/main/g_extern.h	c66bcfd8761f6096771ecbc358e83409b1269052	unchanged_cxxr_import
isomorphisms/ir	80134ccd43e6fa859772b4838c53ebac96a35b5c	cxxr/src/main/g_fontdb.c	2f361d32b20676ddcf90b8a8a785a125519e0c02	isomorphisms/ir	9cf98334411d2294c0e39098f4487dbed2bdb98c	cxxr/src/main/g_fontdb.c	2f361d32b20676ddcf90b8a8a785a125519e0c02	unchanged_cxxr_import
isomorphisms/ir	80134ccd43e6fa859772b4838c53ebac96a35b5c	cxxr/src/main/g_her_glyph.c	e05d0195e12b592f1d6f3e06aad5a500ebd2a0e6	isomorphisms/ir	9cf98334411d2294c0e39098f4487dbed2bdb98c	cxxr/src/main/g_her_glyph.c	e05d0195e12b592f1d6f3e06aad5a500ebd2a0e6	unchanged_cxxr_import
isomorphisms/ir	80134ccd43e6fa859772b4838c53ebac96a35b5c	cxxr/src/main/g_her_metr.h	cda4f622fdbf2f9eaf772df893aa43e270f69486	isomorphisms/ir	9cf98334411d2294c0e39098f4487dbed2bdb98c	cxxr/src/main/g_her_metr.h	cda4f622fdbf2f9eaf772df893aa43e270f69486	unchanged_cxxr_import
isomorphisms/ir	80134ccd43e6fa859772b4838c53ebac96a35b5c	cxxr/src/main/g_jis.h	6564f1554ec01361d904f7ce5afde441cc14a1b0	isomorphisms/ir	9cf98334411d2294c0e39098f4487dbed2bdb98c	cxxr/src/main/g_jis.h	6564f1554ec01361d904f7ce5afde441cc14a1b0	unchanged_cxxr_import
isomorphisms/ir	80134ccd43e6fa859772b4838c53ebac96a35b5c	cxxr/src/main/gram.y	d6f0d65bde88c6fb7b51e78e1746ef96a3681a17	isomorphisms/ir	9cf98334411d2294c0e39098f4487dbed2bdb98c	cxxr/src/main/gram.y	d6f0d65bde88c6fb7b51e78e1746ef96a3681a17	unchanged_cxxr_import
isomorphisms/ir	80134ccd43e6fa859772b4838c53ebac96a35b5c	cxxr/src/main/gzio.h	62646be4074845d12186bce36632b3d34da5eb18	isomorphisms/ir	9cf98334411d2294c0e39098f4487dbed2bdb98c	cxxr/src/main/gzio.h	62646be4074845d12186bce36632b3d34da5eb18	unchanged_cxxr_import
isomorphisms/ir	80134ccd43e6fa859772b4838c53ebac96a35b5c	cxxr/src/main/inlined.c	661e4409ce5cad1a2eb854ec8f0ea005916648be	isomorphisms/ir	9cf98334411d2294c0e39098f4487dbed2bdb98c	cxxr/src/main/inlined.c	661e4409ce5cad1a2eb854ec8f0ea005916648be	unchanged_cxxr_import
isomorphisms/ir	80134ccd43e6fa859772b4838c53ebac96a35b5c	cxxr/src/main/radixsort.c	468caf29b45b387524905a134351e0fd0bdd32c1	isomorphisms/ir	9cf98334411d2294c0e39098f4487dbed2bdb98c	cxxr/src/main/radixsort.c	468caf29b45b387524905a134351e0fd0bdd32c1	unchanged_cxxr_import
isomorphisms/ir	80134ccd43e6fa859772b4838c53ebac96a35b5c	cxxr/src/main/RBufferUtils.h	1614fe8a71292349387ace449b3a9d36caba6dc5	isomorphisms/ir	9cf98334411d2294c0e39098f4487dbed2bdb98c	cxxr/src/main/RBufferUtils.h	1614fe8a71292349387ace449b3a9d36caba6dc5	unchanged_cxxr_import
isomorphisms/ir	80134ccd43e6fa859772b4838c53ebac96a35b5c	cxxr/src/main/Rcomplex.h	3ad4e37faee92552acdda19803776092593c8e1d	isomorphisms/ir	9cf98334411d2294c0e39098f4487dbed2bdb98c	cxxr/src/main/Rcomplex.h	3ad4e37faee92552acdda19803776092593c8e1d	unchanged_cxxr_import
isomorphisms/ir	80134ccd43e6fa859772b4838c53ebac96a35b5c	cxxr/src/main/rlocale_data.h	f8a685577526c0f366e552287821642493ece0b1	isomorphisms/ir	9cf98334411d2294c0e39098f4487dbed2bdb98c	cxxr/src/main/rlocale_data.h	f8a685577526c0f366e552287821642493ece0b1	unchanged_cxxr_import
isomorphisms/ir	80134ccd43e6fa859772b4838c53ebac96a35b5c	cxxr/src/main/Rstrptime.h	8a680d2f60b0f42905f830bcb49b8aae973f63a5	isomorphisms/ir	9cf98334411d2294c0e39098f4487dbed2bdb98c	cxxr/src/main/Rstrptime.h	8a680d2f60b0f42905f830bcb49b8aae973f63a5	unchanged_cxxr_import
isomorphisms/ir	80134ccd43e6fa859772b4838c53ebac96a35b5c	cxxr/src/main/unzip.h	15f8e039680f79a9071219e013b1d43a0d774872	isomorphisms/ir	9cf98334411d2294c0e39098f4487dbed2bdb98c	cxxr/src/main/unzip.h	15f8e039680f79a9071219e013b1d43a0d774872	unchanged_cxxr_import
isomorphisms/ir	80134ccd43e6fa859772b4838c53ebac96a35b5c	cxxr/src/main/valid_utf8.h	f4a799e5844bb089a65b16f4142a6828db584b54	isomorphisms/ir	9cf98334411d2294c0e39098f4487dbed2bdb98c	cxxr/src/main/valid_utf8.h	f4a799e5844bb089a65b16f4142a6828db584b54	unchanged_cxxr_import
isomorphisms/ir	80134ccd43e6fa859772b4838c53ebac96a35b5c	cxxr/src/modules/internet/libcurl.c	0ff6e8e21105d00286b015b6d05e1b3d5dd2afbd	isomorphisms/ir	9cf98334411d2294c0e39098f4487dbed2bdb98c	cxxr/src/modules/internet/libcurl.c	0ff6e8e21105d00286b015b6d05e1b3d5dd2afbd	unchanged_cxxr_import
isomorphisms/ir	80134ccd43e6fa859772b4838c53ebac96a35b5c	cxxr/src/modules/internet/nanoftp.c	68fbcbb7a77bb76c294b49bfbd9ab9940a7db7f1	isomorphisms/ir	9cf98334411d2294c0e39098f4487dbed2bdb98c	cxxr/src/modules/internet/nanoftp.c	68fbcbb7a77bb76c294b49bfbd9ab9940a7db7f1	unchanged_cxxr_import
isomorphisms/ir	80134ccd43e6fa859772b4838c53ebac96a35b5c	cxxr/src/modules/internet/nanohttp.c	64f878b2ac8b103bf14739d3b957a718f9ba0d29	isomorphisms/ir	9cf98334411d2294c0e39098f4487dbed2bdb98c	cxxr/src/modules/internet/nanohttp.c	64f878b2ac8b103bf14739d3b957a718f9ba0d29	unchanged_cxxr_import
isomorphisms/ir	80134ccd43e6fa859772b4838c53ebac96a35b5c	cxxr/src/modules/internet/Rhttpd.c	3b18b03e9cbc0f29df3a4d9e0d88e476e4fd6639	isomorphisms/ir	9cf98334411d2294c0e39098f4487dbed2bdb98c	cxxr/src/modules/internet/Rhttpd.c	3b18b03e9cbc0f29df3a4d9e0d88e476e4fd6639	unchanged_cxxr_import
isomorphisms/ir	80134ccd43e6fa859772b4838c53ebac96a35b5c	cxxr/src/modules/internet/Rsock.c	e8fea709c046e6b464b83b62ff960f4b42aa4bd2	isomorphisms/ir	9cf98334411d2294c0e39098f4487dbed2bdb98c	cxxr/src/modules/internet/Rsock.c	e8fea709c046e6b464b83b62ff960f4b42aa4bd2	unchanged_cxxr_import
isomorphisms/ir	80134ccd43e6fa859772b4838c53ebac96a35b5c	cxxr/src/modules/internet/sock.c	8ee7df751875e415269fc4059655035dca8350fe	isomorphisms/ir	9cf98334411d2294c0e39098f4487dbed2bdb98c	cxxr/src/modules/internet/sock.c	8ee7df751875e415269fc4059655035dca8350fe	unchanged_cxxr_import
isomorphisms/ir	80134ccd43e6fa859772b4838c53ebac96a35b5c	cxxr/src/modules/internet/sock.h	4489565a30a742589e0e5fbd3eba68709a62138c	isomorphisms/ir	9cf98334411d2294c0e39098f4487dbed2bdb98c	cxxr/src/modules/internet/sock.h	4489565a30a742589e0e5fbd3eba68709a62138c	unchanged_cxxr_import
isomorphisms/ir	80134ccd43e6fa859772b4838c53ebac96a35b5c	cxxr/src/modules/lapack/init_win.c	1f46163149f40418c09ad0da6a6be9ca0a2839f9	isomorphisms/ir	9cf98334411d2294c0e39098f4487dbed2bdb98c	cxxr/src/modules/lapack/init_win.c	1f46163149f40418c09ad0da6a6be9ca0a2839f9	unchanged_cxxr_import
isomorphisms/ir	80134ccd43e6fa859772b4838c53ebac96a35b5c	cxxr/src/modules/lapack/Lapack.c	db3c45c2c8809cd2570b2b91a46504d091045c00	isomorphisms/ir	9cf98334411d2294c0e39098f4487dbed2bdb98c	cxxr/src/modules/lapack/Lapack.c	db3c45c2c8809cd2570b2b91a46504d091045c00	unchanged_cxxr_import
isomorphisms/ir	80134ccd43e6fa859772b4838c53ebac96a35b5c	cxxr/src/modules/lapack/Lapack.h	fb338dcb5d27e37ef096ceed7edfe794c30cce71	isomorphisms/ir	9cf98334411d2294c0e39098f4487dbed2bdb98c	cxxr/src/modules/lapack/Lapack.h	fb338dcb5d27e37ef096ceed7edfe794c30cce71	unchanged_cxxr_import
isomorphisms/ir	80134ccd43e6fa859772b4838c53ebac96a35b5c	cxxr/src/modules/lapack/vecLibg95c.c	c74103ee0e9ce412436897e5d65042dfbcd55929	isomorphisms/ir	9cf98334411d2294c0e39098f4487dbed2bdb98c	cxxr/src/modules/lapack/vecLibg95c.c	c74103ee0e9ce412436897e5d65042dfbcd55929	unchanged_cxxr_import
isomorphisms/ir	80134ccd43e6fa859772b4838c53ebac96a35b5c	cxxr/src/modules/X11/bitmap.h	9c9b68c089eede0f8bfa35bb4f73073a5cfeb430	isomorphisms/ir	9cf98334411d2294c0e39098f4487dbed2bdb98c	cxxr/src/modules/X11/bitmap.h	9c9b68c089eede0f8bfa35bb4f73073a5cfeb430	unchanged_cxxr_import
isomorphisms/ir	80134ccd43e6fa859772b4838c53ebac96a35b5c	cxxr/src/modules/X11/devX11.c	abb6159940b8bc5b5a450e7f51537ddf99bd9093	isomorphisms/ir	9cf98334411d2294c0e39098f4487dbed2bdb98c	cxxr/src/modules/X11/devX11.c	abb6159940b8bc5b5a450e7f51537ddf99bd9093	unchanged_cxxr_import
isomorphisms/ir	80134ccd43e6fa859772b4838c53ebac96a35b5c	cxxr/src/modules/X11/devX11.h	890bf956f51bbb66758f48cae1cc36931d293c9f	isomorphisms/ir	9cf98334411d2294c0e39098f4487dbed2bdb98c	cxxr/src/modules/X11/devX11.h	890bf956f51bbb66758f48cae1cc36931d293c9f	unchanged_cxxr_import
isomorphisms/ir	80134ccd43e6fa859772b4838c53ebac96a35b5c	cxxr/src/modules/X11/rbitmap.c	5e43cb260014b0ced37aa8c152046d7cf75fcb98	isomorphisms/ir	9cf98334411d2294c0e39098f4487dbed2bdb98c	cxxr/src/modules/X11/rbitmap.c	5e43cb260014b0ced37aa8c152046d7cf75fcb98	unchanged_cxxr_import
isomorphisms/ir	80134ccd43e6fa859772b4838c53ebac96a35b5c	cxxr/src/modules/X11/rlogo_icon.h	726ef198d0bf26da014d278fbf0b338032830704	isomorphisms/ir	9cf98334411d2294c0e39098f4487dbed2bdb98c	cxxr/src/modules/X11/rlogo_icon.h	726ef198d0bf26da014d278fbf0b338032830704	unchanged_cxxr_import
isomorphisms/ir	80134ccd43e6fa859772b4838c53ebac96a35b5c	cxxr/src/modules/X11/rotated.c	f1f5dde2dc0009cdb39e0cf2565351549b53d7cd	isomorphisms/ir	9cf98334411d2294c0e39098f4487dbed2bdb98c	cxxr/src/modules/X11/rotated.c	f1f5dde2dc0009cdb39e0cf2565351549b53d7cd	unchanged_cxxr_import
isomorphisms/ir	80134ccd43e6fa859772b4838c53ebac96a35b5c	cxxr/src/modules/X11/rotated.h	f13f9cf8d2a524c40e7ca3a8a009d64c486f4ff6	isomorphisms/ir	9cf98334411d2294c0e39098f4487dbed2bdb98c	cxxr/src/modules/X11/rotated.h	f13f9cf8d2a524c40e7ca3a8a009d64c486f4ff6	unchanged_cxxr_import
isomorphisms/ir	80134ccd43e6fa859772b4838c53ebac96a35b5c	cxxr/src/nmath/bd0.c	38e8078ef741ca973a8cd19b3ba0ce23cc421736	isomorphisms/ir	9cf98334411d2294c0e39098f4487dbed2bdb98c	cxxr/src/nmath/bd0.c	38e8078ef741ca973a8cd19b3ba0ce23cc421736	unchanged_cxxr_import
isomorphisms/ir	80134ccd43e6fa859772b4838c53ebac96a35b5c	cxxr/src/nmath/bessel_i.c	75e4e1583d82031e2602b923153566ba9017653f	isomorphisms/ir	9cf98334411d2294c0e39098f4487dbed2bdb98c	cxxr/src/nmath/bessel_i.c	75e4e1583d82031e2602b923153566ba9017653f	unchanged_cxxr_import
isomorphisms/ir	80134ccd43e6fa859772b4838c53ebac96a35b5c	cxxr/src/nmath/bessel_j.c	c61ce273928104ffb9341226e70798f4c1dc2204	isomorphisms/ir	9cf98334411d2294c0e39098f4487dbed2bdb98c	cxxr/src/nmath/bessel_j.c	c61ce273928104ffb9341226e70798f4c1dc2204	unchanged_cxxr_import
isomorphisms/ir	80134ccd43e6fa859772b4838c53ebac96a35b5c	cxxr/src/nmath/bessel_k.c	234ab74c0adc8a73e03d07855f3d1eced387fa64	isomorphisms/ir	9cf98334411d2294c0e39098f4487dbed2bdb98c	cxxr/src/nmath/bessel_k.c	234ab74c0adc8a73e03d07855f3d1eced387fa64	unchanged_cxxr_import
isomorphisms/ir	80134ccd43e6fa859772b4838c53ebac96a35b5c	cxxr/src/nmath/bessel_y.c	1dcd21f190cd8dd4c1fd1d7de5661165c13acae8	isomorphisms/ir	9cf98334411d2294c0e39098f4487dbed2bdb98c	cxxr/src/nmath/bessel_y.c	1dcd21f190cd8dd4c1fd1d7de5661165c13acae8	unchanged_cxxr_import
isomorphisms/ir	80134ccd43e6fa859772b4838c53ebac96a35b5c	cxxr/src/nmath/bessel.h	a5b0c8023aea0fb000b095d19a17d6b53d995134	isomorphisms/ir	9cf98334411d2294c0e39098f4487dbed2bdb98c	cxxr/src/nmath/bessel.h	a5b0c8023aea0fb000b095d19a17d6b53d995134	unchanged_cxxr_import
isomorphisms/ir	80134ccd43e6fa859772b4838c53ebac96a35b5c	cxxr/src/nmath/beta.c	dc1e7f604a467b9e1c2fdb90c13e602bbf55318b	isomorphisms/ir	9cf98334411d2294c0e39098f4487dbed2bdb98c	cxxr/src/nmath/beta.c	dc1e7f604a467b9e1c2fdb90c13e602bbf55318b	unchanged_cxxr_import
isomorphisms/ir	80134ccd43e6fa859772b4838c53ebac96a35b5c	cxxr/src/nmath/chebyshev.c	63a1ba107d352cfdf35c3db723b077bb356a383a	isomorphisms/ir	9cf98334411d2294c0e39098f4487dbed2bdb98c	cxxr/src/nmath/chebyshev.c	63a1ba107d352cfdf35c3db723b077bb356a383a	unchanged_cxxr_import
isomorphisms/ir	80134ccd43e6fa859772b4838c53ebac96a35b5c	cxxr/src/nmath/choose.c	ad48ca3ac3f0ccbc69e7799e14f69b2ebff0adcb	isomorphisms/ir	9cf98334411d2294c0e39098f4487dbed2bdb98c	cxxr/src/nmath/choose.c	ad48ca3ac3f0ccbc69e7799e14f69b2ebff0adcb	unchanged_cxxr_import
isomorphisms/ir	80134ccd43e6fa859772b4838c53ebac96a35b5c	cxxr/src/nmath/cospi.c	d70e45112f1efcdec599dbf525be03b56bdc5c31	isomorphisms/ir	9cf98334411d2294c0e39098f4487dbed2bdb98c	cxxr/src/nmath/cospi.c	d70e45112f1efcdec599dbf525be03b56bdc5c31	unchanged_cxxr_import
isomorphisms/ir	80134ccd43e6fa859772b4838c53ebac96a35b5c	cxxr/src/nmath/d1mach.c	5d31bca737a2e18180d3f41d75cb1faa657e7e3a	isomorphisms/ir	9cf98334411d2294c0e39098f4487dbed2bdb98c	cxxr/src/nmath/d1mach.c	5d31bca737a2e18180d3f41d75cb1faa657e7e3a	unchanged_cxxr_import
isomorphisms/ir	80134ccd43e6fa859772b4838c53ebac96a35b5c	cxxr/src/nmath/dbeta.c	3c5bbdd6b4472f3d830f6c488b85efee61f6d986	isomorphisms/ir	9cf98334411d2294c0e39098f4487dbed2bdb98c	cxxr/src/nmath/dbeta.c	3c5bbdd6b4472f3d830f6c488b85efee61f6d986	unchanged_cxxr_import
isomorphisms/ir	80134ccd43e6fa859772b4838c53ebac96a35b5c	cxxr/src/nmath/dbinom.c	f734bde53225650c0276625efd1515728633959a	isomorphisms/ir	9cf98334411d2294c0e39098f4487dbed2bdb98c	cxxr/src/nmath/dbinom.c	f734bde53225650c0276625efd1515728633959a	unchanged_cxxr_import
isomorphisms/ir	80134ccd43e6fa859772b4838c53ebac96a35b5c	cxxr/src/nmath/dcauchy.c	d1249b58d6a52cab6f6f1c61bb1c2a9e51c2c30d	isomorphisms/ir	9cf98334411d2294c0e39098f4487dbed2bdb98c	cxxr/src/nmath/dcauchy.c	d1249b58d6a52cab6f6f1c61bb1c2a9e51c2c30d	unchanged_cxxr_import
isomorphisms/ir	80134ccd43e6fa859772b4838c53ebac96a35b5c	cxxr/src/nmath/dchisq.c	040e7c805f6b60d25085caa05efb5c4462f0d797	isomorphisms/ir	9cf98334411d2294c0e39098f4487dbed2bdb98c	cxxr/src/nmath/dchisq.c	040e7c805f6b60d25085caa05efb5c4462f0d797	unchanged_cxxr_import
isomorphisms/ir	80134ccd43e6fa859772b4838c53ebac96a35b5c	cxxr/src/nmath/dexp.c	de0b0f8977df75ec4aeb2032467a8ae651e1efc8	isomorphisms/ir	9cf98334411d2294c0e39098f4487dbed2bdb98c	cxxr/src/nmath/dexp.c	de0b0f8977df75ec4aeb2032467a8ae651e1efc8	unchanged_cxxr_import
isomorphisms/ir	80134ccd43e6fa859772b4838c53ebac96a35b5c	cxxr/src/nmath/df.c	b4665675463db2aabe1c0a8c8e4aaaa7c485e2b8	isomorphisms/ir	9cf98334411d2294c0e39098f4487dbed2bdb98c	cxxr/src/nmath/df.c	b4665675463db2aabe1c0a8c8e4aaaa7c485e2b8	unchanged_cxxr_import
isomorphisms/ir	80134ccd43e6fa859772b4838c53ebac96a35b5c	cxxr/src/nmath/dgamma.c	4ee2e833f55e3bcc30878d530a96e80d15b20027	isomorphisms/ir	9cf98334411d2294c0e39098f4487dbed2bdb98c	cxxr/src/nmath/dgamma.c	4ee2e833f55e3bcc30878d530a96e80d15b20027	unchanged_cxxr_import
isomorphisms/ir	80134ccd43e6fa859772b4838c53ebac96a35b5c	cxxr/src/nmath/dgeom.c	574a966c078101db54b6ec3881156a6c7133bf9e	isomorphisms/ir	9cf98334411d2294c0e39098f4487dbed2bdb98c	cxxr/src/nmath/dgeom.c	574a966c078101db54b6ec3881156a6c7133bf9e	unchanged_cxxr_import
isomorphisms/ir	80134ccd43e6fa859772b4838c53ebac96a35b5c	cxxr/src/nmath/dhyper.c	65dc2185b1bff4d2ddad88c7f6803c85e51d01cf	isomorphisms/ir	9cf98334411d2294c0e39098f4487dbed2bdb98c	cxxr/src/nmath/dhyper.c	65dc2185b1bff4d2ddad88c7f6803c85e51d01cf	unchanged_cxxr_import
isomorphisms/ir	80134ccd43e6fa859772b4838c53ebac96a35b5c	cxxr/src/nmath/dlnorm.c	818e8dd1dcd668dc678be2c286f6d86ff75508b1	isomorphisms/ir	9cf98334411d2294c0e39098f4487dbed2bdb98c	cxxr/src/nmath/dlnorm.c	818e8dd1dcd668dc678be2c286f6d86ff75508b1	unchanged_cxxr_import
isomorphisms/ir	80134ccd43e6fa859772b4838c53ebac96a35b5c	cxxr/src/nmath/dlogis.c	2aca57a0013fe4f60b50becc8dba23f270e7f36b	isomorphisms/ir	9cf98334411d2294c0e39098f4487dbed2bdb98c	cxxr/src/nmath/dlogis.c	2aca57a0013fe4f60b50becc8dba23f270e7f36b	unchanged_cxxr_import
isomorphisms/ir	80134ccd43e6fa859772b4838c53ebac96a35b5c	cxxr/src/nmath/dnbeta.c	17f52366845bc85920e8da244b4da7d2e0309778	isomorphisms/ir	9cf98334411d2294c0e39098f4487dbed2bdb98c	cxxr/src/nmath/dnbeta.c	17f52366845bc85920e8da244b4da7d2e0309778	unchanged_cxxr_import
isomorphisms/ir	80134ccd43e6fa859772b4838c53ebac96a35b5c	cxxr/src/nmath/dnbinom.c	4f06584c47f0fd2fb1e49df4295d21a4b95e9707	isomorphisms/ir	9cf98334411d2294c0e39098f4487dbed2bdb98c	cxxr/src/nmath/dnbinom.c	4f06584c47f0fd2fb1e49df4295d21a4b95e9707	unchanged_cxxr_import
isomorphisms/ir	80134ccd43e6fa859772b4838c53ebac96a35b5c	cxxr/src/nmath/dnchisq.c	e4530fbf41597e88180267ff22ff2844ce9f0e8a	isomorphisms/ir	9cf98334411d2294c0e39098f4487dbed2bdb98c	cxxr/src/nmath/dnchisq.c	e4530fbf41597e88180267ff22ff2844ce9f0e8a	unchanged_cxxr_import
isomorphisms/ir	80134ccd43e6fa859772b4838c53ebac96a35b5c	cxxr/src/nmath/dnf.c	756d8063e8833dd6f7e73c44311c539d0b4145ee	isomorphisms/ir	9cf98334411d2294c0e39098f4487dbed2bdb98c	cxxr/src/nmath/dnf.c	756d8063e8833dd6f7e73c44311c539d0b4145ee	unchanged_cxxr_import
isomorphisms/ir	80134ccd43e6fa859772b4838c53ebac96a35b5c	cxxr/src/nmath/dnorm.c	63f362911960b58e91224f95a464bf909a92cf27	isomorphisms/ir	9cf98334411d2294c0e39098f4487dbed2bdb98c	cxxr/src/nmath/dnorm.c	63f362911960b58e91224f95a464bf909a92cf27	unchanged_cxxr_import
isomorphisms/ir	80134ccd43e6fa859772b4838c53ebac96a35b5c	cxxr/src/nmath/dnt.c	82de3cf673ab6852e5631a6a220e21f07eb83bbf	isomorphisms/ir	9cf98334411d2294c0e39098f4487dbed2bdb98c	cxxr/src/nmath/dnt.c	82de3cf673ab6852e5631a6a220e21f07eb83bbf	unchanged_cxxr_import
isomorphisms/ir	80134ccd43e6fa859772b4838c53ebac96a35b5c	cxxr/src/nmath/dpois.c	fbebdc7e89f03d8033fe5ab329ccf3007c74dd3d	isomorphisms/ir	9cf98334411d2294c0e39098f4487dbed2bdb98c	cxxr/src/nmath/dpois.c	fbebdc7e89f03d8033fe5ab329ccf3007c74dd3d	unchanged_cxxr_import
isomorphisms/ir	80134ccd43e6fa859772b4838c53ebac96a35b5c	cxxr/src/nmath/dpq.h	d5c45ce2585b41c12ac3096306cf2743544020d0	isomorphisms/ir	9cf98334411d2294c0e39098f4487dbed2bdb98c	cxxr/src/nmath/dpq.h	d5c45ce2585b41c12ac3096306cf2743544020d0	unchanged_cxxr_import
isomorphisms/ir	80134ccd43e6fa859772b4838c53ebac96a35b5c	cxxr/src/nmath/dt.c	ebde51b7ffadf26f9ba4b78372f53f520af3e53a	isomorphisms/ir	9cf98334411d2294c0e39098f4487dbed2bdb98c	cxxr/src/nmath/dt.c	ebde51b7ffadf26f9ba4b78372f53f520af3e53a	unchanged_cxxr_import
isomorphisms/ir	80134ccd43e6fa859772b4838c53ebac96a35b5c	cxxr/src/nmath/dunif.c	ce7231af28fa08a96dbf8b335a6efd8f1455b26d	isomorphisms/ir	9cf98334411d2294c0e39098f4487dbed2bdb98c	cxxr/src/nmath/dunif.c	ce7231af28fa08a96dbf8b335a6efd8f1455b26d	unchanged_cxxr_import
isomorphisms/ir	80134ccd43e6fa859772b4838c53ebac96a35b5c	cxxr/src/nmath/dweibull.c	3fa08c1de0d61bf47d41686c8e695e83f8595140	isomorphisms/ir	9cf98334411d2294c0e39098f4487dbed2bdb98c	cxxr/src/nmath/dweibull.c	3fa08c1de0d61bf47d41686c8e695e83f8595140	unchanged_cxxr_import
isomorphisms/ir	80134ccd43e6fa859772b4838c53ebac96a35b5c	cxxr/src/nmath/expm1.c	f58f8dd8bf070b776dcac191394270c8f92ed3b8	isomorphisms/ir	9cf98334411d2294c0e39098f4487dbed2bdb98c	cxxr/src/nmath/expm1.c	f58f8dd8bf070b776dcac191394270c8f92ed3b8	unchanged_cxxr_import
isomorphisms/ir	80134ccd43e6fa859772b4838c53ebac96a35b5c	cxxr/src/nmath/fmax2.c	bbe0dd8f411c49b38ff7df7a9cceb18d6254b570	isomorphisms/ir	9cf98334411d2294c0e39098f4487dbed2bdb98c	cxxr/src/nmath/fmax2.c	bbe0dd8f411c49b38ff7df7a9cceb18d6254b570	unchanged_cxxr_import
isomorphisms/ir	80134ccd43e6fa859772b4838c53ebac96a35b5c	cxxr/src/nmath/fmin2.c	11cd790ed14ce23da04a6652aaf810d4fb5c2938	isomorphisms/ir	9cf98334411d2294c0e39098f4487dbed2bdb98c	cxxr/src/nmath/fmin2.c	11cd790ed14ce23da04a6652aaf810d4fb5c2938	unchanged_cxxr_import
isomorphisms/ir	80134ccd43e6fa859772b4838c53ebac96a35b5c	cxxr/src/nmath/fprec.c	fd71be42d8bca42e47e4ad195ee61a573a0f2cf1	isomorphisms/ir	9cf98334411d2294c0e39098f4487dbed2bdb98c	cxxr/src/nmath/fprec.c	fd71be42d8bca42e47e4ad195ee61a573a0f2cf1	unchanged_cxxr_import
isomorphisms/ir	80134ccd43e6fa859772b4838c53ebac96a35b5c	cxxr/src/nmath/fround.c	3f81fd1d4a464ef421894aac1b6ad3a9fc6b4cc4	isomorphisms/ir	9cf98334411d2294c0e39098f4487dbed2bdb98c	cxxr/src/nmath/fround.c	3f81fd1d4a464ef421894aac1b6ad3a9fc6b4cc4	unchanged_cxxr_import
isomorphisms/ir	80134ccd43e6fa859772b4838c53ebac96a35b5c	cxxr/src/nmath/fsign.c	286afbc01c6886c089b1c97c20989b56ba720c70	isomorphisms/ir	9cf98334411d2294c0e39098f4487dbed2bdb98c	cxxr/src/nmath/fsign.c	286afbc01c6886c089b1c97c20989b56ba720c70	unchanged_cxxr_import
isomorphisms/ir	80134ccd43e6fa859772b4838c53ebac96a35b5c	cxxr/src/nmath/ftrunc.c	87c721806d973d6ab0a1cebae960824805203141	isomorphisms/ir	9cf98334411d2294c0e39098f4487dbed2bdb98c	cxxr/src/nmath/ftrunc.c	87c721806d973d6ab0a1cebae960824805203141	unchanged_cxxr_import
isomorphisms/ir	80134ccd43e6fa859772b4838c53ebac96a35b5c	cxxr/src/nmath/gamma_cody.c	12fac99a457174e5d46da58428d859aa1291a2b7	isomorphisms/ir	9cf98334411d2294c0e39098f4487dbed2bdb98c	cxxr/src/nmath/gamma_cody.c	12fac99a457174e5d46da58428d859aa1291a2b7	unchanged_cxxr_import
isomorphisms/ir	80134ccd43e6fa859772b4838c53ebac96a35b5c	cxxr/src/nmath/gamma.c	cbf6ad5029e77d0120ff6a4ae9210aaca5ab44a0	isomorphisms/ir	9cf98334411d2294c0e39098f4487dbed2bdb98c	cxxr/src/nmath/gamma.c	cbf6ad5029e77d0120ff6a4ae9210aaca5ab44a0	unchanged_cxxr_import
isomorphisms/ir	80134ccd43e6fa859772b4838c53ebac96a35b5c	cxxr/src/nmath/gammalims.c	7ae994f337ed15966715743c82e215e771a56ab2	isomorphisms/ir	9cf98334411d2294c0e39098f4487dbed2bdb98c	cxxr/src/nmath/gammalims.c	7ae994f337ed15966715743c82e215e771a56ab2	unchanged_cxxr_import
isomorphisms/ir	80134ccd43e6fa859772b4838c53ebac96a35b5c	cxxr/src/nmath/i1mach.c	5cad06cfc963dcaf445bc502f82f28da6d5d6b2b	isomorphisms/ir	9cf98334411d2294c0e39098f4487dbed2bdb98c	cxxr/src/nmath/i1mach.c	5cad06cfc963dcaf445bc502f82f28da6d5d6b2b	unchanged_cxxr_import
isomorphisms/ir	80134ccd43e6fa859772b4838c53ebac96a35b5c	cxxr/src/nmath/imax2.c	f7886effef354e04fef680489b93dd06eee3673c	isomorphisms/ir	9cf98334411d2294c0e39098f4487dbed2bdb98c	cxxr/src/nmath/imax2.c	f7886effef354e04fef680489b93dd06eee3673c	unchanged_cxxr_import
isomorphisms/ir	80134ccd43e6fa859772b4838c53ebac96a35b5c	cxxr/src/nmath/imin2.c	500bc57d8fc4b3fbe2f2f4b373c1e850e2e69824	isomorphisms/ir	9cf98334411d2294c0e39098f4487dbed2bdb98c	cxxr/src/nmath/imin2.c	500bc57d8fc4b3fbe2f2f4b373c1e850e2e69824	unchanged_cxxr_import
isomorphisms/ir	80134ccd43e6fa859772b4838c53ebac96a35b5c	cxxr/src/nmath/lbeta.c	7fec6ef6bb0792a8d3803fab86e32022adbd8c18	isomorphisms/ir	9cf98334411d2294c0e39098f4487dbed2bdb98c	cxxr/src/nmath/lbeta.c	7fec6ef6bb0792a8d3803fab86e32022adbd8c18	unchanged_cxxr_import
isomorphisms/ir	80134ccd43e6fa859772b4838c53ebac96a35b5c	cxxr/src/nmath/lgamma.c	7f534499a8b5657604f3a0be3e8381651e597dcf	isomorphisms/ir	9cf98334411d2294c0e39098f4487dbed2bdb98c	cxxr/src/nmath/lgamma.c	7f534499a8b5657604f3a0be3e8381651e597dcf	unchanged_cxxr_import
isomorphisms/ir	80134ccd43e6fa859772b4838c53ebac96a35b5c	cxxr/src/nmath/lgammacor.c	38615121a2bab74863876eeda148610bb477c37f	isomorphisms/ir	9cf98334411d2294c0e39098f4487dbed2bdb98c	cxxr/src/nmath/lgammacor.c	38615121a2bab74863876eeda148610bb477c37f	unchanged_cxxr_import
isomorphisms/ir	80134ccd43e6fa859772b4838c53ebac96a35b5c	cxxr/src/nmath/log1p.c	02dd3ee4dbf708bf4bfdba11fc834d14fc98902c	isomorphisms/ir	9cf98334411d2294c0e39098f4487dbed2bdb98c	cxxr/src/nmath/log1p.c	02dd3ee4dbf708bf4bfdba11fc834d14fc98902c	unchanged_cxxr_import
isomorphisms/ir	80134ccd43e6fa859772b4838c53ebac96a35b5c	cxxr/src/nmath/mlutils.c	0151dd7d3409b5eed9d4114fddd67c5417bc0059	isomorphisms/ir	9cf98334411d2294c0e39098f4487dbed2bdb98c	cxxr/src/nmath/mlutils.c	0151dd7d3409b5eed9d4114fddd67c5417bc0059	unchanged_cxxr_import
isomorphisms/ir	80134ccd43e6fa859772b4838c53ebac96a35b5c	cxxr/src/nmath/nmath.h	759b361a9c7ca0dc923a39d4b351492c5923e125	isomorphisms/ir	9cf98334411d2294c0e39098f4487dbed2bdb98c	cxxr/src/nmath/nmath.h	759b361a9c7ca0dc923a39d4b351492c5923e125	unchanged_cxxr_import
isomorphisms/ir	80134ccd43e6fa859772b4838c53ebac96a35b5c	cxxr/src/nmath/nmath2.h	fac60b77f93bee26b59e81b72f928702a2930868	isomorphisms/ir	9cf98334411d2294c0e39098f4487dbed2bdb98c	cxxr/src/nmath/nmath2.h	fac60b77f93bee26b59e81b72f928702a2930868	unchanged_cxxr_import
isomorphisms/ir	80134ccd43e6fa859772b4838c53ebac96a35b5c	cxxr/src/nmath/pbeta.c	57e2cb3d9cffc27eecdf0ecf1b023523529e4a38	isomorphisms/ir	9cf98334411d2294c0e39098f4487dbed2bdb98c	cxxr/src/nmath/pbeta.c	57e2cb3d9cffc27eecdf0ecf1b023523529e4a38	unchanged_cxxr_import
isomorphisms/ir	80134ccd43e6fa859772b4838c53ebac96a35b5c	cxxr/src/nmath/pbinom.c	92a01d4b27c495f3a3202977ee6fa64a57d964ff	isomorphisms/ir	9cf98334411d2294c0e39098f4487dbed2bdb98c	cxxr/src/nmath/pbinom.c	92a01d4b27c495f3a3202977ee6fa64a57d964ff	unchanged_cxxr_import
isomorphisms/ir	80134ccd43e6fa859772b4838c53ebac96a35b5c	cxxr/src/nmath/pcauchy.c	d29c2d9166378c668fd51a8023746cd96ecc0df5	isomorphisms/ir	9cf98334411d2294c0e39098f4487dbed2bdb98c	cxxr/src/nmath/pcauchy.c	d29c2d9166378c668fd51a8023746cd96ecc0df5	unchanged_cxxr_import
isomorphisms/ir	80134ccd43e6fa859772b4838c53ebac96a35b5c	cxxr/src/nmath/pchisq.c	c04051e6919a283136443acd6a56be6fa1ee1114	isomorphisms/ir	9cf98334411d2294c0e39098f4487dbed2bdb98c	cxxr/src/nmath/pchisq.c	c04051e6919a283136443acd6a56be6fa1ee1114	unchanged_cxxr_import
isomorphisms/ir	80134ccd43e6fa859772b4838c53ebac96a35b5c	cxxr/src/nmath/pexp.c	8b2e78a9275cd2fe39ead6919a6c802af6876905	isomorphisms/ir	9cf98334411d2294c0e39098f4487dbed2bdb98c	cxxr/src/nmath/pexp.c	8b2e78a9275cd2fe39ead6919a6c802af6876905	unchanged_cxxr_import
isomorphisms/ir	80134ccd43e6fa859772b4838c53ebac96a35b5c	cxxr/src/nmath/pf.c	50de98aaa0867f12b7adb13b5e382ba41e83de21	isomorphisms/ir	9cf98334411d2294c0e39098f4487dbed2bdb98c	cxxr/src/nmath/pf.c	50de98aaa0867f12b7adb13b5e382ba41e83de21	unchanged_cxxr_import
isomorphisms/ir	80134ccd43e6fa859772b4838c53ebac96a35b5c	cxxr/src/nmath/pgamma.c	8e5389543db87ee4a7023420781b335d84edc26f	isomorphisms/ir	9cf98334411d2294c0e39098f4487dbed2bdb98c	cxxr/src/nmath/pgamma.c	8e5389543db87ee4a7023420781b335d84edc26f	unchanged_cxxr_import
isomorphisms/ir	80134ccd43e6fa859772b4838c53ebac96a35b5c	cxxr/src/nmath/pgeom.c	94fa80b2cbc7a04370c07296fa827fc33fc0a6b8	isomorphisms/ir	9cf98334411d2294c0e39098f4487dbed2bdb98c	cxxr/src/nmath/pgeom.c	94fa80b2cbc7a04370c07296fa827fc33fc0a6b8	unchanged_cxxr_import
isomorphisms/ir	80134ccd43e6fa859772b4838c53ebac96a35b5c	cxxr/src/nmath/phyper.c	41489ce967c430bc03709d832809ab9c9ed1c2b8	isomorphisms/ir	9cf98334411d2294c0e39098f4487dbed2bdb98c	cxxr/src/nmath/phyper.c	41489ce967c430bc03709d832809ab9c9ed1c2b8	unchanged_cxxr_import
isomorphisms/ir	80134ccd43e6fa859772b4838c53ebac96a35b5c	cxxr/src/nmath/plnorm.c	eec1666862c8f1455eae88768213c52bc52160bc	isomorphisms/ir	9cf98334411d2294c0e39098f4487dbed2bdb98c	cxxr/src/nmath/plnorm.c	eec1666862c8f1455eae88768213c52bc52160bc	unchanged_cxxr_import
isomorphisms/ir	80134ccd43e6fa859772b4838c53ebac96a35b5c	cxxr/src/nmath/plogis.c	8112401b412ea4ebaece9191ac703ceacde33ab6	isomorphisms/ir	9cf98334411d2294c0e39098f4487dbed2bdb98c	cxxr/src/nmath/plogis.c	8112401b412ea4ebaece9191ac703ceacde33ab6	unchanged_cxxr_import
isomorphisms/ir	80134ccd43e6fa859772b4838c53ebac96a35b5c	cxxr/src/nmath/pnbeta.c	5e9dcec832e7dfa9e64ae4c2ad312e0fb02eef76	isomorphisms/ir	9cf98334411d2294c0e39098f4487dbed2bdb98c	cxxr/src/nmath/pnbeta.c	5e9dcec832e7dfa9e64ae4c2ad312e0fb02eef76	unchanged_cxxr_import
isomorphisms/ir	80134ccd43e6fa859772b4838c53ebac96a35b5c	cxxr/src/nmath/pnbinom.c	e097fe242e29190d57baf70f3821e478dd16c101	isomorphisms/ir	9cf98334411d2294c0e39098f4487dbed2bdb98c	cxxr/src/nmath/pnbinom.c	e097fe242e29190d57baf70f3821e478dd16c101	unchanged_cxxr_import
isomorphisms/ir	80134ccd43e6fa859772b4838c53ebac96a35b5c	cxxr/src/nmath/pnchisq.c	6dfb49fd06ba6717bd8dfb2afdecda3ac4bb1cbe	isomorphisms/ir	9cf98334411d2294c0e39098f4487dbed2bdb98c	cxxr/src/nmath/pnchisq.c	6dfb49fd06ba6717bd8dfb2afdecda3ac4bb1cbe	unchanged_cxxr_import
isomorphisms/ir	80134ccd43e6fa859772b4838c53ebac96a35b5c	cxxr/src/nmath/pnf.c	8638716db4271e409feab3d5775bacda8b602539	isomorphisms/ir	9cf98334411d2294c0e39098f4487dbed2bdb98c	cxxr/src/nmath/pnf.c	8638716db4271e409feab3d5775bacda8b602539	unchanged_cxxr_import
isomorphisms/ir	80134ccd43e6fa859772b4838c53ebac96a35b5c	cxxr/src/nmath/pnorm.c	8ececc766011e8858029d6a68ef0f26d5aacfb79	isomorphisms/ir	9cf98334411d2294c0e39098f4487dbed2bdb98c	cxxr/src/nmath/pnorm.c	8ececc766011e8858029d6a68ef0f26d5aacfb79	unchanged_cxxr_import
isomorphisms/ir	80134ccd43e6fa859772b4838c53ebac96a35b5c	cxxr/src/nmath/pnt.c	e0d3f85daf5ce588e73dfc3c459a2ad4107ce8f1	isomorphisms/ir	9cf98334411d2294c0e39098f4487dbed2bdb98c	cxxr/src/nmath/pnt.c	e0d3f85daf5ce588e73dfc3c459a2ad4107ce8f1	unchanged_cxxr_import
isomorphisms/ir	80134ccd43e6fa859772b4838c53ebac96a35b5c	cxxr/src/nmath/polygamma.c	f082b92564c2e050059d75035cc72c3e3160d676	isomorphisms/ir	9cf98334411d2294c0e39098f4487dbed2bdb98c	cxxr/src/nmath/polygamma.c	f082b92564c2e050059d75035cc72c3e3160d676	unchanged_cxxr_import
isomorphisms/ir	80134ccd43e6fa859772b4838c53ebac96a35b5c	cxxr/src/nmath/ppois.c	21e49fba85b01cb7e20aea6ac8fce23f725ec9cf	isomorphisms/ir	9cf98334411d2294c0e39098f4487dbed2bdb98c	cxxr/src/nmath/ppois.c	21e49fba85b01cb7e20aea6ac8fce23f725ec9cf	unchanged_cxxr_import
isomorphisms/ir	80134ccd43e6fa859772b4838c53ebac96a35b5c	cxxr/src/nmath/pt.c	1b7ecfc8caf5c483d81a9826db5e3b7b2ac6ed29	isomorphisms/ir	9cf98334411d2294c0e39098f4487dbed2bdb98c	cxxr/src/nmath/pt.c	1b7ecfc8caf5c483d81a9826db5e3b7b2ac6ed29	unchanged_cxxr_import
isomorphisms/ir	80134ccd43e6fa859772b4838c53ebac96a35b5c	cxxr/src/nmath/ptukey.c	8d414ba03a32dd2ffea0c52e9bed459f05053c46	isomorphisms/ir	9cf98334411d2294c0e39098f4487dbed2bdb98c	cxxr/src/nmath/ptukey.c	8d414ba03a32dd2ffea0c52e9bed459f05053c46	unchanged_cxxr_import
isomorphisms/ir	80134ccd43e6fa859772b4838c53ebac96a35b5c	cxxr/src/nmath/punif.c	5247b9b3ace88a6380a4bd342da42b7b23a79425	isomorphisms/ir	9cf98334411d2294c0e39098f4487dbed2bdb98c	cxxr/src/nmath/punif.c	5247b9b3ace88a6380a4bd342da42b7b23a79425	unchanged_cxxr_import
isomorphisms/ir	80134ccd43e6fa859772b4838c53ebac96a35b5c	cxxr/src/nmath/pweibull.c	04bd2747843e668dc2a474ece9f93134be1f0e9e	isomorphisms/ir	9cf98334411d2294c0e39098f4487dbed2bdb98c	cxxr/src/nmath/pweibull.c	04bd2747843e668dc2a474ece9f93134be1f0e9e	unchanged_cxxr_import
isomorphisms/ir	80134ccd43e6fa859772b4838c53ebac96a35b5c	cxxr/src/nmath/qbeta.c	ecd756c3aafda251fbda31419fb1838911f54f51	isomorphisms/ir	9cf98334411d2294c0e39098f4487dbed2bdb98c	cxxr/src/nmath/qbeta.c	ecd756c3aafda251fbda31419fb1838911f54f51	unchanged_cxxr_import
isomorphisms/ir	80134ccd43e6fa859772b4838c53ebac96a35b5c	cxxr/src/nmath/qbinom.c	da283bd89408a02d88582e54b5611fd92cbdd467	isomorphisms/ir	9cf98334411d2294c0e39098f4487dbed2bdb98c	cxxr/src/nmath/qbinom.c	da283bd89408a02d88582e54b5611fd92cbdd467	unchanged_cxxr_import
isomorphisms/ir	80134ccd43e6fa859772b4838c53ebac96a35b5c	cxxr/src/nmath/qcauchy.c	83bf0937bde2edd2468cac5c0e43a9faa128b94d	isomorphisms/ir	9cf98334411d2294c0e39098f4487dbed2bdb98c	cxxr/src/nmath/qcauchy.c	83bf0937bde2edd2468cac5c0e43a9faa128b94d	unchanged_cxxr_import
isomorphisms/ir	80134ccd43e6fa859772b4838c53ebac96a35b5c	cxxr/src/nmath/qchisq.c	91dba2a67c39e9679a30fd2307122bc1e1a7f752	isomorphisms/ir	9cf98334411d2294c0e39098f4487dbed2bdb98c	cxxr/src/nmath/qchisq.c	91dba2a67c39e9679a30fd2307122bc1e1a7f752	unchanged_cxxr_import
isomorphisms/ir	80134ccd43e6fa859772b4838c53ebac96a35b5c	cxxr/src/nmath/qexp.c	e2874b951fa6caf8428f496834e4132d9fc32414	isomorphisms/ir	9cf98334411d2294c0e39098f4487dbed2bdb98c	cxxr/src/nmath/qexp.c	e2874b951fa6caf8428f496834e4132d9fc32414	unchanged_cxxr_import
isomorphisms/ir	80134ccd43e6fa859772b4838c53ebac96a35b5c	cxxr/src/nmath/qf.c	bb71a423430bd7642be38d2576aac52d5d52ce20	isomorphisms/ir	9cf98334411d2294c0e39098f4487dbed2bdb98c	cxxr/src/nmath/qf.c	bb71a423430bd7642be38d2576aac52d5d52ce20	unchanged_cxxr_import
isomorphisms/ir	80134ccd43e6fa859772b4838c53ebac96a35b5c	cxxr/src/nmath/qgamma.c	ad359e62a44c07860f320021252b2b53839ddced	isomorphisms/ir	9cf98334411d2294c0e39098f4487dbed2bdb98c	cxxr/src/nmath/qgamma.c	ad359e62a44c07860f320021252b2b53839ddced	unchanged_cxxr_import
isomorphisms/ir	80134ccd43e6fa859772b4838c53ebac96a35b5c	cxxr/src/nmath/qgeom.c	90f9bda0367703680721d659cda1a9ea7b07ecb4	isomorphisms/ir	9cf98334411d2294c0e39098f4487dbed2bdb98c	cxxr/src/nmath/qgeom.c	90f9bda0367703680721d659cda1a9ea7b07ecb4	unchanged_cxxr_import
isomorphisms/ir	80134ccd43e6fa859772b4838c53ebac96a35b5c	cxxr/src/nmath/qhyper.c	69cd67e851593255481fcf1b6b05746a439dd530	isomorphisms/ir	9cf98334411d2294c0e39098f4487dbed2bdb98c	cxxr/src/nmath/qhyper.c	69cd67e851593255481fcf1b6b05746a439dd530	unchanged_cxxr_import
isomorphisms/ir	80134ccd43e6fa859772b4838c53ebac96a35b5c	cxxr/src/nmath/qlnorm.c	ea3052047fe1c5f87254d26f535186b2a6a75f46	isomorphisms/ir	9cf98334411d2294c0e39098f4487dbed2bdb98c	cxxr/src/nmath/qlnorm.c	ea3052047fe1c5f87254d26f535186b2a6a75f46	unchanged_cxxr_import
isomorphisms/ir	80134ccd43e6fa859772b4838c53ebac96a35b5c	cxxr/src/nmath/qlogis.c	5f35a739d4c5cc3be4fb6422433234d40c20fc39	isomorphisms/ir	9cf98334411d2294c0e39098f4487dbed2bdb98c	cxxr/src/nmath/qlogis.c	5f35a739d4c5cc3be4fb6422433234d40c20fc39	unchanged_cxxr_import
isomorphisms/ir	80134ccd43e6fa859772b4838c53ebac96a35b5c	cxxr/src/nmath/qnbeta.c	578e14c82d2debce9bac3a8102a7850b8d3f5079	isomorphisms/ir	9cf98334411d2294c0e39098f4487dbed2bdb98c	cxxr/src/nmath/qnbeta.c	578e14c82d2debce9bac3a8102a7850b8d3f5079	unchanged_cxxr_import
isomorphisms/ir	80134ccd43e6fa859772b4838c53ebac96a35b5c	cxxr/src/nmath/qnbinom.c	f3dd3b523654731d44fc4ce4ba98213e12488ffd	isomorphisms/ir	9cf98334411d2294c0e39098f4487dbed2bdb98c	cxxr/src/nmath/qnbinom.c	f3dd3b523654731d44fc4ce4ba98213e12488ffd	unchanged_cxxr_import
isomorphisms/ir	80134ccd43e6fa859772b4838c53ebac96a35b5c	cxxr/src/nmath/qnchisq.c	0a7dad2acaba66a03e7c4f6d62094b72c45ff4f4	isomorphisms/ir	9cf98334411d2294c0e39098f4487dbed2bdb98c	cxxr/src/nmath/qnchisq.c	0a7dad2acaba66a03e7c4f6d62094b72c45ff4f4	unchanged_cxxr_import
isomorphisms/ir	80134ccd43e6fa859772b4838c53ebac96a35b5c	cxxr/src/nmath/qnf.c	7ac1d02d7deab452162a2dfd02d5eab30bce0169	isomorphisms/ir	9cf98334411d2294c0e39098f4487dbed2bdb98c	cxxr/src/nmath/qnf.c	7ac1d02d7deab452162a2dfd02d5eab30bce0169	unchanged_cxxr_import
isomorphisms/ir	80134ccd43e6fa859772b4838c53ebac96a35b5c	cxxr/src/nmath/qnorm.c	f9198686806f2cf7c98c3260e2858966298c9fc8	isomorphisms/ir	9cf98334411d2294c0e39098f4487dbed2bdb98c	cxxr/src/nmath/qnorm.c	f9198686806f2cf7c98c3260e2858966298c9fc8	unchanged_cxxr_import
isomorphisms/ir	80134ccd43e6fa859772b4838c53ebac96a35b5c	cxxr/src/nmath/qnt.c	81c240df1ec57c0eb2c7972b5afd6cbcbeb877f8	isomorphisms/ir	9cf98334411d2294c0e39098f4487dbed2bdb98c	cxxr/src/nmath/qnt.c	81c240df1ec57c0eb2c7972b5afd6cbcbeb877f8	unchanged_cxxr_import
isomorphisms/ir	80134ccd43e6fa859772b4838c53ebac96a35b5c	cxxr/src/nmath/qpois.c	16a6028ecb78306bfc88260be285686df3fc3c95	isomorphisms/ir	9cf98334411d2294c0e39098f4487dbed2bdb98c	cxxr/src/nmath/qpois.c	16a6028ecb78306bfc88260be285686df3fc3c95	unchanged_cxxr_import
isomorphisms/ir	80134ccd43e6fa859772b4838c53ebac96a35b5c	cxxr/src/nmath/qt.c	9893ab1eb83047864e3b8817285a1b1f9f49a9d0	isomorphisms/ir	9cf98334411d2294c0e39098f4487dbed2bdb98c	cxxr/src/nmath/qt.c	9893ab1eb83047864e3b8817285a1b1f9f49a9d0	unchanged_cxxr_import
isomorphisms/ir	80134ccd43e6fa859772b4838c53ebac96a35b5c	cxxr/src/nmath/qtukey.c	5da39ad326990de3abaf51120e903eaf47606c1a	isomorphisms/ir	9cf98334411d2294c0e39098f4487dbed2bdb98c	cxxr/src/nmath/qtukey.c	5da39ad326990de3abaf51120e903eaf47606c1a	unchanged_cxxr_import
isomorphisms/ir	80134ccd43e6fa859772b4838c53ebac96a35b5c	cxxr/src/nmath/qunif.c	0d26cdba4bf3170a2becd39ead9f0d1c4adf7664	isomorphisms/ir	9cf98334411d2294c0e39098f4487dbed2bdb98c	cxxr/src/nmath/qunif.c	0d26cdba4bf3170a2becd39ead9f0d1c4adf7664	unchanged_cxxr_import
isomorphisms/ir	80134ccd43e6fa859772b4838c53ebac96a35b5c	cxxr/src/nmath/qweibull.c	cb9335999a65611fd45e4b02f412743e07f48213	isomorphisms/ir	9cf98334411d2294c0e39098f4487dbed2bdb98c	cxxr/src/nmath/qweibull.c	cb9335999a65611fd45e4b02f412743e07f48213	unchanged_cxxr_import
isomorphisms/ir	80134ccd43e6fa859772b4838c53ebac96a35b5c	cxxr/src/nmath/rbeta.c	878168ba5135acf924e167e7e966594cf4ec27ef	isomorphisms/ir	9cf98334411d2294c0e39098f4487dbed2bdb98c	cxxr/src/nmath/rbeta.c	878168ba5135acf924e167e7e966594cf4ec27ef	unchanged_cxxr_import
isomorphisms/ir	80134ccd43e6fa859772b4838c53ebac96a35b5c	cxxr/src/nmath/rbinom.c	8faeefa958c5b6103ff67cadbfa08fde2d81076e	isomorphisms/ir	9cf98334411d2294c0e39098f4487dbed2bdb98c	cxxr/src/nmath/rbinom.c	8faeefa958c5b6103ff67cadbfa08fde2d81076e	unchanged_cxxr_import
isomorphisms/ir	80134ccd43e6fa859772b4838c53ebac96a35b5c	cxxr/src/nmath/rcauchy.c	c52d30e558001ff599522b9187e4553fe0982246	isomorphisms/ir	9cf98334411d2294c0e39098f4487dbed2bdb98c	cxxr/src/nmath/rcauchy.c	c52d30e558001ff599522b9187e4553fe0982246	unchanged_cxxr_import
isomorphisms/ir	80134ccd43e6fa859772b4838c53ebac96a35b5c	cxxr/src/nmath/rchisq.c	f1fcdfb8a5c746d86b361a8d859b62a04b4aaae1	isomorphisms/ir	9cf98334411d2294c0e39098f4487dbed2bdb98c	cxxr/src/nmath/rchisq.c	f1fcdfb8a5c746d86b361a8d859b62a04b4aaae1	unchanged_cxxr_import
isomorphisms/ir	80134ccd43e6fa859772b4838c53ebac96a35b5c	cxxr/src/nmath/rexp.c	7f900b23183fe42bb6ce40f10d2e2bc63cae841c	isomorphisms/ir	9cf98334411d2294c0e39098f4487dbed2bdb98c	cxxr/src/nmath/rexp.c	7f900b23183fe42bb6ce40f10d2e2bc63cae841c	unchanged_cxxr_import
isomorphisms/ir	80134ccd43e6fa859772b4838c53ebac96a35b5c	cxxr/src/nmath/rf.c	b26234c12a269f09bf2dfca746ce23136530969a	isomorphisms/ir	9cf98334411d2294c0e39098f4487dbed2bdb98c	cxxr/src/nmath/rf.c	b26234c12a269f09bf2dfca746ce23136530969a	unchanged_cxxr_import
isomorphisms/ir	80134ccd43e6fa859772b4838c53ebac96a35b5c	cxxr/src/nmath/rgamma.c	4f0858733dd79b2508c74009e3807aef435b100f	isomorphisms/ir	9cf98334411d2294c0e39098f4487dbed2bdb98c	cxxr/src/nmath/rgamma.c	4f0858733dd79b2508c74009e3807aef435b100f	unchanged_cxxr_import
isomorphisms/ir	80134ccd43e6fa859772b4838c53ebac96a35b5c	cxxr/src/nmath/rgeom.c	c99e49b75f2fb6fea8b88c104afe2669d1e28e54	isomorphisms/ir	9cf98334411d2294c0e39098f4487dbed2bdb98c	cxxr/src/nmath/rgeom.c	c99e49b75f2fb6fea8b88c104afe2669d1e28e54	unchanged_cxxr_import
isomorphisms/ir	80134ccd43e6fa859772b4838c53ebac96a35b5c	cxxr/src/nmath/rhyper.c	3bf8f6f6a482f8b7a8ca77240fa29aab0cc20028	isomorphisms/ir	9cf98334411d2294c0e39098f4487dbed2bdb98c	cxxr/src/nmath/rhyper.c	3bf8f6f6a482f8b7a8ca77240fa29aab0cc20028	unchanged_cxxr_import
isomorphisms/ir	80134ccd43e6fa859772b4838c53ebac96a35b5c	cxxr/src/nmath/rlnorm.c	f67628c0b1e798b1aeb1651e41d27745dd9a775a	isomorphisms/ir	9cf98334411d2294c0e39098f4487dbed2bdb98c	cxxr/src/nmath/rlnorm.c	f67628c0b1e798b1aeb1651e41d27745dd9a775a	unchanged_cxxr_import
isomorphisms/ir	80134ccd43e6fa859772b4838c53ebac96a35b5c	cxxr/src/nmath/rlogis.c	d95189183d62242549f82c71a0426175aba0ac63	isomorphisms/ir	9cf98334411d2294c0e39098f4487dbed2bdb98c	cxxr/src/nmath/rlogis.c	d95189183d62242549f82c71a0426175aba0ac63	unchanged_cxxr_import
isomorphisms/ir	80134ccd43e6fa859772b4838c53ebac96a35b5c	cxxr/src/nmath/rmultinom.c	8cf7b532d88a714f4cf53bb5be429aee53b85f61	isomorphisms/ir	9cf98334411d2294c0e39098f4487dbed2bdb98c	cxxr/src/nmath/rmultinom.c	8cf7b532d88a714f4cf53bb5be429aee53b85f61	unchanged_cxxr_import
isomorphisms/ir	80134ccd43e6fa859772b4838c53ebac96a35b5c	cxxr/src/nmath/rnbinom.c	3660758282d26a26ab4c0c984aee3f2ef879e7e7	isomorphisms/ir	9cf98334411d2294c0e39098f4487dbed2bdb98c	cxxr/src/nmath/rnbinom.c	3660758282d26a26ab4c0c984aee3f2ef879e7e7	unchanged_cxxr_import
isomorphisms/ir	80134ccd43e6fa859772b4838c53ebac96a35b5c	cxxr/src/nmath/rnchisq.c	cc3b87d9f896aa541c188d452ae1d7d3a3c4b7f1	isomorphisms/ir	9cf98334411d2294c0e39098f4487dbed2bdb98c	cxxr/src/nmath/rnchisq.c	cc3b87d9f896aa541c188d452ae1d7d3a3c4b7f1	unchanged_cxxr_import
isomorphisms/ir	80134ccd43e6fa859772b4838c53ebac96a35b5c	cxxr/src/nmath/rnorm.c	a0a56e728f4dd617194fffd0e2f6c15fd045eea3	isomorphisms/ir	9cf98334411d2294c0e39098f4487dbed2bdb98c	cxxr/src/nmath/rnorm.c	a0a56e728f4dd617194fffd0e2f6c15fd045eea3	unchanged_cxxr_import
isomorphisms/ir	80134ccd43e6fa859772b4838c53ebac96a35b5c	cxxr/src/nmath/rpois.c	71b05d86c4d660c6bed38685076619ba78171501	isomorphisms/ir	9cf98334411d2294c0e39098f4487dbed2bdb98c	cxxr/src/nmath/rpois.c	71b05d86c4d660c6bed38685076619ba78171501	unchanged_cxxr_import
isomorphisms/ir	80134ccd43e6fa859772b4838c53ebac96a35b5c	cxxr/src/nmath/rt.c	8df7dc68ba3e89d6a952aac9a1ea29ec7165ba3b	isomorphisms/ir	9cf98334411d2294c0e39098f4487dbed2bdb98c	cxxr/src/nmath/rt.c	8df7dc68ba3e89d6a952aac9a1ea29ec7165ba3b	unchanged_cxxr_import
isomorphisms/ir	80134ccd43e6fa859772b4838c53ebac96a35b5c	cxxr/src/nmath/runif.c	455da92a358dbd66df46363832f0d821417a89b9	isomorphisms/ir	9cf98334411d2294c0e39098f4487dbed2bdb98c	cxxr/src/nmath/runif.c	455da92a358dbd66df46363832f0d821417a89b9	unchanged_cxxr_import
isomorphisms/ir	80134ccd43e6fa859772b4838c53ebac96a35b5c	cxxr/src/nmath/rweibull.c	51b1e6aea93a75765d264fcbb84cc872c9bb6269	isomorphisms/ir	9cf98334411d2294c0e39098f4487dbed2bdb98c	cxxr/src/nmath/rweibull.c	51b1e6aea93a75765d264fcbb84cc872c9bb6269	unchanged_cxxr_import
isomorphisms/ir	80134ccd43e6fa859772b4838c53ebac96a35b5c	cxxr/src/nmath/sexp.c	450d7da35ebeccb7a9573cd6b1b13b291a6e0b4b	isomorphisms/ir	9cf98334411d2294c0e39098f4487dbed2bdb98c	cxxr/src/nmath/sexp.c	450d7da35ebeccb7a9573cd6b1b13b291a6e0b4b	unchanged_cxxr_import
isomorphisms/ir	80134ccd43e6fa859772b4838c53ebac96a35b5c	cxxr/src/nmath/sign.c	c30596a31f45bbe2407514501ba43335fa6959d5	isomorphisms/ir	9cf98334411d2294c0e39098f4487dbed2bdb98c	cxxr/src/nmath/sign.c	c30596a31f45bbe2407514501ba43335fa6959d5	unchanged_cxxr_import
isomorphisms/ir	80134ccd43e6fa859772b4838c53ebac96a35b5c	cxxr/src/nmath/signrank.c	40800675f34e02ff378d82c74f9172b5c0788194	isomorphisms/ir	9cf98334411d2294c0e39098f4487dbed2bdb98c	cxxr/src/nmath/signrank.c	40800675f34e02ff378d82c74f9172b5c0788194	unchanged_cxxr_import
isomorphisms/ir	80134ccd43e6fa859772b4838c53ebac96a35b5c	cxxr/src/nmath/snorm.c	73d17e526bad0ce170a41669664f2e3045550f6a	isomorphisms/ir	9cf98334411d2294c0e39098f4487dbed2bdb98c	cxxr/src/nmath/snorm.c	73d17e526bad0ce170a41669664f2e3045550f6a	unchanged_cxxr_import
isomorphisms/ir	80134ccd43e6fa859772b4838c53ebac96a35b5c	cxxr/src/nmath/standalone/sunif.c	862b3063ffdc5885377152ad2b0b4c9efca91fac	isomorphisms/ir	9cf98334411d2294c0e39098f4487dbed2bdb98c	cxxr/src/nmath/standalone/sunif.c	862b3063ffdc5885377152ad2b0b4c9efca91fac	unchanged_cxxr_import
isomorphisms/ir	80134ccd43e6fa859772b4838c53ebac96a35b5c	cxxr/src/nmath/standalone/test.c	6be5c6f29ab290619426404dbe3e6e0863e3e835	isomorphisms/ir	9cf98334411d2294c0e39098f4487dbed2bdb98c	cxxr/src/nmath/standalone/test.c	6be5c6f29ab290619426404dbe3e6e0863e3e835	unchanged_cxxr_import
isomorphisms/ir	80134ccd43e6fa859772b4838c53ebac96a35b5c	cxxr/src/nmath/stirlerr.c	1beb3dc4b0833bd5fce2b4e646dcebe52ce47cdd	isomorphisms/ir	9cf98334411d2294c0e39098f4487dbed2bdb98c	cxxr/src/nmath/stirlerr.c	1beb3dc4b0833bd5fce2b4e646dcebe52ce47cdd	unchanged_cxxr_import
isomorphisms/ir	80134ccd43e6fa859772b4838c53ebac96a35b5c	cxxr/src/nmath/toms708.c	cd04777340de87c1ec56285ede191a0e295e1bb8	isomorphisms/ir	9cf98334411d2294c0e39098f4487dbed2bdb98c	cxxr/src/nmath/toms708.c	cd04777340de87c1ec56285ede191a0e295e1bb8	unchanged_cxxr_import
isomorphisms/ir	80134ccd43e6fa859772b4838c53ebac96a35b5c	cxxr/src/nmath/wilcox.c	1951ed67feafbbc84227cfbddcd2ee791225a12b	isomorphisms/ir	9cf98334411d2294c0e39098f4487dbed2bdb98c	cxxr/src/nmath/wilcox.c	1951ed67feafbbc84227cfbddcd2ee791225a12b	unchanged_cxxr_import
isomorphisms/ir	80134ccd43e6fa859772b4838c53ebac96a35b5c	cxxr/src/unix/dynload.c	f6e693320c7fc0ececbf8b15ffb4d36de59b6603	isomorphisms/ir	9cf98334411d2294c0e39098f4487dbed2bdb98c	cxxr/src/unix/dynload.c	f6e693320c7fc0ececbf8b15ffb4d36de59b6603	unchanged_cxxr_import
isomorphisms/ir	80134ccd43e6fa859772b4838c53ebac96a35b5c	cxxr/src/unix/hpdlfcn.c	fb0cf6735862a7e87003e5cc4fad2506cd6b0abf	isomorphisms/ir	9cf98334411d2294c0e39098f4487dbed2bdb98c	cxxr/src/unix/hpdlfcn.c	fb0cf6735862a7e87003e5cc4fad2506cd6b0abf	unchanged_cxxr_import
isomorphisms/ir	80134ccd43e6fa859772b4838c53ebac96a35b5c	cxxr/src/unix/hpdlfcn.h	679a824ab29660c8a3fad7ea6e93a52893e3fba9	isomorphisms/ir	9cf98334411d2294c0e39098f4487dbed2bdb98c	cxxr/src/unix/hpdlfcn.h	679a824ab29660c8a3fad7ea6e93a52893e3fba9	unchanged_cxxr_import
isomorphisms/ir	80134ccd43e6fa859772b4838c53ebac96a35b5c	cxxr/src/unix/Rembedded.c	26a7fa3aa6d6b6735c88d10fbe6de4ad00c144d7	isomorphisms/ir	9cf98334411d2294c0e39098f4487dbed2bdb98c	cxxr/src/unix/Rembedded.c	26a7fa3aa6d6b6735c88d10fbe6de4ad00c144d7	unchanged_cxxr_import
isomorphisms/ir	80134ccd43e6fa859772b4838c53ebac96a35b5c	cxxr/src/unix/Rscript.c	dc43c6a48d03e658cf17ed535ee52525cd2842b7	isomorphisms/ir	9cf98334411d2294c0e39098f4487dbed2bdb98c	cxxr/src/unix/Rscript.c	dc43c6a48d03e658cf17ed535ee52525cd2842b7	unchanged_cxxr_import
isomorphisms/ir	80134ccd43e6fa859772b4838c53ebac96a35b5c	cxxr/src/unix/Runix.h	e0b29e3a117721a466a5db6d7b22eb71fdcd9eb0	isomorphisms/ir	9cf98334411d2294c0e39098f4487dbed2bdb98c	cxxr/src/unix/Runix.h	e0b29e3a117721a466a5db6d7b22eb71fdcd9eb0	unchanged_cxxr_import
isomorphisms/ir	80134ccd43e6fa859772b4838c53ebac96a35b5c	cxxr/src/unix/sys-std.c	2a0ac4bf21f90559e46fc108cc2e8c0f9e2759df	isomorphisms/ir	9cf98334411d2294c0e39098f4487dbed2bdb98c	cxxr/src/unix/sys-std.c	2a0ac4bf21f90559e46fc108cc2e8c0f9e2759df	unchanged_cxxr_import
isomorphisms/ir	80134ccd43e6fa859772b4838c53ebac96a35b5c	cxxr/src/unix/sys-unix.c	c2f98e5937d021fc355fd6161a00ae8a2adb0600	isomorphisms/ir	9cf98334411d2294c0e39098f4487dbed2bdb98c	cxxr/src/unix/sys-unix.c	c2f98e5937d021fc355fd6161a00ae8a2adb0600	unchanged_cxxr_import
isomorphisms/ir	80134ccd43e6fa859772b4838c53ebac96a35b5c	cxxr/src/unix/system.c	39473be232e8e3e730797e66ff17ee95521b3211	isomorphisms/ir	9cf98334411d2294c0e39098f4487dbed2bdb98c	cxxr/src/unix/system.c	39473be232e8e3e730797e66ff17ee95521b3211	unchanged_cxxr_import
isomorphisms/ir	80134ccd43e6fa859772b4838c53ebac96a35b5c	cxxr/src/unix/X11.c	d9a1599340fa3e7ff11b17ac86eb2430dd610f19	isomorphisms/ir	9cf98334411d2294c0e39098f4487dbed2bdb98c	cxxr/src/unix/X11.c	d9a1599340fa3e7ff11b17ac86eb2430dd610f19	unchanged_cxxr_import
isomorphisms/ir	80134ccd43e6fa859772b4838c53ebac96a35b5c	cxxr/tests/Embedding/embeddedRCall.c	b05f95f58c482dd954d941f7f0aa39c46d5da0f0	isomorphisms/ir	9cf98334411d2294c0e39098f4487dbed2bdb98c	cxxr/tests/Embedding/embeddedRCall.c	b05f95f58c482dd954d941f7f0aa39c46d5da0f0	unchanged_cxxr_import
isomorphisms/ir	80134ccd43e6fa859772b4838c53ebac96a35b5c	cxxr/tests/Embedding/embeddedRCall.h	77190d3617253da32a67c85221e5389d18aa5028	isomorphisms/ir	9cf98334411d2294c0e39098f4487dbed2bdb98c	cxxr/tests/Embedding/embeddedRCall.h	77190d3617253da32a67c85221e5389d18aa5028	unchanged_cxxr_import
isomorphisms/ir	80134ccd43e6fa859772b4838c53ebac96a35b5c	cxxr/tests/Embedding/Rerror.c	7360f789cbf40d134f7a419ec992da46167db6c2	isomorphisms/ir	9cf98334411d2294c0e39098f4487dbed2bdb98c	cxxr/tests/Embedding/Rerror.c	7360f789cbf40d134f7a419ec992da46167db6c2	unchanged_cxxr_import
isomorphisms/ir	80134ccd43e6fa859772b4838c53ebac96a35b5c	cxxr/tests/Embedding/RNamedCall.c	6947b9feeb46bd476159920219d7cbf2b01f9ba0	isomorphisms/ir	9cf98334411d2294c0e39098f4487dbed2bdb98c	cxxr/tests/Embedding/RNamedCall.c	6947b9feeb46bd476159920219d7cbf2b01f9ba0	unchanged_cxxr_import
isomorphisms/ir	80134ccd43e6fa859772b4838c53ebac96a35b5c	cxxr/tests/Embedding/Rpackage.c	f208267b8761f1ea68f33f0aeafa72b2c7c99179	isomorphisms/ir	9cf98334411d2294c0e39098f4487dbed2bdb98c	cxxr/tests/Embedding/Rpackage.c	f208267b8761f1ea68f33f0aeafa72b2c7c99179	unchanged_cxxr_import
isomorphisms/ir	80134ccd43e6fa859772b4838c53ebac96a35b5c	cxxr/tests/Embedding/RParseEval.c	466278fe6871a19b4318d246155986d9d801b432	isomorphisms/ir	9cf98334411d2294c0e39098f4487dbed2bdb98c	cxxr/tests/Embedding/RParseEval.c	466278fe6871a19b4318d246155986d9d801b432	unchanged_cxxr_import
isomorphisms/ir	80134ccd43e6fa859772b4838c53ebac96a35b5c	cxxr/tests/Embedding/Rplot.c	d9fed4848c23c35da5b6bfc260a929bb65fb49d6	isomorphisms/ir	9cf98334411d2294c0e39098f4487dbed2bdb98c	cxxr/tests/Embedding/Rplot.c	d9fed4848c23c35da5b6bfc260a929bb65fb49d6	unchanged_cxxr_import
isomorphisms/ir	80134ccd43e6fa859772b4838c53ebac96a35b5c	cxxr/tests/Embedding/Rpostscript.c	5713447ababb11561547f041f8bd3013269902b2	isomorphisms/ir	9cf98334411d2294c0e39098f4487dbed2bdb98c	cxxr/tests/Embedding/Rpostscript.c	5713447ababb11561547f041f8bd3013269902b2	unchanged_cxxr_import
isomorphisms/ir	80134ccd43e6fa859772b4838c53ebac96a35b5c	cxxr/tests/Embedding/Rshutdown.c	ac852e8ff27a46b249f1f44846258ea8d09a0ea8	isomorphisms/ir	9cf98334411d2294c0e39098f4487dbed2bdb98c	cxxr/tests/Embedding/Rshutdown.c	ac852e8ff27a46b249f1f44846258ea8d09a0ea8	unchanged_cxxr_import
isomorphisms/ir	80134ccd43e6fa859772b4838c53ebac96a35b5c	cxxr/tests/Embedding/Rtest.c	be3072f363e0e9d448a81408f1cce46f4acf6136	isomorphisms/ir	9cf98334411d2294c0e39098f4487dbed2bdb98c	cxxr/tests/Embedding/Rtest.c	be3072f363e0e9d448a81408f1cce46f4acf6136	unchanged_cxxr_import
isomorphisms/ir	80134ccd43e6fa859772b4838c53ebac96a35b5c	cxxr/tests/Embedding/tryEval.c	59031085013399256d5e264ef2e5cb0dfa21a94b	isomorphisms/ir	9cf98334411d2294c0e39098f4487dbed2bdb98c	cxxr/tests/Embedding/tryEval.c	59031085013399256d5e264ef2e5cb0dfa21a94b	unchanged_cxxr_import
isomorphisms/ir	80134ccd43e6fa859772b4838c53ebac96a35b5c	cxxr/tests/test-system2.c	0f53f8dd2d7dd6057fd6c2f85bcbd934f658a0a2	isomorphisms/ir	9cf98334411d2294c0e39098f4487dbed2bdb98c	cxxr/tests/test-system2.c	0f53f8dd2d7dd6057fd6c2f85bcbd934f658a0a2	unchanged_cxxr_import
one-room-schoolhouse/jsonlite	a95c2e5399ab71596be50bf0b1766dc1ae703d5d	src/base64.c	24369bcfedb08db923dc8fbbff3606042faf6d60	jeroen/jsonlite	a95c2e5399ab71596be50bf0b1766dc1ae703d5d	src/base64.c	24369bcfedb08db923dc8fbbff3606042faf6d60	unchanged_upstream_snapshot
one-room-schoolhouse/jsonlite	a95c2e5399ab71596be50bf0b1766dc1ae703d5d	src/base64.h	5281f58728effbc6114cb93eed8387596f33e109	jeroen/jsonlite	a95c2e5399ab71596be50bf0b1766dc1ae703d5d	src/base64.h	5281f58728effbc6114cb93eed8387596f33e109	unchanged_upstream_snapshot
one-room-schoolhouse/jsonlite	a95c2e5399ab71596be50bf0b1766dc1ae703d5d	src/collapse_array.c	af523a5ce026b6f7599f3e9d513ea890dfcb8993	jeroen/jsonlite	a95c2e5399ab71596be50bf0b1766dc1ae703d5d	src/collapse_array.c	af523a5ce026b6f7599f3e9d513ea890dfcb8993	unchanged_upstream_snapshot
one-room-schoolhouse/jsonlite	a95c2e5399ab71596be50bf0b1766dc1ae703d5d	src/collapse_object.c	3c212d0f4befa9acfab8aad411ffd82653784059	jeroen/jsonlite	a95c2e5399ab71596be50bf0b1766dc1ae703d5d	src/collapse_object.c	3c212d0f4befa9acfab8aad411ffd82653784059	unchanged_upstream_snapshot
one-room-schoolhouse/jsonlite	a95c2e5399ab71596be50bf0b1766dc1ae703d5d	src/escape_chars.c	077829799d8f396cb9dc67aa36bdafeb52260437	jeroen/jsonlite	a95c2e5399ab71596be50bf0b1766dc1ae703d5d	src/escape_chars.c	077829799d8f396cb9dc67aa36bdafeb52260437	unchanged_upstream_snapshot
one-room-schoolhouse/jsonlite	a95c2e5399ab71596be50bf0b1766dc1ae703d5d	src/integer64_to_na.c	850d62dedebf5a503d6347754b4528933b9b1fa2	jeroen/jsonlite	a95c2e5399ab71596be50bf0b1766dc1ae703d5d	src/integer64_to_na.c	850d62dedebf5a503d6347754b4528933b9b1fa2	unchanged_upstream_snapshot
one-room-schoolhouse/jsonlite	a95c2e5399ab71596be50bf0b1766dc1ae703d5d	src/is_recordlist.c	2b12a9c0182281f0d54f0ea44ebca02de2922e32	jeroen/jsonlite	a95c2e5399ab71596be50bf0b1766dc1ae703d5d	src/is_recordlist.c	2b12a9c0182281f0d54f0ea44ebca02de2922e32	unchanged_upstream_snapshot
one-room-schoolhouse/jsonlite	a95c2e5399ab71596be50bf0b1766dc1ae703d5d	src/is_scalarlist.c	8c29149cc1d3c653213adc346fc652aebaaee989	jeroen/jsonlite	a95c2e5399ab71596be50bf0b1766dc1ae703d5d	src/is_scalarlist.c	8c29149cc1d3c653213adc346fc652aebaaee989	unchanged_upstream_snapshot
one-room-schoolhouse/jsonlite	a95c2e5399ab71596be50bf0b1766dc1ae703d5d	src/modp_numtoa.c	acc2e174b3b20b5cbc90df8f294d6f754133000f	jeroen/jsonlite	a95c2e5399ab71596be50bf0b1766dc1ae703d5d	src/modp_numtoa.c	acc2e174b3b20b5cbc90df8f294d6f754133000f	unchanged_upstream_snapshot
one-room-schoolhouse/jsonlite	a95c2e5399ab71596be50bf0b1766dc1ae703d5d	src/modp_numtoa.h	b848163d1d7b538199f6e51f6fdccb796863014b	jeroen/jsonlite	a95c2e5399ab71596be50bf0b1766dc1ae703d5d	src/modp_numtoa.h	b848163d1d7b538199f6e51f6fdccb796863014b	unchanged_upstream_snapshot
one-room-schoolhouse/jsonlite	a95c2e5399ab71596be50bf0b1766dc1ae703d5d	src/null_to_na.c	d3eb307df644ad97375ea13d6bf4efc00cccabab	jeroen/jsonlite	a95c2e5399ab71596be50bf0b1766dc1ae703d5d	src/null_to_na.c	d3eb307df644ad97375ea13d6bf4efc00cccabab	unchanged_upstream_snapshot
one-room-schoolhouse/jsonlite	a95c2e5399ab71596be50bf0b1766dc1ae703d5d	src/num_to_char.c	8aa9b448519da78ddc2ec79c2d22129930d31ce8	jeroen/jsonlite	a95c2e5399ab71596be50bf0b1766dc1ae703d5d	src/num_to_char.c	8aa9b448519da78ddc2ec79c2d22129930d31ce8	unchanged_upstream_snapshot
one-room-schoolhouse/jsonlite	a95c2e5399ab71596be50bf0b1766dc1ae703d5d	src/parse.c	0cd6b25ab8ef09ff05a667f501e2539638144829	jeroen/jsonlite	a95c2e5399ab71596be50bf0b1766dc1ae703d5d	src/parse.c	0cd6b25ab8ef09ff05a667f501e2539638144829	unchanged_upstream_snapshot
one-room-schoolhouse/jsonlite	a95c2e5399ab71596be50bf0b1766dc1ae703d5d	src/prettify.c	b940c2dea37d83a2346543dd6ce2f6580f5b62cb	jeroen/jsonlite	a95c2e5399ab71596be50bf0b1766dc1ae703d5d	src/prettify.c	b940c2dea37d83a2346543dd6ce2f6580f5b62cb	unchanged_upstream_snapshot
one-room-schoolhouse/jsonlite	a95c2e5399ab71596be50bf0b1766dc1ae703d5d	src/validate.c	3a2da339b1f511e8fb7d1e8f25a44d3e748a0d41	jeroen/jsonlite	a95c2e5399ab71596be50bf0b1766dc1ae703d5d	src/validate.c	3a2da339b1f511e8fb7d1e8f25a44d3e748a0d41	unchanged_upstream_snapshot
one-room-schoolhouse/jsonlite	a95c2e5399ab71596be50bf0b1766dc1ae703d5d	src/yajl/api/yajl_common.h	9596ef98d2f7dfde5923d650767e2b33f84b0720	jeroen/jsonlite	a95c2e5399ab71596be50bf0b1766dc1ae703d5d	src/yajl/api/yajl_common.h	9596ef98d2f7dfde5923d650767e2b33f84b0720	unchanged_upstream_snapshot
one-room-schoolhouse/jsonlite	a95c2e5399ab71596be50bf0b1766dc1ae703d5d	src/yajl/api/yajl_gen.h	caef55e2004d1a0df0be05839f43cd7731798b69	jeroen/jsonlite	a95c2e5399ab71596be50bf0b1766dc1ae703d5d	src/yajl/api/yajl_gen.h	caef55e2004d1a0df0be05839f43cd7731798b69	unchanged_upstream_snapshot
one-room-schoolhouse/jsonlite	a95c2e5399ab71596be50bf0b1766dc1ae703d5d	src/yajl/api/yajl_parse.h	7cccb694a6b63b1893f747cf80a3e5de2124eb7e	jeroen/jsonlite	a95c2e5399ab71596be50bf0b1766dc1ae703d5d	src/yajl/api/yajl_parse.h	7cccb694a6b63b1893f747cf80a3e5de2124eb7e	unchanged_upstream_snapshot
one-room-schoolhouse/jsonlite	a95c2e5399ab71596be50bf0b1766dc1ae703d5d	src/yajl/api/yajl_tree.h	08c55eb15a85c9428eb1f87714eefd918a1d54f1	jeroen/jsonlite	a95c2e5399ab71596be50bf0b1766dc1ae703d5d	src/yajl/api/yajl_tree.h	08c55eb15a85c9428eb1f87714eefd918a1d54f1	unchanged_upstream_snapshot
one-room-schoolhouse/jsonlite	a95c2e5399ab71596be50bf0b1766dc1ae703d5d	src/yajl/api/yajl_version.h	ab1fc1249e819e9763f2498ce838079b7a5ca370	jeroen/jsonlite	a95c2e5399ab71596be50bf0b1766dc1ae703d5d	src/yajl/api/yajl_version.h	ab1fc1249e819e9763f2498ce838079b7a5ca370	unchanged_upstream_snapshot
one-room-schoolhouse/jsonlite	a95c2e5399ab71596be50bf0b1766dc1ae703d5d	src/yajl/yajl_alloc.c	96ad1d330494444e8e672c4e900e7c7b7daaf4af	jeroen/jsonlite	a95c2e5399ab71596be50bf0b1766dc1ae703d5d	src/yajl/yajl_alloc.c	96ad1d330494444e8e672c4e900e7c7b7daaf4af	unchanged_upstream_snapshot
one-room-schoolhouse/jsonlite	a95c2e5399ab71596be50bf0b1766dc1ae703d5d	src/yajl/yajl_alloc.h	203c2f97bd911683956e13555239f2bd7f13c9f2	jeroen/jsonlite	a95c2e5399ab71596be50bf0b1766dc1ae703d5d	src/yajl/yajl_alloc.h	203c2f97bd911683956e13555239f2bd7f13c9f2	unchanged_upstream_snapshot
one-room-schoolhouse/jsonlite	a95c2e5399ab71596be50bf0b1766dc1ae703d5d	src/yajl/yajl_buf.c	1aeafde0893261a63353cec82a49799af22ec7f9	jeroen/jsonlite	a95c2e5399ab71596be50bf0b1766dc1ae703d5d	src/yajl/yajl_buf.c	1aeafde0893261a63353cec82a49799af22ec7f9	unchanged_upstream_snapshot
one-room-schoolhouse/jsonlite	a95c2e5399ab71596be50bf0b1766dc1ae703d5d	src/yajl/yajl_buf.h	a35824630334ef034dcd2014dcb79ef833ecdf05	jeroen/jsonlite	a95c2e5399ab71596be50bf0b1766dc1ae703d5d	src/yajl/yajl_buf.h	a35824630334ef034dcd2014dcb79ef833ecdf05	unchanged_upstream_snapshot
one-room-schoolhouse/jsonlite	a95c2e5399ab71596be50bf0b1766dc1ae703d5d	src/yajl/yajl_bytestack.h	9ea7d151e3c226a4a0b637417656f1a7680d2fe2	jeroen/jsonlite	a95c2e5399ab71596be50bf0b1766dc1ae703d5d	src/yajl/yajl_bytestack.h	9ea7d151e3c226a4a0b637417656f1a7680d2fe2	unchanged_upstream_snapshot
one-room-schoolhouse/jsonlite	a95c2e5399ab71596be50bf0b1766dc1ae703d5d	src/yajl/yajl_encode.c	fd082581885ef3c08ed22f32edcf15d49792a908	jeroen/jsonlite	a95c2e5399ab71596be50bf0b1766dc1ae703d5d	src/yajl/yajl_encode.c	fd082581885ef3c08ed22f32edcf15d49792a908	unchanged_upstream_snapshot
one-room-schoolhouse/jsonlite	a95c2e5399ab71596be50bf0b1766dc1ae703d5d	src/yajl/yajl_encode.h	853a1a701cecea58ea3fd28271a067ca13ba08fd	jeroen/jsonlite	a95c2e5399ab71596be50bf0b1766dc1ae703d5d	src/yajl/yajl_encode.h	853a1a701cecea58ea3fd28271a067ca13ba08fd	unchanged_upstream_snapshot
one-room-schoolhouse/jsonlite	a95c2e5399ab71596be50bf0b1766dc1ae703d5d	src/yajl/yajl_gen.c	bf7629a44ce4cbe501e85558d9bc608b2a6b0656	jeroen/jsonlite	a95c2e5399ab71596be50bf0b1766dc1ae703d5d	src/yajl/yajl_gen.c	bf7629a44ce4cbe501e85558d9bc608b2a6b0656	unchanged_upstream_snapshot
one-room-schoolhouse/jsonlite	a95c2e5399ab71596be50bf0b1766dc1ae703d5d	src/yajl/yajl_lex.c	0b6f7ccfae86a0e621ae988691fdb85a88608734	jeroen/jsonlite	a95c2e5399ab71596be50bf0b1766dc1ae703d5d	src/yajl/yajl_lex.c	0b6f7ccfae86a0e621ae988691fdb85a88608734	unchanged_upstream_snapshot
one-room-schoolhouse/jsonlite	a95c2e5399ab71596be50bf0b1766dc1ae703d5d	src/yajl/yajl_lex.h	fd17c001d245427cb0e552bc57e7b7cba1ac9d36	jeroen/jsonlite	a95c2e5399ab71596be50bf0b1766dc1ae703d5d	src/yajl/yajl_lex.h	fd17c001d245427cb0e552bc57e7b7cba1ac9d36	unchanged_upstream_snapshot
one-room-schoolhouse/jsonlite	a95c2e5399ab71596be50bf0b1766dc1ae703d5d	src/yajl/yajl_parser.c	1a9bd23ed126df4e16d4a1fffed77f7eaef43b60	jeroen/jsonlite	a95c2e5399ab71596be50bf0b1766dc1ae703d5d	src/yajl/yajl_parser.c	1a9bd23ed126df4e16d4a1fffed77f7eaef43b60	unchanged_upstream_snapshot
one-room-schoolhouse/jsonlite	a95c2e5399ab71596be50bf0b1766dc1ae703d5d	src/yajl/yajl_parser.h	c79299a08da934291b9b698f15cce56c94cc3313	jeroen/jsonlite	a95c2e5399ab71596be50bf0b1766dc1ae703d5d	src/yajl/yajl_parser.h	c79299a08da934291b9b698f15cce56c94cc3313	unchanged_upstream_snapshot
one-room-schoolhouse/jsonlite	a95c2e5399ab71596be50bf0b1766dc1ae703d5d	src/yajl/yajl_tree.c	2784b191f50752db1291172b4cdc9d30f1a09cc0	jeroen/jsonlite	a95c2e5399ab71596be50bf0b1766dc1ae703d5d	src/yajl/yajl_tree.c	2784b191f50752db1291172b4cdc9d30f1a09cc0	unchanged_upstream_snapshot
one-room-schoolhouse/jsonlite	a95c2e5399ab71596be50bf0b1766dc1ae703d5d	src/yajl/yajl_version.c	71c1450f2af81e34c354258defe781417f584690	jeroen/jsonlite	a95c2e5399ab71596be50bf0b1766dc1ae703d5d	src/yajl/yajl_version.c	71c1450f2af81e34c354258defe781417f584690	unchanged_upstream_snapshot
one-room-schoolhouse/jsonlite	a95c2e5399ab71596be50bf0b1766dc1ae703d5d	src/yajl/yajl.c	d477893f116a27bf13aeea6687ce62393295ea91	jeroen/jsonlite	a95c2e5399ab71596be50bf0b1766dc1ae703d5d	src/yajl/yajl.c	d477893f116a27bf13aeea6687ce62393295ea91	unchanged_upstream_snapshot
