repository	scope	PR	observed_commit	path	blob	classification	note
Ashtray-Archer/utilities-android-phone-user	default		ec022aea6fe6836ea78f479b498e85b3452d88b7	math-characters/idric/GenerateLayouts.idric	5f10a874802df6cd805be8648e4c843757864e8b	NO_ASCII_SLASH	Full source blob inspected
Ashtray-Archer/utilities-android-phone-user	default		ec022aea6fe6836ea78f479b498e85b3452d88b7	math-characters/idric/PickerContract.idric	28c3e42c73cdd7e297b339f8b8871bc54ab79018	NO_ASCII_SLASH	Full source blob inspected
Ashtray-Archer/utilities-android-phone-user	default		ec022aea6fe6836ea78f479b498e85b3452d88b7	math-characters/idric/UnicodePicker.idric	2ac3e48afb6bfdb6b1fa8212954db99a009669eb	NO_OWNED_ARITHMETIC_SLASH	Reviewed slash occurrences are comments, text/character literals, paths, generated foreign descriptors, or /= inequality
Ashtray-Archer/utilities-android-phone-user	default		ec022aea6fe6836ea78f479b498e85b3452d88b7	math-characters/idric/UnicodePicker/CLayout.idric	b8c5a2469bfabe3d2ea42d4fb5feb643d8350a30	NO_OWNED_ARITHMETIC_SLASH	Reviewed slash occurrences are comments, text/character literals, paths, generated foreign descriptors, or /= inequality
Ashtray-Archer/utilities-android-phone-user	default		ec022aea6fe6836ea78f479b498e85b3452d88b7	math-characters/idric/rejected/OutOfRangePasteSlot.idric	f6361cb473e8bc341e88f8cb7548afb165f3d429	NO_ASCII_SLASH	Full source blob inspected
dilapidated-shed/icu	default		902537cedeaefc4c00fc6d6e99d2a5e584ad3bc3	HttpTests.idric	25d61958888785ad751f686b6cb42483bc799c22	PATH_CONTENT	Git symlink target text
dilapidated-shed/icu	default		902537cedeaefc4c00fc6d6e99d2a5e584ad3bc3	Main.idric	75aa2e73f719f3c4f77a3fd519bdf2f6320f971d	PATH_CONTENT	Git symlink target text
dilapidated-shed/icu	default		902537cedeaefc4c00fc6d6e99d2a5e584ad3bc3	Transport.idric	8c6f6a11bd305b9a0d64f8c96ef5a97deb39af7a	PATH_CONTENT	Git symlink target text
dilapidated-shed/icu	default		902537cedeaefc4c00fc6d6e99d2a5e584ad3bc3	src/Main.idric	09b2218dadd60479e15a65681dfee58207d6994d	NO_OWNED_ARITHMETIC_SLASH	Reviewed slash occurrences are comments, text/character literals, paths, generated foreign descriptors, or /= inequality
dilapidated-shed/icu	default		902537cedeaefc4c00fc6d6e99d2a5e584ad3bc3	src/Transport.idric	a83aed430535813b8ee62f0846d115aecae9ed2d	NO_OWNED_ARITHMETIC_SLASH	Reviewed slash occurrences are comments, text/character literals, paths, generated foreign descriptors, or /= inequality
dilapidated-shed/icu	default		902537cedeaefc4c00fc6d6e99d2a5e584ad3bc3	tests/HttpTests.idric	66846279c029642415ce8b48ea285f440fda3725	NO_OWNED_ARITHMETIC_SLASH	Reviewed slash occurrences are comments, text/character literals, paths, generated foreign descriptors, or /= inequality
fuego-ironworks/idric-arm-thumb	default		044877107e179df2ab3c8420867d71faff254f9f	_/pr-1-and-6-arm-thumb-first-slices/code/examples/Affine.idric	6e1937a6770650d192a6c7f0aa4220b4c119b9d1	NO_ASCII_SLASH	Full source blob inspected
fuego-ironworks/idric-arm-thumb	default		044877107e179df2ab3c8420867d71faff254f9f	_/pr-1-and-6-arm-thumb-first-slices/code/examples/Operations.idric	38c0b58962f29318cfc492bcc69f70997861b329	NO_ASCII_SLASH	Full source blob inspected
fuego-ironworks/idric-arm-thumb	default		044877107e179df2ab3c8420867d71faff254f9f	_/pr-1-and-6-arm-thumb-first-slices/code/tests/characters/Concat.idric	58ca614bc70e6df7520880f30628287bc18d8ead	NO_ASCII_SLASH	Full source blob inspected
fuego-ironworks/idric-arm-thumb	default		044877107e179df2ab3c8420867d71faff254f9f	_/pr-1-and-6-arm-thumb-first-slices/code/tests/characters/FGrepLambda.idric	45e6d76150403082166632d2a42831f8da64b6de	NO_ASCII_SLASH	Full source blob inspected
fuego-ironworks/idric-arm-thumb	default		044877107e179df2ab3c8420867d71faff254f9f	_/pr-1-and-6-arm-thumb-first-slices/code/tests/characters/PrintASCII.idric	b096fab9fa9bc77cf76bd8edd2c100f8d553275e	NO_ASCII_SLASH	Full source blob inspected
fuego-ironworks/idric-arm-thumb	default		044877107e179df2ab3c8420867d71faff254f9f	_/pr-1-and-6-arm-thumb-first-slices/code/tests/characters/PrintUTF8.idric	c77ae301cf5f944519bd6dd107e79b7ee96efd8f	NO_ASCII_SLASH	Full source blob inspected
fuego-ironworks/idric-arm-thumb	default		044877107e179df2ab3c8420867d71faff254f9f	_/pr-1-and-6-arm-thumb-first-slices/code/tests/characters/ReadASCII.idric	9f2dd31c7b9227f43a3a00353d00a1753725d1cd	NO_ASCII_SLASH	Full source blob inspected
fuego-ironworks/idric-arm-thumb	default		044877107e179df2ab3c8420867d71faff254f9f	_/pr-1-and-6-arm-thumb-first-slices/code/tests/characters/ReadUTF8.idric	36dc2bdbcd7e8c05d40957a4225d1f8b23564245	NO_ASCII_SLASH	Full source blob inspected
fuego-ironworks/idric-arm-thumb	default		044877107e179df2ab3c8420867d71faff254f9f	_/pr-1-and-6-arm-thumb-first-slices/code/tests/source/InvalidInt.idric	20e926762e7ead8bbaba4f361638e7d936c062f5	NO_ASCII_SLASH	Full source blob inspected
fuego-ironworks/idric-arm-thumb	default		044877107e179df2ab3c8420867d71faff254f9f	_/pr-1-and-6-arm-thumb-first-slices/code/tests/source/InvalidResult.idric	6ae0bbf4f06bc83ae912390b225aa45ecba900a2	NO_ASCII_SLASH	Full source blob inspected
fuego-ironworks/idric-arm-thumb	default		044877107e179df2ab3c8420867d71faff254f9f	_/pr-1-and-6-arm-thumb-first-slices/code/tests/source/TooManyArgs.idric	49f1e64110f9db312abd3daf6624b101c62f9b23	NO_ASCII_SLASH	Full source blob inspected
fuego-ironworks/idric-arm-thumb	default		044877107e179df2ab3c8420867d71faff254f9f	examples/DexArithmetic.idric	4f805bd495a8f53c7dd7e50b1d8b2467b48d82b6	NO_ASCII_SLASH	Full source blob inspected
fuego-ironworks/idric-arm-thumb	default		044877107e179df2ab3c8420867d71faff254f9f	examples/DexText.idric	0e8b1225039a74c15118970d1a16ec11e4627acf	NO_ASCII_SLASH	Full source blob inspected
fuego-ironworks/idric-arm-thumb	default		044877107e179df2ab3c8420867d71faff254f9f	tests/source/InvalidDexInt.idric	464b3bec650e5dc9b8d26b6f61ee63489c9c25a4	NO_ASCII_SLASH	Full source blob inspected
fuego-ironworks/idric-x86-aggressive-backend	default		e185d326df5d63f93c7675cb51fde9a8cb4d3ce5	fixtures/Add.idric	739cbe5efb249c3122b624d6bd1665f06c1748bb	NO_ASCII_SLASH	Full source blob inspected
fuego-ironworks/idric-x86-aggressive-backend	default		e185d326df5d63f93c7675cb51fde9a8cb4d3ce5	fixtures/BranchFalse.idric	a68b84acacdc632d10c183e2c0e6414dbfb0e6fa	NO_ASCII_SLASH	Full source blob inspected
fuego-ironworks/idric-x86-aggressive-backend	default		e185d326df5d63f93c7675cb51fde9a8cb4d3ce5	fixtures/BranchTrue.idric	e3c7cc311b7dc5c154739455ba62b9b1282d4a81	NO_ASCII_SLASH	Full source blob inspected
fuego-ironworks/idric-x86-aggressive-backend	default		e185d326df5d63f93c7675cb51fde9a8cb4d3ce5	fixtures/DirectCall.idric	3926f52c72fa52e605eff132befe5939c66a69a9	NO_ASCII_SLASH	Full source blob inspected
fuego-ironworks/idric-x86-aggressive-backend	default		e185d326df5d63f93c7675cb51fde9a8cb4d3ce5	fixtures/Multiply.idric	1ba216c14925fda28b0a5791dd2e84fa6720060d	NO_ASCII_SLASH	Full source blob inspected
fuego-ironworks/idric-x86-aggressive-backend	default		e185d326df5d63f93c7675cb51fde9a8cb4d3ce5	fixtures/PrintX.idric	936f6ea84e8a73af51bc00debfaee68d8af2fecf	NO_ASCII_SLASH	Full source blob inspected
fuego-ironworks/idric-x86-aggressive-backend	default		e185d326df5d63f93c7675cb51fde9a8cb4d3ce5	fixtures/RegisterPressure.idric	ffa83a7e18601046706d570ab029675bbb2583bc	NO_ASCII_SLASH	Full source blob inspected
fuego-ironworks/idric-x86-aggressive-backend	default		e185d326df5d63f93c7675cb51fde9a8cb4d3ce5	fixtures/Subtract.idric	7ff38e0e7a39e6652b8d7b84c045702d5fdfa60e	NO_ASCII_SLASH	Full source blob inspected
fuego-ironworks/idric-x86-aggressive-backend	default		e185d326df5d63f93c7675cb51fde9a8cb4d3ce5	print_x.idric	3e5a17d31ba121745c89403b560b4bc1fa1f0408	PATH_CONTENT	Git symlink target text
isomorphismes/Conway	default		67297505bb9f917deacd85df618ffabcd1439f7f	wallpapers/ConwayWallpaper.idric	fe33907ea6ff554cd3045708d58d3ce1f0658d89	NO_ASCII_SLASH	Full source blob inspected
isomorphismes/knot-complement	default		0a7c9db323dc3cc13784bb36bbcd59ae35d83899	refactor/idric/Recenter.idric	cfacc6ae52da9c9cadd61925d894357fa887432e	NO_OWNED_ARITHMETIC_SLASH	Reviewed slash occurrences are comments, text/character literals, paths, generated foreign descriptors, or /= inequality
isomorphismes/hopf_fibration	default		f2fdb7e6d626d66df8af820d3acd0cba641fcc41	src/GenerateHeader.idric	1e4eccbfd712e8dd0d9fbfb70bc6fb89e61e0be6	NO_OWNED_ARITHMETIC_SLASH	Reviewed slash occurrences are comments, text/character literals, paths, generated foreign descriptors, or /= inequality
isomorphismes/hopf_fibration	default		f2fdb7e6d626d66df8af820d3acd0cba641fcc41	src/GenerateSource.idric	c24af625904b5ae206a62b2921a9a3032f6fa3fc	C_PRODUCER_MIGRATION_IN_PROGRESS	C output templates need ICK compile stage; generator plus generated C being repaired
isomorphismes/hopf_fibration	default		f2fdb7e6d626d66df8af820d3acd0cba641fcc41	src/Hopf.idric	56460c5ae458e3766cf44ea106670d4fa44e2e9c	C_PRODUCER_MIGRATION_IN_PROGRESS	C output templates need ICK compile stage; generator plus generated C being repaired
isomorphismes/L	default		668f0c4876c861635c1437cce0c5097f248854b8	shader/LWegert.idric	51bc226ecee1d5fd9eff75659c6bec3e5b93b7c7	NO_OWNED_ARITHMETIC_SLASH	Reviewed slash occurrences are comments, text/character literals, paths, generated foreign descriptors, or /= inequality
isomorphismes/ortho	default		b7128acbfd22bc69c91d3dd4a1d0a686c01cfdb3	src/Generate.idric	8d47bcd02d6288286c9b1236992fd7b2a17da816	NO_OWNED_ARITHMETIC_SLASH	Reviewed slash occurrences are comments, text/character literals, paths, generated foreign descriptors, or /= inequality
isomorphismes/ortho	default		b7128acbfd22bc69c91d3dd4a1d0a686c01cfdb3	src/Orthant.idric	9c1ab825e480151a67a2db4c883dacf1b861cea9	NO_ASCII_SLASH	Full source blob inspected
isomorphismes/spinor	default		830b4ceb6f029316cb53a5145fc6ac96eae21bd2	types/Spinor.idric	25f024b47fdba2fba3dc713a49e41dbc9f31f679	NO_OWNED_ARITHMETIC_SLASH	Reviewed slash occurrences are comments, text/character literals, paths, generated foreign descriptors, or /= inequality
isomorphismes/young-tableaux	default		a60493703dc164cfc8573f050848b77c6a00badf	types/YoungTableaux/Operations.idric	5221ed71b9dc71694a2b7bcf561bff240ee224ed	NO_ASCII_SLASH	Full source blob inspected
isomorphisms/ai-ci	default		3d174000649f9f828c29e6be981cfd0e60646014	_/pr-9-catfood-bare-cloud-acceptance/code/catfood/fixtures/ib/AiciCatfoodFixture.idric	e7715f6afa0e233e7079461c7c4ed9f9c0c044e6	NO_OWNED_ARITHMETIC_SLASH	Reviewed slash occurrences are comments, text/character literals, paths, generated foreign descriptors, or /= inequality
isomorphisms/ai-ci	default		3d174000649f9f828c29e6be981cfd0e60646014	_/pr-9-catfood-bare-cloud-acceptance/code/catfood/fixtures/idric/Main.idric	f7c4c4790a6a66bc29c946776631828e3850f62d	NO_ASCII_SLASH	Full source blob inspected
isomorphisms/ai-ci	default		3d174000649f9f828c29e6be981cfd0e60646014	benchmarks/iridium-2014/IdricBench.idric	6a77554774d2b84659c6dd722f22d4b075995fb5	MIGRATION_PUBLISHED_OR_PARENT_OWNED	1 arithmetic operator; parent-owned ai-ci PR240
isomorphisms/ai-ci	default		3d174000649f9f828c29e6be981cfd0e60646014	tests/fixtures/coupled-bad-partial/coupled-substitution.idric	f7a24428ba89e202d26071dc193c3a139178529b	NO_ASCII_SLASH	Full source blob inspected
isomorphisms/ai-ci	default		3d174000649f9f828c29e6be981cfd0e60646014	tests/fixtures/coupled-bad-precheck/coupled-substitution.idric	4192310ca901e2580919e41641004899c998425d	NO_ASCII_SLASH	Full source blob inspected
isomorphisms/ai-ci	default		3d174000649f9f828c29e6be981cfd0e60646014	tests/fixtures/coupled-bad-signature/coupled-substitution.idric	97ce9193492e450b95facfb44fdd6cf76b96d514	NO_ASCII_SLASH	Full source blob inspected
isomorphisms/ai-ci	default		3d174000649f9f828c29e6be981cfd0e60646014	tests/fixtures/coupled-good/coupled-substitution.idric	d05ba7b882d1b16f8b4bcea087d93937789421e7	NO_ASCII_SLASH	Full source blob inspected
isomorphismes/pauli	default		11fa8e1dfbfdfbf776ec26ae0d5656aadc090b8e	raytracer/RayTracer.idric	aa11c299ddd7fd05122de6c68e489a905a6e94c5	MIGRATION_PUBLISHED_OR_PARENT_OWNED	9 arithmetic operators; pauli PR24
isomorphismes/pauli	default		11fa8e1dfbfdfbf776ec26ae0d5656aadc090b8e	raytracer/RayTracerTypes.idric	f6c5c627365e1070da9223ffd58a544c6b8adcfb	NO_OWNED_ARITHMETIC_SLASH	Reviewed slash occurrences are comments, text/character literals, paths, generated foreign descriptors, or /= inequality
isomorphisms/android-NDK	default		42f04d7654d54309ec3f8787bfd2bc40730399d7	dex/idric/examples/DexArithmetic.idric	4f805bd495a8f53c7dd7e50b1d8b2467b48d82b6	NO_ASCII_SLASH	Full source blob inspected
isomorphisms/android-NDK	default		42f04d7654d54309ec3f8787bfd2bc40730399d7	dex/idric/examples/DexText.idric	0e8b1225039a74c15118970d1a16ec11e4627acf	NO_ASCII_SLASH	Full source blob inspected
isomorphisms/android-NDK	default		42f04d7654d54309ec3f8787bfd2bc40730399d7	dex/idric/tests/source/InvalidDexInt.idric	464b3bec650e5dc9b8d26b6f61ee63489c9c25a4	NO_ASCII_SLASH	Full source blob inspected
isomorphisms/android-NDK	default		42f04d7654d54309ec3f8787bfd2bc40730399d7	examples/autogenerated/quick-settings-bindings/QuickSettingsBindings.idric	571b5e4c0e60a84b433a0a44d919435db87014e9	NO_OWNED_ARITHMETIC_SLASH	Reviewed slash occurrences are comments, text/character literals, paths, generated foreign descriptors, or /= inequality
isomorphisms/android-NDK	default		42f04d7654d54309ec3f8787bfd2bc40730399d7	examples/autogenerated/quick-settings-bindings/WrongTileReceiver.idric	8ef0a5316f9720a62354bcd0e8ffd807e68b75dd	NO_ASCII_SLASH	Full source blob inspected
isomorphisms/android-NDK	default		42f04d7654d54309ec3f8787bfd2bc40730399d7	examples/autogenerated/quick-settings-foreign-types/QuickSettingsForeignTypes.idric	5be40be7ec98693fe0118638272b3ccba312ff62	NO_OWNED_ARITHMETIC_SLASH	Reviewed slash occurrences are comments, text/character literals, paths, generated foreign descriptors, or /= inequality
isomorphisms/android-NDK	default		42f04d7654d54309ec3f8787bfd2bc40730399d7	quick-settings/idric/src/Android/QuickSettings.idric	23a4bfaed6592934a2d6d8ff28d5f8dc62cbcef1	NO_OWNED_ARITHMETIC_SLASH	Reviewed slash occurrences are comments, text/character literals, paths, generated foreign descriptors, or /= inequality
isomorphisms/android-NDK	default		42f04d7654d54309ec3f8787bfd2bc40730399d7	quick-settings/idric/src/Android/QuickSettings/Foreign.idric	9d1b8bb3de1eba2a4f484fa0a07751a249ee8a30	NO_OWNED_ARITHMETIC_SLASH	Reviewed slash occurrences are comments, text/character literals, paths, generated foreign descriptors, or /= inequality
isomorphisms/android-NDK	default		42f04d7654d54309ec3f8787bfd2bc40730399d7	quick-settings/idric/src/Android/QuickSettings/References.idric	86c4c13421c36a62cbc92dd8045ba68ff7736c6a	NO_OWNED_ARITHMETIC_SLASH	Reviewed slash occurrences are comments, text/character literals, paths, generated foreign descriptors, or /= inequality
place-of-honor/learn-toki-pona	default		ef55a23acd94cc501e7a0d5e44ab01296b881c30	TokiPonaQuizTypes.idric	b6336c516ec3fe4292a5f10617abd14f74a07a3a	NO_OWNED_ARITHMETIC_SLASH	Reviewed slash occurrences are comments, text/character literals, paths, generated foreign descriptors, or /= inequality
dilapidated-shed/climenu	default		b39dbb2bd44d0f87d3321f01c995edb80358b21b	Climenu.idric	6be4ad24ba0c62d7b14dab2b9ad914e4adf45fb0	NO_OWNED_ARITHMETIC_SLASH	Reviewed slash occurrences are comments, text/character literals, paths, generated foreign descriptors, or /= inequality
dilapidated-shed/fieldmouse	default		7ebef96b31b013b086bab8abb683741451d08f32	Fieldmouse.idric	ad89086f452b2f127282d6bdd808a0af8a4256c3	MIGRATION_PUBLISHED_OR_PARENT_OWNED	1 Idric evaluator arithmetic operator; fieldmouse PR11
dilapidated-shed/fieldmouse	default		7ebef96b31b013b086bab8abb683741451d08f32	Main.idric	11ace8e30bbbe31c52963054d1fcd65c468afe99	NO_ASCII_SLASH	Full source blob inspected
dilapidated-shed/fieldmouse	default		7ebef96b31b013b086bab8abb683741451d08f32	Tests.idric	21dab59f58443768c491f3a9d7ba197face038ed	NO_OWNED_ARITHMETIC_SLASH	Reviewed slash occurrences are comments, text/character literals, paths, generated foreign descriptors, or /= inequality
dilapidated-shed/fieldmouse	default		7ebef96b31b013b086bab8abb683741451d08f32	tests/rejected/ArbitraryBinaryOperator.idric	f7e3ada37e7944da0036eca78004abf99f04296a	NO_ASCII_SLASH	Full source blob inspected
dilapidated-shed/fieldmouse	default		7ebef96b31b013b086bab8abb683741451d08f32	tests/rejected/ArbitraryHostRequest.idric	6479d0990527b1fa8626d8ee44f32f3c476ad55a	NO_ASCII_SLASH	Full source blob inspected
dilapidated-shed/fieldmouse	default		7ebef96b31b013b086bab8abb683741451d08f32	tests/rejected/ArbitraryNativeCall.idric	53505770aac8c3cdf8963b88addfa9bf85424f3d	NO_ASCII_SLASH	Full source blob inspected
dilapidated-shed/fieldmouse	default		7ebef96b31b013b086bab8abb683741451d08f32	tests/rejected/ArbitraryOperator.idric	03f2f7e3947a47cf7958b270f9a71c9112dcb75e	NO_ASCII_SLASH	Full source blob inspected
dilapidated-shed/idric-cli	default		b710708e9fc1426f10bca2d426fbb210fc729c20	Ap.idric	898af97fbba309484ed9e908f47ee9539a1e769f	PATH_CONTENT	Git symlink target text
dilapidated-shed/idric-cli	default		b710708e9fc1426f10bca2d426fbb210fc729c20	Economist.idric	700965b242b5562512d5cd88453db36fa5aa0463	PATH_CONTENT	Git symlink target text
dilapidated-shed/idric-cli	default		b710708e9fc1426f10bca2d426fbb210fc729c20	Ft.idric	d282364c99c1d0d8f33d7e7d4a0d3d311216e0f9	PATH_CONTENT	Git symlink target text
dilapidated-shed/idric-cli	default		b710708e9fc1426f10bca2d426fbb210fc729c20	Guardian.idric	1209a4edc2740bc4d1ec3cbbb65b1bde1af9c59d	PATH_CONTENT	Git symlink target text
dilapidated-shed/idric-cli	default		b710708e9fc1426f10bca2d426fbb210fc729c20	Nyt.idric	eb826c4c244aea5673d9dda7c366d665ce311a90	PATH_CONTENT	Git symlink target text
dilapidated-shed/idric-cli	default		b710708e9fc1426f10bca2d426fbb210fc729c20	Reddit.idric	0db9719b9484f9f72e69f478da731b861ebbd3d4	PATH_CONTENT	Git symlink target text
dilapidated-shed/idric-cli	default		b710708e9fc1426f10bca2d426fbb210fc729c20	Reuters.idric	18fd735bed7eb92b6d88bb31e0792b8abe0be337	PATH_CONTENT	Git symlink target text
dilapidated-shed/idric-cli	default		b710708e9fc1426f10bca2d426fbb210fc729c20	Sec.idric	2ffbfcb58ec44d80d5707058e0a1b719e2a5ee81	PATH_CONTENT	Git symlink target text
dilapidated-shed/idric-cli	default		b710708e9fc1426f10bca2d426fbb210fc729c20	Stripe.idric	88259fc955e90bc0f355f88a42dc5c373fe6a412	PATH_CONTENT	Git symlink target text
dilapidated-shed/idric-cli	default		b710708e9fc1426f10bca2d426fbb210fc729c20	Wayback.idric	d5506134fbd43a9b861df7452d0bd4e4aeee0e19	PATH_CONTENT	Git symlink target text
dilapidated-shed/idric-cli	default		b710708e9fc1426f10bca2d426fbb210fc729c20	checkpoints/ap/idric/Ap.idric	6de064ac1a7302976020bc538cb3c1b4d3bf6ac2	NO_OWNED_ARITHMETIC_SLASH	Reviewed slash occurrences are comments, text/character literals, paths, generated foreign descriptors, or /= inequality
dilapidated-shed/idric-cli	default		b710708e9fc1426f10bca2d426fbb210fc729c20	checkpoints/economist/idric/Economist.idric	aeb67a11f2332f32f6213ad47f1590ce1456722e	NO_OWNED_ARITHMETIC_SLASH	Reviewed slash occurrences are comments, text/character literals, paths, generated foreign descriptors, or /= inequality
dilapidated-shed/idric-cli	default		b710708e9fc1426f10bca2d426fbb210fc729c20	checkpoints/ft/idric/Ft.idric	cc27a1cb3ab834721a931cd0d991f4d5b481a7eb	NO_OWNED_ARITHMETIC_SLASH	Reviewed slash occurrences are comments, text/character literals, paths, generated foreign descriptors, or /= inequality
dilapidated-shed/idric-cli	default		b710708e9fc1426f10bca2d426fbb210fc729c20	checkpoints/guardian/idric/Guardian.idric	5abf555e319974a47d6c9a88132338bc3c36ddf0	NO_OWNED_ARITHMETIC_SLASH	Reviewed slash occurrences are comments, text/character literals, paths, generated foreign descriptors, or /= inequality
dilapidated-shed/idric-cli	default		b710708e9fc1426f10bca2d426fbb210fc729c20	checkpoints/nyt/idric/Nyt.idric	1198d643d4a82e1435f2c10058f5cca469819cc3	NO_OWNED_ARITHMETIC_SLASH	Reviewed slash occurrences are comments, text/character literals, paths, generated foreign descriptors, or /= inequality
dilapidated-shed/idric-cli	default		b710708e9fc1426f10bca2d426fbb210fc729c20	checkpoints/reddit/idric/Reddit.idric	527dc7e4bc233acd990b45655ee9acd12e794079	NO_OWNED_ARITHMETIC_SLASH	Reviewed slash occurrences are comments, text/character literals, paths, generated foreign descriptors, or /= inequality
dilapidated-shed/idric-cli	default		b710708e9fc1426f10bca2d426fbb210fc729c20	checkpoints/reuters/idric/Reuters.idric	3f99be6a47d021344ed64a662948cafc8aca7ff1	NO_OWNED_ARITHMETIC_SLASH	Reviewed slash occurrences are comments, text/character literals, paths, generated foreign descriptors, or /= inequality
dilapidated-shed/idric-cli	default		b710708e9fc1426f10bca2d426fbb210fc729c20	checkpoints/sec/idric/Sec.idric	93d1faeda5fe996b8b6a8888fbb47900d0ddf3e8	NO_OWNED_ARITHMETIC_SLASH	Reviewed slash occurrences are comments, text/character literals, paths, generated foreign descriptors, or /= inequality
dilapidated-shed/idric-cli	default		b710708e9fc1426f10bca2d426fbb210fc729c20	checkpoints/stripe/idric/Stripe.idric	35d655b550729247c808195c6b6883904b4ce7e5	NO_OWNED_ARITHMETIC_SLASH	Reviewed slash occurrences are comments, text/character literals, paths, generated foreign descriptors, or /= inequality
dilapidated-shed/idric-cli	default		b710708e9fc1426f10bca2d426fbb210fc729c20	checkpoints/wayback/idric/Wayback.idric	c2eeb0c37109158ed6683055d3b3ccc79e2ed629	NO_OWNED_ARITHMETIC_SLASH	Reviewed slash occurrences are comments, text/character literals, paths, generated foreign descriptors, or /= inequality
dilapidated-shed/Idric-Net	default		2f6ea92c25c9b5a7286d1ca226fa3d1e12fe303e	Mirage/Architecture.idric	29c205e98c4cc206b085e0193502a83175adc812	NO_ASCII_SLASH	Full source blob inspected
dilapidated-shed/Idric-Net	default		2f6ea92c25c9b5a7286d1ca226fa3d1e12fe303e	Network/HTTP.idric	4edd0acc8eb0376b3f7186cffa1389cd5f0cd7bf	NO_OWNED_ARITHMETIC_SLASH	Reviewed slash occurrences are comments, text/character literals, paths, generated foreign descriptors, or /= inequality
dilapidated-shed/Idric-Net	default		2f6ea92c25c9b5a7286d1ca226fa3d1e12fe303e	Network/SMS.idric	e233f8d633ee14c62780df9ba6b333a7a28a0455	NO_ASCII_SLASH	Full source blob inspected
dilapidated-shed/Idric-Net	default		2f6ea92c25c9b5a7286d1ca226fa3d1e12fe303e	Network/Transport.idric	f3d969087444dbb51767d5bfc2c41e68ab632498	NO_ASCII_SLASH	Full source blob inspected
dilapidated-shed/Idric-Net	default		2f6ea92c25c9b5a7286d1ca226fa3d1e12fe303e	Network/Types.idric	db0af73e3e2f66cbd517ee09e59752c4b08a9087	NO_ASCII_SLASH	Full source blob inspected
dilapidated-shed/Idric-Net	default		2f6ea92c25c9b5a7286d1ca226fa3d1e12fe303e	Network/URL.idric	11ed5bfe2e1cad0df583df4366eff0e09123092c	NO_ASCII_SLASH	Full source blob inspected
dilapidated-shed/Idric-Net	default		2f6ea92c25c9b5a7286d1ca226fa3d1e12fe303e	Network/URL/Parse.idric	8b02be1a14ef01995221b0a8323e0596c9b82a56	NO_OWNED_ARITHMETIC_SLASH	Reviewed slash occurrences are comments, text/character literals, paths, generated foreign descriptors, or /= inequality
dilapidated-shed/Idric-Net	default		2f6ea92c25c9b5a7286d1ca226fa3d1e12fe303e	Network/URL/Types.idric	8a948480ec39160fc6ef8d039a7876a7d9c90771	NO_ASCII_SLASH	Full source blob inspected
dilapidated-shed/Idric-Net	default		2f6ea92c25c9b5a7286d1ca226fa3d1e12fe303e	tests/NetworkTests.idric	8c40687d5783aa9bb7a47800e1a01e0a316e0b38	NO_OWNED_ARITHMETIC_SLASH	Reviewed slash occurrences are comments, text/character literals, paths, generated foreign descriptors, or /= inequality
dilapidated-shed/Idric-Net	default		2f6ea92c25c9b5a7286d1ca226fa3d1e12fe303e	tests/SMSTests.idric	c396b824d953fb76341b395586b9c942302564d2	NO_OWNED_ARITHMETIC_SLASH	Reviewed slash occurrences are comments, text/character literals, paths, generated foreign descriptors, or /= inequality
dilapidated-shed/Idric-Net	default		2f6ea92c25c9b5a7286d1ca226fa3d1e12fe303e	tests/rejected/InvalidDestinationPort.idric	ccb01f26f7825a4bd2094c9dbead3707f2fce64e	NO_ASCII_SLASH	Full source blob inspected
dilapidated-shed/Idric-Net	default		2f6ea92c25c9b5a7286d1ca226fa3d1e12fe303e	tests/rejected/InvalidHTTPStatusCode.idric	5473f5a1cf36ba997493b35528d4a783e35196ca	NO_ASCII_SLASH	Full source blob inspected
dilapidated-shed/Idric-Net	default		2f6ea92c25c9b5a7286d1ca226fa3d1e12fe303e	tests/rejected/InvalidReminderClockTime.idric	8ea5d9a2c3bdf03dca556a2fc95a5e0130d3f8cb	NO_ASCII_SLASH	Full source blob inspected
dilapidated-shed/Idric-Net	default		2f6ea92c25c9b5a7286d1ca226fa3d1e12fe303e	tools/SmsRequest.idric	0c74ef269d70402c9283251074c901e16a7408d9	NO_ASCII_SLASH	Full source blob inspected
dilapidated-shed/issh	default		67da05b1af80be9039485a9102da5ee9049d6db8	BoundaryTests.idric	da6a175630da816fb2d86bcf000ff50ef5dcbcb6	NO_ASCII_SLASH	Full source blob inspected
dilapidated-shed/issh	default		67da05b1af80be9039485a9102da5ee9049d6db8	CLI.idric	fe4643ffdf8bc982c13f86b983b05e27c74521eb	NO_ASCII_SLASH	Full source blob inspected
dilapidated-shed/issh	default		67da05b1af80be9039485a9102da5ee9049d6db8	Client.idric	b4b89aa794574da9a8cd1175ff118b8dfc4cf468	NO_ASCII_SLASH	Full source blob inspected
dilapidated-shed/issh	default		67da05b1af80be9039485a9102da5ee9049d6db8	ISSH.idric	44d303f2e9ff78a7b33b89dc4fd2fcb5b8e4aa4b	NO_ASCII_SLASH	Full source blob inspected
dilapidated-shed/issh	default		67da05b1af80be9039485a9102da5ee9049d6db8	RuntimeStatus.idric	11684eb6cec97cb7be6ecdbfdfa8aca8f4f67901	NO_ASCII_SLASH	Full source blob inspected
dilapidated-shed/issh	default		67da05b1af80be9039485a9102da5ee9049d6db8	Session.idric	3f9fdeb9cab7acf8f0ffa7de2ae1798ffb05bd5f	NO_ASCII_SLASH	Full source blob inspected
dilapidated-shed/issh	default		67da05b1af80be9039485a9102da5ee9049d6db8	Transport.idric	2aa18b0955d4cbce42a977c40a7f8affbae748ea	NO_OWNED_ARITHMETIC_SLASH	Reviewed slash occurrences are comments, text/character literals, paths, generated foreign descriptors, or /= inequality
dilapidated-shed/issh	default		67da05b1af80be9039485a9102da5ee9049d6db8	Types.idric	61cbe2f78df52f7d670cc60f9ce899cbe696aa3d	NO_ASCII_SLASH	Full source blob inspected
dilapidated-shed/issl	default		302bf2b27c9c53b1e7a8bcbdc86a695169724e69	Makefile.idric	497926ef5f2e1eaa4791603856fad5e8b23f3c53	NO_OWNED_ARITHMETIC_SLASH	Reviewed slash occurrences are comments, text/character literals, paths, generated foreign descriptors, or /= inequality
dilapidated-shed/issl	default		302bf2b27c9c53b1e7a8bcbdc86a695169724e69	idric/AuthAcceptance.idric	81bc73d74e5d0c0e8e5319347cf423d45c376b66	NO_ASCII_SLASH	Full source blob inspected
dilapidated-shed/issl	default		302bf2b27c9c53b1e7a8bcbdc86a695169724e69	idric/Main.idric	a7152420ca1d3095552da6fa1b52461ff47776f4	NO_ASCII_SLASH	Full source blob inspected
dilapidated-shed/issl	default		302bf2b27c9c53b1e7a8bcbdc86a695169724e69	idric/TLS/Alert.idric	ac101cb4ccd8ff00250844785f140eee6e8dd96a	NO_ASCII_SLASH	Full source blob inspected
dilapidated-shed/issl	default		302bf2b27c9c53b1e7a8bcbdc86a695169724e69	idric/TLS/AuthMessages.idric	5571753572b4430a9d337c68ef435a4754a54eb4	NO_OWNED_ARITHMETIC_SLASH	Reviewed slash occurrences are comments, text/character literals, paths, generated foreign descriptors, or /= inequality
dilapidated-shed/issl	default		302bf2b27c9c53b1e7a8bcbdc86a695169724e69	idric/TLS/ClientState.idric	7c3da1ec19d2ee6f96d0b374225f26cf13a1289c	NO_ASCII_SLASH	Full source blob inspected
dilapidated-shed/issl	default		302bf2b27c9c53b1e7a8bcbdc86a695169724e69	idric/TLS/ConnectionNegotiation.idric	26eb0c9e0e13b87c24a9526827821a1f5d9193f5	NO_OWNED_ARITHMETIC_SLASH	Reviewed slash occurrences are comments, text/character literals, paths, generated foreign descriptors, or /= inequality
dilapidated-shed/issl	default		302bf2b27c9c53b1e7a8bcbdc86a695169724e69	idric/TLS/Extension.idric	f8071058f976c3b20ed106aa2dec8aeb28ad340f	NO_OWNED_ARITHMETIC_SLASH	Reviewed slash occurrences are comments, text/character literals, paths, generated foreign descriptors, or /= inequality
dilapidated-shed/issl	default		302bf2b27c9c53b1e7a8bcbdc86a695169724e69	idric/TLS/Handshake.idric	c84323316630de655a057cc93ff52b3f2ddb7dd8	NO_ASCII_SLASH	Full source blob inspected
dilapidated-shed/issl	default		302bf2b27c9c53b1e7a8bcbdc86a695169724e69	idric/TLS/Hello.idric	dbae743e0dfb3f31e21500f3be273ae6234ffcce	NO_OWNED_ARITHMETIC_SLASH	Reviewed slash occurrences are comments, text/character literals, paths, generated foreign descriptors, or /= inequality
dilapidated-shed/issl	default		302bf2b27c9c53b1e7a8bcbdc86a695169724e69	idric/TLS/KdfLabel.idric	8c522b06d2d0a49322568e139f950c4890aa2b7a	NO_ASCII_SLASH	Full source blob inspected
dilapidated-shed/issl	default		302bf2b27c9c53b1e7a8bcbdc86a695169724e69	idric/TLS/KeyUpdate.idric	b6c3aeced3918f727608e8bcdea53d16e6799524	NO_ASCII_SLASH	Full source blob inspected
dilapidated-shed/issl	default		302bf2b27c9c53b1e7a8bcbdc86a695169724e69	idric/TLS/Negotiation.idric	1b6cad018e42e715a7c79749ed78598d0b37a3a0	NO_OWNED_ARITHMETIC_SLASH	Reviewed slash occurrences are comments, text/character literals, paths, generated foreign descriptors, or /= inequality
dilapidated-shed/issl	default		302bf2b27c9c53b1e7a8bcbdc86a695169724e69	idric/TLS/PSK.idric	d89a4f490b02697810805a96f1fd9d5ecaaaa7d7	NO_OWNED_ARITHMETIC_SLASH	Reviewed slash occurrences are comments, text/character literals, paths, generated foreign descriptors, or /= inequality
dilapidated-shed/issl	default		302bf2b27c9c53b1e7a8bcbdc86a695169724e69	idric/TLS/Record.idric	9738b0522cdde90c7af91e29ee0538b403810f1d	NO_OWNED_ARITHMETIC_SLASH	Reviewed slash occurrences are comments, text/character literals, paths, generated foreign descriptors, or /= inequality
dilapidated-shed/issl	default		302bf2b27c9c53b1e7a8bcbdc86a695169724e69	idric/TLS/ServerNegotiation.idric	f0c78c64ea6bb81b74b68e833ce17a1d98206274	NO_OWNED_ARITHMETIC_SLASH	Reviewed slash occurrences are comments, text/character literals, paths, generated foreign descriptors, or /= inequality
dilapidated-shed/issl	default		302bf2b27c9c53b1e7a8bcbdc86a695169724e69	idric/TLS/SuiteParameters.idric	ccac218d875ea4d454189bc229ad2328e9dd5960	NO_ASCII_SLASH	Full source blob inspected
dilapidated-shed/issl	default		302bf2b27c9c53b1e7a8bcbdc86a695169724e69	idric/TLS/Transcript.idric	48f3b8d5f11dbe3d66297bd046441794b3933302	NO_ASCII_SLASH	Full source blob inspected
dilapidated-shed/_	default		1c207770b003636684f6064b16ac85ed79e24c59	Main.idric	600511f114ce8992f43cfa455871f86cbcf9d9f7	NO_ASCII_SLASH	Full source blob inspected
functorial-games/beauty	default		34d0b6e04023c8ca4e7dd25b2381a2128f12c03a	examples/autogenerated/moving-face/FaceField.idric	3c58c7368c51e985905e567cb9944fb27ef16cd9	NO_ASCII_SLASH	Full source blob inspected
isomorphismes/coxeter	default		2e0f4629815cddea3e6eb2865cf8a4c32d9a2b94	pseudocode/Dynkin.idric	f7960ce11e8c7231feef0cd095c199f41587b775	MIGRATION_PUBLISHED_OR_PARENT_OWNED	2 design sketch tokens; coxeter PR9; no executable acceptance
isomorphisms/fastchat	default		ff84af404be34c4a8369de549bf8b32429445c19	idric/FastChatCore.idric	6fcc0eb0af8aff5c2ce736a2b2a079001f4fd383	NO_ASCII_SLASH	Full source blob inspected
isomorphisms/fastchat	default		ff84af404be34c4a8369de549bf8b32429445c19	idric/FastChatCoreTests.idric	eb9979329db34bf574f0f100f594696b3fc0454e	NO_ASCII_SLASH	Full source blob inspected
isomorphismes/theta	default		aefc9227d47d4a270ca05fe709affd99e3e03660	src/BrowserMain.idric	4d73e1badd4fe686f0e3982aea122a96a779396f	NO_ASCII_SLASH	Full source blob inspected
isomorphismes/theta	default		aefc9227d47d4a270ca05fe709affd99e3e03660	src/Main.idric	c676b0e91d3377bcda2e91cc9897d2e35be8a238	NO_ASCII_SLASH	Full source blob inspected
isomorphismes/theta	default		aefc9227d47d4a270ca05fe709affd99e3e03660	src/Theta/Interaction.idric	33f202cca303c2b117af8a55a181c516bfe89476	NO_ASCII_SLASH	Full source blob inspected
isomorphismes/theta	default		aefc9227d47d4a270ca05fe709affd99e3e03660	src/Theta/Math.idric	3a6644be88eb227a8e595732596a6f96dd904a9b	MIGRATION_PUBLISHED_OR_PARENT_OWNED	18 arithmetic operators; theta PR3
isomorphismes/theta	default		aefc9227d47d4a270ca05fe709affd99e3e03660	src/Theta/Model.idric	76ea474b1e4c403a743f4c4e2723f677139e84d9	NO_ASCII_SLASH	Full source blob inspected
isomorphismes/theta	default		aefc9227d47d4a270ca05fe709affd99e3e03660	src/Theta/Surface.idric	e089e42171489aba01313d4b34693039b9eec5f8	MIGRATION_PUBLISHED_OR_PARENT_OWNED	1 arithmetic operator; theta PR3
isomorphismes/theta	default		aefc9227d47d4a270ca05fe709affd99e3e03660	src/Theta/Touch.idric	8d8b4a61e56938d5088460a1c87af33897cfc9a6	MIGRATION_PUBLISHED_OR_PARENT_OWNED	3 arithmetic operators; theta PR3
isomorphisms/flexible-pipes	default		9775aa324f523cbc6c758e89461915484a5a0fc7	examples/autogenerated/job-delivery/JobDelivery.idric	cb7a995a3a108944f5726f77e7996c0a53a07b21	NO_ASCII_SLASH	Full source blob inspected
isomorphisms/Idric	default		94dfd99bd3e376507fedc8611053b7173b2519f0	XbrlCanary.idric	697997b89808ad58674ba366c6eedee2bcf22b11	NO_OWNED_ARITHMETIC_SLASH	Reviewed slash occurrences are comments, text/character literals, paths, generated foreign descriptors, or /= inequality
isomorphisms/Idric	default		94dfd99bd3e376507fedc8611053b7173b2519f0	_/examples/compiler-one-step/PrintX.idric	936f6ea84e8a73af51bc00debfaee68d8af2fecf	NO_ASCII_SLASH	Full source blob inspected
isomorphisms/Idric	default		94dfd99bd3e376507fedc8611053b7173b2519f0	_/examples/unified-higher-mathematics/Circle96.idric	81fbfd280e332ba7d6c918ebdad0aeabc3263f54	NO_OWNED_ARITHMETIC_SLASH	Reviewed slash occurrences are comments, text/character literals, paths, generated foreign descriptors, or /= inequality
isomorphisms/Idric	default		94dfd99bd3e376507fedc8611053b7173b2519f0	_/examples/unified-higher-mathematics/Circle96Tests.idric	eb976bc30ab932f5b3f1946d00c92812260f9a35	NO_OWNED_ARITHMETIC_SLASH	Reviewed slash occurrences are comments, text/character literals, paths, generated foreign descriptors, or /= inequality
isomorphisms/Idric	default		94dfd99bd3e376507fedc8611053b7173b2519f0	_/examples/unified-higher-mathematics/CompactUnitDirectionStorage.idric	ee3cc9ac62760d67f3264a8e11fb230f8948f4c2	NO_ASCII_SLASH	Full source blob inspected
isomorphisms/Idric	default		94dfd99bd3e376507fedc8611053b7173b2519f0	_/examples/unified-higher-mathematics/CompactUnitDirectionStorageTests.idric	62c0ec7bb56519ee7e0c85207bda1ec53ccd6565	NO_ASCII_SLASH	Full source blob inspected
isomorphisms/Idric	default		94dfd99bd3e376507fedc8611053b7173b2519f0	_/examples/unified-higher-mathematics/ComplexPairAgreement.idric	7f29b365ccac0750721af8d97b1183e536e4ccda	NO_ASCII_SLASH	Full source blob inspected
isomorphisms/Idric	default		94dfd99bd3e376507fedc8611053b7173b2519f0	_/examples/unified-higher-mathematics/ComplexPairAgreementTests.idric	2ed5ab9241961af1a9514f4e0d23266a739414d6	NO_ASCII_SLASH	Full source blob inspected
isomorphisms/Idric	default		94dfd99bd3e376507fedc8611053b7173b2519f0	_/examples/unified-higher-mathematics/ComplexProjective.idric	37e9a06546096e5ae39635bac58b841bbe6e2d2b	NO_ASCII_SLASH	Full source blob inspected
isomorphisms/Idric	default		94dfd99bd3e376507fedc8611053b7173b2519f0	_/examples/unified-higher-mathematics/ComplexProjectiveTests.idric	d464b2e4c0f8072c9d2a336a7bb8ee3e32b67c22	NO_OWNED_ARITHMETIC_SLASH	Reviewed slash occurrences are comments, text/character literals, paths, generated foreign descriptors, or /= inequality
isomorphisms/Idric	default		94dfd99bd3e376507fedc8611053b7173b2519f0	_/examples/unified-higher-mathematics/EuclideanGeometry.idric	62dd1a9733c9a75eaedf6c7627ca64b4fcd410ea	NO_OWNED_ARITHMETIC_SLASH	Reviewed slash occurrences are comments, text/character literals, paths, generated foreign descriptors, or /= inequality
isomorphisms/Idric	default		94dfd99bd3e376507fedc8611053b7173b2519f0	_/examples/unified-higher-mathematics/FormTests.idric	f486912cf0eeeb158bf259c17a64b634b6454939	NO_OWNED_ARITHMETIC_SLASH	Reviewed slash occurrences are comments, text/character literals, paths, generated foreign descriptors, or /= inequality
isomorphisms/Idric	default		94dfd99bd3e376507fedc8611053b7173b2519f0	_/examples/unified-higher-mathematics/MathematicalSpaces.idric	6cba2e401364c5c61fd3265e33da204c65f5462a	NO_OWNED_ARITHMETIC_SLASH	Reviewed slash occurrences are comments, text/character literals, paths, generated foreign descriptors, or /= inequality
isomorphisms/Idric	default		94dfd99bd3e376507fedc8611053b7173b2519f0	_/examples/unified-higher-mathematics/NamedFacts.idric	bf8985b71f15ca3f3c058b0a0510cacfbceea3a7	NO_ASCII_SLASH	Full source blob inspected
isomorphisms/Idric	default		94dfd99bd3e376507fedc8611053b7173b2519f0	_/examples/unified-higher-mathematics/PairArithmetic.idric	4019de6e11e21700dec9fd7f16aa0bb2df77036a	NO_ASCII_SLASH	Full source blob inspected
isomorphisms/Idric	default		94dfd99bd3e376507fedc8611053b7173b2519f0	_/examples/unified-higher-mathematics/PairArithmeticTests.idric	0d93698726fbc55f8db0540ae4605f9eca84cce9	NO_ASCII_SLASH	Full source blob inspected
isomorphisms/Idric	default		94dfd99bd3e376507fedc8611053b7173b2519f0	_/examples/unified-higher-mathematics/PresheafRestriction.idric	6e8bf19b52254e26947bc75e16dfa2de98b6aec5	NO_ASCII_SLASH	Full source blob inspected
isomorphisms/Idric	default		94dfd99bd3e376507fedc8611053b7173b2519f0	_/examples/unified-higher-mathematics/QuadraticForms.idric	41afd8eb2d988794d4a4a6a53d5dcbb5976ae989	NO_OWNED_ARITHMETIC_SLASH	Reviewed slash occurrences are comments, text/character literals, paths, generated foreign descriptors, or /= inequality
isomorphisms/Idric	default		94dfd99bd3e376507fedc8611053b7173b2519f0	_/examples/unified-higher-mathematics/QuaternionPairAgreement.idric	472440d9382e2d70c7a73a3ac4561f4a000d8b8b	NO_ASCII_SLASH	Full source blob inspected
isomorphisms/Idric	default		94dfd99bd3e376507fedc8611053b7173b2519f0	_/examples/unified-higher-mathematics/QuaternionPairAgreementTests.idric	3fc98f4ba521064207211338cad02890b95a5bf0	NO_ASCII_SLASH	Full source blob inspected
isomorphisms/Idric	default		94dfd99bd3e376507fedc8611053b7173b2519f0	_/examples/unified-higher-mathematics/Tests.idric	c29b440ccc19c61eadb4bd5be1b4b3e6eb397277	NO_OWNED_ARITHMETIC_SLASH	Reviewed slash occurrences are comments, text/character literals, paths, generated foreign descriptors, or /= inequality
isomorphisms/Idric	default		94dfd99bd3e376507fedc8611053b7173b2519f0	_/examples/unified-higher-mathematics/TopologyFacts.idric	27799888e2fac10bb36044534afd0bcb72e09cdc	NO_ASCII_SLASH	Full source blob inspected
isomorphisms/Idric	default		94dfd99bd3e376507fedc8611053b7173b2519f0	_/examples/units-time-intervals/Tests.idric	ad8300db6942f74fd34178314015d9e4f232853b	NO_OWNED_ARITHMETIC_SLASH	Reviewed slash occurrences are comments, text/character literals, paths, generated foreign descriptors, or /= inequality
isomorphisms/Idric	default		94dfd99bd3e376507fedc8611053b7173b2519f0	_/examples/units-time-intervals/UnitsTimeIntervals.idric	0261c077b3b239bbc748178044d52fdb43676950	NO_OWNED_ARITHMETIC_SLASH	Reviewed slash occurrences are comments, text/character literals, paths, generated foreign descriptors, or /= inequality
isomorphisms/Idric	default		94dfd99bd3e376507fedc8611053b7173b2519f0	_/koans/01-values-types-and-holes/exercise/Main.idric	23264768e89a87feeb20d84d4821ffb0875c0c00	NO_ASCII_SLASH	Full source blob inspected
isomorphisms/Idric	default		94dfd99bd3e376507fedc8611053b7173b2519f0	_/koans/01-values-types-and-holes/solution/Main.idric	e0b78b492a75f588a9d00a5b49445c0379b57dcc	NO_ASCII_SLASH	Full source blob inspected
isomorphisms/Idric	default		94dfd99bd3e376507fedc8611053b7173b2519f0	_/koans/02-functions-with-unicode-arrows/exercise/Main.idric	3a7d65e568125b9f2774c6aa8335227637fc417b	NO_ASCII_SLASH	Full source blob inspected
isomorphisms/Idric	default		94dfd99bd3e376507fedc8611053b7173b2519f0	_/koans/02-functions-with-unicode-arrows/solution/Main.idric	4333db3c03ad56362ce44a8069144cd18b61bd1b	NO_ASCII_SLASH	Full source blob inspected
isomorphisms/Idric	default		94dfd99bd3e376507fedc8611053b7173b2519f0	_/koans/03-lists-and-length-indexed-lists/exercise/Main.idric	9dbdb817b3224f3bac1a8f501926b0612fdb91c2	NO_ASCII_SLASH	Full source blob inspected
isomorphisms/Idric	default		94dfd99bd3e376507fedc8611053b7173b2519f0	_/koans/03-lists-and-length-indexed-lists/solution/Main.idric	f1bba66784ea0c5d15f4708015228e9b20bd7732	NO_ASCII_SLASH	Full source blob inspected
isomorphisms/Idric	default		94dfd99bd3e376507fedc8611053b7173b2519f0	_/koans/04-equality-proofs/exercise/Main.idric	1f435d86cf7cd3405486c64454b0f14a9324fbd2	NO_ASCII_SLASH	Full source blob inspected
isomorphisms/Idric	default		94dfd99bd3e376507fedc8611053b7173b2519f0	_/koans/04-equality-proofs/solution/Main.idric	772e4cc7350c5203114c072b548a5f0ceb0ac6f5	NO_ASCII_SLASH	Full source blob inspected
isomorphisms/Idric	default		94dfd99bd3e376507fedc8611053b7173b2519f0	_/koans/05-totality-and-coverage/exercise/Main.idric	ecefe74c6b37908164d10936bf573fd86e9f08e8	NO_ASCII_SLASH	Full source blob inspected
isomorphisms/Idric	default		94dfd99bd3e376507fedc8611053b7173b2519f0	_/koans/05-totality-and-coverage/solution/Main.idric	699f533e594eb4c5c94676852d2d0c218edf19f3	NO_ASCII_SLASH	Full source blob inspected
isomorphisms/Idric	default		94dfd99bd3e376507fedc8611053b7173b2519f0	_/koans/06-implicit-dependent-results/exercise/Main.idric	b0bf9e0e263d6b5eff44a9d8587085662eb9ad65	NO_ASCII_SLASH	Full source blob inspected
isomorphisms/Idric	default		94dfd99bd3e376507fedc8611053b7173b2519f0	_/koans/06-implicit-dependent-results/solution/Main.idric	b86221891c4e4d3182a017c31888b3afb431344c	NO_ASCII_SLASH	Full source blob inspected
isomorphisms/Idric	default		94dfd99bd3e376507fedc8611053b7173b2519f0	_/koans/07-erased-arguments/exercise/Main.idric	58010ab84c9239c3d7ae1972167c4d555ec7c361	NO_ASCII_SLASH	Full source blob inspected
isomorphisms/Idric	default		94dfd99bd3e376507fedc8611053b7173b2519f0	_/koans/07-erased-arguments/solution/Main.idric	dae35b83381fff74e694b625beaa0b07982eed93	NO_ASCII_SLASH	Full source blob inspected
isomorphisms/Idric	default		94dfd99bd3e376507fedc8611053b7173b2519f0	_/koans/08-linear-arguments/exercise/Main.idric	2f96fe4523a3d208584e743f8bcd36d26b779b86	NO_ASCII_SLASH	Full source blob inspected
isomorphisms/Idric	default		94dfd99bd3e376507fedc8611053b7173b2519f0	_/koans/08-linear-arguments/solution/Main.idric	a1dc05ce59523aebb83723525361c3aa3c2f9a9b	NO_ASCII_SLASH	Full source blob inspected
isomorphisms/Idric	default		94dfd99bd3e376507fedc8611053b7173b2519f0	_/koans/09-storage-neutral-choices/exercise/Main.idric	ff55fa9045e6e1fb5a9560643164fcce55fc467f	NO_ASCII_SLASH	Full source blob inspected
isomorphisms/Idric	default		94dfd99bd3e376507fedc8611053b7173b2519f0	_/koans/09-storage-neutral-choices/solution/Main.idric	e97c080f1c6ae2d878b657324a70b770e5303de2	NO_ASCII_SLASH	Full source blob inspected
isomorphisms/Idric	default		94dfd99bd3e376507fedc8611053b7173b2519f0	_/koans/10-exhaustive-choice-patterns/exercise/Main.idric	24bff826f4436cee7f791141fd3e11bda2cc3a5d	NO_ASCII_SLASH	Full source blob inspected
isomorphisms/Idric	default		94dfd99bd3e376507fedc8611053b7173b2519f0	_/koans/10-exhaustive-choice-patterns/solution/Main.idric	1292af67c317ecec4c12be339ef556d547e9dae7	NO_ASCII_SLASH	Full source blob inspected
isomorphisms/Idric	default		94dfd99bd3e376507fedc8611053b7173b2519f0	_/koans/11-source-boundaries/exercise/Main.idric	e10dc9702e36a0a3d8657597e8f905c016085f4f	NO_ASCII_SLASH	Full source blob inspected
isomorphisms/Idric	default		94dfd99bd3e376507fedc8611053b7173b2519f0	_/koans/11-source-boundaries/solution/Main.idric	43d92ab305bde1efb4e4c12926297287467cab2c	NO_ASCII_SLASH	Full source blob inspected
isomorphisms/Idric	default		94dfd99bd3e376507fedc8611053b7173b2519f0	_/koans/12-wegert-model/exercise/Main.idric	3df42502d7180e62e52092efc5d65ba7ba67737c	NO_ASCII_SLASH	Full source blob inspected
isomorphisms/Idric	default		94dfd99bd3e376507fedc8611053b7173b2519f0	_/koans/12-wegert-model/solution/Main.idric	809b69d4ed114cb18b121640db717a7a9b31a372	NO_ASCII_SLASH	Full source blob inspected
isomorphisms/Idric	default		94dfd99bd3e376507fedc8611053b7173b2519f0	_/tests/base/system_environment_value/InvalidNames.idric	fc8acf4c5587b6ce62dfce9f2323d7c05d27edcd	NO_ASCII_SLASH	Full source blob inspected
isomorphisms/Idric	default		94dfd99bd3e376507fedc8611053b7173b2519f0	_/tests/base/system_environment_value/Test.idric	871f3524832def86675684d32f3bc95ca65cab40	NO_ASCII_SLASH	Full source blob inspected
isomorphisms/Idric	default		94dfd99bd3e376507fedc8611053b7173b2519f0	_/tests/idris2/basic/edric002/Main.idric	18cae501b7e092ebddf522068d4935cc4cc0c01f	NO_ASCII_SLASH	Full source blob inspected
isomorphisms/Idric	default		94dfd99bd3e376507fedc8611053b7173b2519f0	_/tests/idris2/basic/edric002/WegertSource.idric	ccecbc165faf9442b850d7dd1a554f499da9162e	NO_ASCII_SLASH	Full source blob inspected
isomorphisms/Idric	default		94dfd99bd3e376507fedc8611053b7173b2519f0	_/tests/idris2/basic/edric003/Main.idric	fbca646de8f3bca8f10f491bc1bb2d7507b8c8fb	NO_ASCII_SLASH	Full source blob inspected
isomorphisms/Idric	default		94dfd99bd3e376507fedc8611053b7173b2519f0	_/tests/idris2/basic/edric003/WegertTouch.idric	cddf741c6530b404e2952d0c5165486ef9c2c43a	NO_ASCII_SLASH	Full source blob inspected
isomorphisms/Idric	default		94dfd99bd3e376507fedc8611053b7173b2519f0	_/tests/idris2/basic/edric005/Main.idric	3751e641a2ae4d8ccb47203cc88248ff27c1afbf	NO_ASCII_SLASH	Full source blob inspected
isomorphisms/Idric	default		94dfd99bd3e376507fedc8611053b7173b2519f0	_/tests/idris2/basic/edric010/Main.idric	0f6a44d502b5d45af9598bab9a337943129dbc7b	NO_ASCII_SLASH	Full source blob inspected
isomorphisms/Idric	default		94dfd99bd3e376507fedc8611053b7173b2519f0	_/tests/idris2/basic/edric011/Main.idric	6718b65057783e462c4ed7ca92d91428a951917c	INTENTIONAL_ASCII_COMPATIBILITY_FIXTURE	ordinary_quotient retains / to prove backward compatibility
isomorphisms/ib	default		10fa7bbe93ff9ffa1ba7b9f62e0dd8f6c10a86bc	examples/autogenerated/protected-long-view-task/protected-long-view-task.idric	302f48270e9451959dea7c42b97ba9f677d16168	NO_OWNED_ARITHMETIC_SLASH	Reviewed slash occurrences are comments, text/character literals, paths, generated foreign descriptors, or /= inequality
isomorphisms/ib	default		10fa7bbe93ff9ffa1ba7b9f62e0dd8f6c10a86bc	src/ArxivPrepaint.idric	def2f9deb41246677a5f885601545a2413968e39	NO_ASCII_SLASH	Full source blob inspected
isomorphisms/ib	default		10fa7bbe93ff9ffa1ba7b9f62e0dd8f6c10a86bc	src/ExactTextSmoke.idric	0ff9c9e544d663153ac8db400fa632735c71ac98	NO_ASCII_SLASH	Full source blob inspected
isomorphisms/ib	default		10fa7bbe93ff9ffa1ba7b9f62e0dd8f6c10a86bc	src/HostileIngestionReceipt.idric	bb8efaf0edb76aef2b1789acaed1a265991cc242	NO_OWNED_ARITHMETIC_SLASH	Reviewed slash occurrences are comments, text/character literals, paths, generated foreign descriptors, or /= inequality
isomorphisms/ib	default		10fa7bbe93ff9ffa1ba7b9f62e0dd8f6c10a86bc	src/IB/DisplayRepair.idric	529d0e90d98982cb8ef1cdfd23d7d1f38eea2f52	NO_ASCII_SLASH	Full source blob inspected
isomorphisms/ib	default		10fa7bbe93ff9ffa1ba7b9f62e0dd8f6c10a86bc	src/IB/ExactText.idric	b520c2b29b470016fd5535677c75c21ad4bcf000	NO_ASCII_SLASH	Full source blob inspected
isomorphisms/ib	default		10fa7bbe93ff9ffa1ba7b9f62e0dd8f6c10a86bc	src/IB/History.idric	358c7994d1df824383437501607d52c273ee2605	NO_ASCII_SLASH	Full source blob inspected
isomorphisms/ib	default		10fa7bbe93ff9ffa1ba7b9f62e0dd8f6c10a86bc	src/IB/Index.idric	2e8f61c7f7e9ca78fdab5a0bba0c9e3adaa3d415	NO_OWNED_ARITHMETIC_SLASH	Reviewed slash occurrences are comments, text/character literals, paths, generated foreign descriptors, or /= inequality
isomorphisms/ib	default		10fa7bbe93ff9ffa1ba7b9f62e0dd8f6c10a86bc	src/IB/Information.idric	ee53bef5a6b63e0d7c21db71179ea0b2a6c22c99	NO_OWNED_ARITHMETIC_SLASH	Reviewed slash occurrences are comments, text/character literals, paths, generated foreign descriptors, or /= inequality
isomorphisms/ib	default		10fa7bbe93ff9ffa1ba7b9f62e0dd8f6c10a86bc	src/IB/Inspect.idric	3ed8ef3683f9295736e33306924ee3c5cd2c969c	NO_ASCII_SLASH	Full source blob inspected
isomorphisms/ib	default		10fa7bbe93ff9ffa1ba7b9f62e0dd8f6c10a86bc	src/IB/LongViewTask.idric	f34362b2611ab4c91d16e52aed2b3c32e3e233ef	NO_ASCII_SLASH	Full source blob inspected
isomorphisms/ib	default		10fa7bbe93ff9ffa1ba7b9f62e0dd8f6c10a86bc	src/IB/Occurrence.idric	40fbd06de0e5a57aab7ae48a7b94287fdc1a01c2	NO_OWNED_ARITHMETIC_SLASH	Reviewed slash occurrences are comments, text/character literals, paths, generated foreign descriptors, or /= inequality
isomorphisms/ib	default		10fa7bbe93ff9ffa1ba7b9f62e0dd8f6c10a86bc	src/IB/PaintBudget.idric	c27434bee022f8bd046eab4bb00c56cc74388480	NO_ASCII_SLASH	Full source blob inspected
isomorphisms/ib	default		10fa7bbe93ff9ffa1ba7b9f62e0dd8f6c10a86bc	src/IB/PaintBudget/Mock.idric	de2b358732664e1ba1eb2ce157b41b7648231c21	NO_ASCII_SLASH	Full source blob inspected
isomorphisms/ib	default		10fa7bbe93ff9ffa1ba7b9f62e0dd8f6c10a86bc	src/IB/Prefetch.idric	3b3e880010aeb1154674aee42c0cf034d5505a0f	NO_ASCII_SLASH	Full source blob inspected
isomorphisms/ib	default		10fa7bbe93ff9ffa1ba7b9f62e0dd8f6c10a86bc	src/IB/RecoveredInformation.idric	470e145c916290f40d9b017e04365b3b0d8155ef	NO_ASCII_SLASH	Full source blob inspected
isomorphisms/ib	default		10fa7bbe93ff9ffa1ba7b9f62e0dd8f6c10a86bc	src/IB/ScientificMedia.idric	d7ce92f591c6e7a5c94b28c160109b24895d5a61	NO_OWNED_ARITHMETIC_SLASH	Reviewed slash occurrences are comments, text/character literals, paths, generated foreign descriptors, or /= inequality
isomorphisms/ib	default		10fa7bbe93ff9ffa1ba7b9f62e0dd8f6c10a86bc	src/IB/Storage.idric	7710f3a94d86441e4c427f43aa4032e5846b6447	NO_OWNED_ARITHMETIC_SLASH	Reviewed slash occurrences are comments, text/character literals, paths, generated foreign descriptors, or /= inequality
isomorphisms/ib	default		10fa7bbe93ff9ffa1ba7b9f62e0dd8f6c10a86bc	src/InformationSmoke.idric	5e8c51a0260e6ad8d38388bf80d1abc995432cc9	NO_OWNED_ARITHMETIC_SLASH	Reviewed slash occurrences are comments, text/character literals, paths, generated foreign descriptors, or /= inequality
isomorphisms/ib	default		10fa7bbe93ff9ffa1ba7b9f62e0dd8f6c10a86bc	src/OccurrenceSmoke.idric	4da48bec25f139b6b6cc93843896a1d7fcb53c2e	NO_ASCII_SLASH	Full source blob inspected
isomorphisms/ib	default		10fa7bbe93ff9ffa1ba7b9f62e0dd8f6c10a86bc	src/PDFCaptionAssociate.idric	7af4b41c795a2cf8bb0a80180c6a88f4d3e1845a	NO_OWNED_ARITHMETIC_SLASH	Reviewed slash occurrences are comments, text/character literals, paths, generated foreign descriptors, or /= inequality
isomorphisms/ib	default		10fa7bbe93ff9ffa1ba7b9f62e0dd8f6c10a86bc	src/PaintBudgetSmoke.idric	b74ac9aa254607d81f1899d028b2e917ed557dc8	NO_ASCII_SLASH	Full source blob inspected
isomorphisms/ib	default		10fa7bbe93ff9ffa1ba7b9f62e0dd8f6c10a86bc	src/Smoke.idric	4e9610b3b4d2f37bd66588a64000e17c34ba9ab2	NO_OWNED_ARITHMETIC_SLASH	Reviewed slash occurrences are comments, text/character literals, paths, generated foreign descriptors, or /= inequality
isomorphisms/ib	default		10fa7bbe93ff9ffa1ba7b9f62e0dd8f6c10a86bc	src/Workbench.idric	116db4b7790dad54b02fb1c8b0a4f72d3bbc43bd	NO_OWNED_ARITHMETIC_SLASH	Reviewed slash occurrences are comments, text/character literals, paths, generated foreign descriptors, or /= inequality
isomorphisms/mbox	default		c38c12bc9af242e85df4d154e18df851cb902a7b	examples/autogenerated/safe-filing/safe-filing.idric	598ec97b6bd5f8759f22cfdd83ce1c255b3df711	NO_ASCII_SLASH	Full source blob inspected
one-room-schoolhouse/futhark-benchmarks	default		6b5c5b99419f1a74e4f43d0e2c4475fcc96c0ec7	edric/BabelStream.idric	bb3abe3983e30e28bea60039a47ef1830e0e3fca	NO_ASCII_SLASH	Full source blob inspected
one-room-schoolhouse/futhark-benchmarks	default		6b5c5b99419f1a74e4f43d0e2c4475fcc96c0ec7	edric/ContiguousArray.idric	67e80511e1a92035620b72fe47c26df73ed31892	NO_OWNED_ARITHMETIC_SLASH	Reviewed slash occurrences are comments, text/character literals, paths, generated foreign descriptors, or /= inequality
one-room-schoolhouse/futhark-benchmarks	default		6b5c5b99419f1a74e4f43d0e2c4475fcc96c0ec7	edric/Intra.idric	18b8bee16b366f3a90451cc8efe4912cfc73c72d	NO_ASCII_SLASH	Full source blob inspected
one-room-schoolhouse/futhark-benchmarks	default		6b5c5b99419f1a74e4f43d0e2c4475fcc96c0ec7	edric/SemanticCheck.idric	45d9f65cffd05cdb1cd3129e693efd431ed580c3	NO_ASCII_SLASH	Full source blob inspected
one-room-schoolhouse/futhark-benchmarks	default		6b5c5b99419f1a74e4f43d0e2c4475fcc96c0ec7	edric/ShapeMismatch.idric	91cca88972bf9f9a927260d15f6c09bd7a605e23	NO_ASCII_SLASH	Full source blob inspected
the-twin-pines/ASE	default		7cfa0ad2f6ee30f6f7d126ec599b75396b585f17	examples/autogenerated/source-authority/source_authority.idric	39626f005f66f000941632a82e172dfeeddb3add	NO_ASCII_SLASH	Full source blob inspected
walnut-burgundy/tymoczko	default		b7a213e5daf61f61f604001d7d87fe8ac4dc8055	OPTIC.idric	cb79af73efd5822f29cc870bd3c321d9fee45176	NO_OWNED_ARITHMETIC_SLASH	Reviewed slash occurrences are comments, text/character literals, paths, generated foreign descriptors, or /= inequality
walnut-burgundy/reify	default		0163a846e4b71d6495deb857447512001ced5197	docs/examples/coupled-substitution.idric	44851de3ab6285633e08dfd8c87d6c776c8240ec	NO_OWNED_ARITHMETIC_SLASH	Reviewed slash occurrences are comments, text/character literals, paths, generated foreign descriptors, or /= inequality
walnut-burgundy/reify	default		0163a846e4b71d6495deb857447512001ced5197	docs/examples/lotka-volterra-variable-names.idric	2a056126522d0a82e44db5c480d6a199194a9cec	NO_OWNED_ARITHMETIC_SLASH	Reviewed slash occurrences are comments, text/character literals, paths, generated foreign descriptors, or /= inequality
walnut-burgundy/reify	default		0163a846e4b71d6495deb857447512001ced5197	experiments/lotka-volterra/story_connection.idric	59a922d4e0510a9a202301552ce607dacc98d457	NO_OWNED_ARITHMETIC_SLASH	Reviewed slash occurrences are comments, text/character literals, paths, generated foreign descriptors, or /= inequality
fuego-ironworks/idric-arm-thumb	open_pr	112	92c2fd37fdd5dcc41e2168e2580ff15db3f48d00	_/pr-1-and-6-arm-thumb-first-slices/code/examples/Affine.idric	6e1937a6770650d192a6c7f0aa4220b4c119b9d1	NO_ASCII_SLASH	Full source blob inspected
fuego-ironworks/idric-arm-thumb	open_pr	112	92c2fd37fdd5dcc41e2168e2580ff15db3f48d00	_/pr-1-and-6-arm-thumb-first-slices/code/examples/Operations.idric	38c0b58962f29318cfc492bcc69f70997861b329	NO_ASCII_SLASH	Full source blob inspected
fuego-ironworks/idric-arm-thumb	open_pr	112	92c2fd37fdd5dcc41e2168e2580ff15db3f48d00	_/pr-1-and-6-arm-thumb-first-slices/code/tests/characters/Concat.idric	58ca614bc70e6df7520880f30628287bc18d8ead	NO_ASCII_SLASH	Full source blob inspected
fuego-ironworks/idric-arm-thumb	open_pr	112	92c2fd37fdd5dcc41e2168e2580ff15db3f48d00	_/pr-1-and-6-arm-thumb-first-slices/code/tests/characters/FGrepLambda.idric	45e6d76150403082166632d2a42831f8da64b6de	NO_ASCII_SLASH	Full source blob inspected
fuego-ironworks/idric-arm-thumb	open_pr	112	92c2fd37fdd5dcc41e2168e2580ff15db3f48d00	_/pr-1-and-6-arm-thumb-first-slices/code/tests/characters/PrintASCII.idric	b096fab9fa9bc77cf76bd8edd2c100f8d553275e	NO_ASCII_SLASH	Full source blob inspected
fuego-ironworks/idric-arm-thumb	open_pr	112	92c2fd37fdd5dcc41e2168e2580ff15db3f48d00	_/pr-1-and-6-arm-thumb-first-slices/code/tests/characters/PrintUTF8.idric	c77ae301cf5f944519bd6dd107e79b7ee96efd8f	NO_ASCII_SLASH	Full source blob inspected
fuego-ironworks/idric-arm-thumb	open_pr	112	92c2fd37fdd5dcc41e2168e2580ff15db3f48d00	_/pr-1-and-6-arm-thumb-first-slices/code/tests/characters/ReadASCII.idric	9f2dd31c7b9227f43a3a00353d00a1753725d1cd	NO_ASCII_SLASH	Full source blob inspected
fuego-ironworks/idric-arm-thumb	open_pr	112	92c2fd37fdd5dcc41e2168e2580ff15db3f48d00	_/pr-1-and-6-arm-thumb-first-slices/code/tests/characters/ReadUTF8.idric	36dc2bdbcd7e8c05d40957a4225d1f8b23564245	NO_ASCII_SLASH	Full source blob inspected
fuego-ironworks/idric-arm-thumb	open_pr	112	92c2fd37fdd5dcc41e2168e2580ff15db3f48d00	_/pr-1-and-6-arm-thumb-first-slices/code/tests/source/InvalidInt.idric	20e926762e7ead8bbaba4f361638e7d936c062f5	NO_ASCII_SLASH	Full source blob inspected
fuego-ironworks/idric-arm-thumb	open_pr	112	92c2fd37fdd5dcc41e2168e2580ff15db3f48d00	_/pr-1-and-6-arm-thumb-first-slices/code/tests/source/InvalidResult.idric	6ae0bbf4f06bc83ae912390b225aa45ecba900a2	NO_ASCII_SLASH	Full source blob inspected
fuego-ironworks/idric-arm-thumb	open_pr	112	92c2fd37fdd5dcc41e2168e2580ff15db3f48d00	_/pr-1-and-6-arm-thumb-first-slices/code/tests/source/TooManyArgs.idric	49f1e64110f9db312abd3daf6624b101c62f9b23	NO_ASCII_SLASH	Full source blob inspected
fuego-ironworks/idric-arm-thumb	open_pr	112	92c2fd37fdd5dcc41e2168e2580ff15db3f48d00	examples/DexArithmetic.idric	4f805bd495a8f53c7dd7e50b1d8b2467b48d82b6	NO_ASCII_SLASH	Full source blob inspected
fuego-ironworks/idric-arm-thumb	open_pr	112	92c2fd37fdd5dcc41e2168e2580ff15db3f48d00	examples/DexText.idric	0e8b1225039a74c15118970d1a16ec11e4627acf	NO_ASCII_SLASH	Full source blob inspected
fuego-ironworks/idric-arm-thumb	open_pr	112	92c2fd37fdd5dcc41e2168e2580ff15db3f48d00	tests/source/InvalidDexInt.idric	464b3bec650e5dc9b8d26b6f61ee63489c9c25a4	NO_ASCII_SLASH	Full source blob inspected
isomorphisms/ai-ci	open_pr	240	297ee3467f2832c602c7671313a6c5637e690aa8	_/pr-9-catfood-bare-cloud-acceptance/code/catfood/fixtures/ib/AiciCatfoodFixture.idric	e7715f6afa0e233e7079461c7c4ed9f9c0c044e6	NO_OWNED_ARITHMETIC_SLASH	Reviewed slash occurrences are comments, text/character literals, paths, generated foreign descriptors, or /= inequality
isomorphisms/ai-ci	open_pr	240	297ee3467f2832c602c7671313a6c5637e690aa8	_/pr-9-catfood-bare-cloud-acceptance/code/catfood/fixtures/idric/Main.idric	f7c4c4790a6a66bc29c946776631828e3850f62d	NO_ASCII_SLASH	Full source blob inspected
isomorphisms/ai-ci	open_pr	240	297ee3467f2832c602c7671313a6c5637e690aa8	benchmarks/iridium-2014/IdricBench.idric	6a77554774d2b84659c6dd722f22d4b075995fb5	MIGRATION_PUBLISHED_OR_PARENT_OWNED	1 arithmetic operator; parent-owned ai-ci PR240
isomorphisms/ai-ci	open_pr	240	297ee3467f2832c602c7671313a6c5637e690aa8	tests/fixtures/coupled-bad-partial/coupled-substitution.idric	f7a24428ba89e202d26071dc193c3a139178529b	NO_ASCII_SLASH	Full source blob inspected
isomorphisms/ai-ci	open_pr	240	297ee3467f2832c602c7671313a6c5637e690aa8	tests/fixtures/coupled-bad-precheck/coupled-substitution.idric	4192310ca901e2580919e41641004899c998425d	NO_ASCII_SLASH	Full source blob inspected
isomorphisms/ai-ci	open_pr	240	297ee3467f2832c602c7671313a6c5637e690aa8	tests/fixtures/coupled-bad-signature/coupled-substitution.idric	97ce9193492e450b95facfb44fdd6cf76b96d514	NO_ASCII_SLASH	Full source blob inspected
isomorphisms/ai-ci	open_pr	240	297ee3467f2832c602c7671313a6c5637e690aa8	tests/fixtures/coupled-good/coupled-substitution.idric	d05ba7b882d1b16f8b4bcea087d93937789421e7	NO_ASCII_SLASH	Full source blob inspected
isomorphisms/ai-ci	open_pr	230	8346db1ca1520b5671c6e9a503c3b39eee732cb7	_/pr-9-catfood-bare-cloud-acceptance/code/catfood/fixtures/ib/AiciCatfoodFixture.idric	e7715f6afa0e233e7079461c7c4ed9f9c0c044e6	NO_OWNED_ARITHMETIC_SLASH	Reviewed slash occurrences are comments, text/character literals, paths, generated foreign descriptors, or /= inequality
isomorphisms/ai-ci	open_pr	230	8346db1ca1520b5671c6e9a503c3b39eee732cb7	_/pr-9-catfood-bare-cloud-acceptance/code/catfood/fixtures/idric/Main.idric	f7c4c4790a6a66bc29c946776631828e3850f62d	NO_ASCII_SLASH	Full source blob inspected
isomorphisms/ai-ci	open_pr	230	8346db1ca1520b5671c6e9a503c3b39eee732cb7	benchmarks/iridium-2014/IdricBench.idric	6a77554774d2b84659c6dd722f22d4b075995fb5	MIGRATION_PUBLISHED_OR_PARENT_OWNED	1 arithmetic operator; parent-owned ai-ci PR240
isomorphisms/ai-ci	open_pr	230	8346db1ca1520b5671c6e9a503c3b39eee732cb7	tests/fixtures/coupled-bad-partial/coupled-substitution.idric	f7a24428ba89e202d26071dc193c3a139178529b	NO_ASCII_SLASH	Full source blob inspected
isomorphisms/ai-ci	open_pr	230	8346db1ca1520b5671c6e9a503c3b39eee732cb7	tests/fixtures/coupled-bad-precheck/coupled-substitution.idric	4192310ca901e2580919e41641004899c998425d	NO_ASCII_SLASH	Full source blob inspected
isomorphisms/ai-ci	open_pr	230	8346db1ca1520b5671c6e9a503c3b39eee732cb7	tests/fixtures/coupled-bad-signature/coupled-substitution.idric	97ce9193492e450b95facfb44fdd6cf76b96d514	NO_ASCII_SLASH	Full source blob inspected
isomorphisms/ai-ci	open_pr	230	8346db1ca1520b5671c6e9a503c3b39eee732cb7	tests/fixtures/coupled-good/coupled-substitution.idric	d05ba7b882d1b16f8b4bcea087d93937789421e7	NO_ASCII_SLASH	Full source blob inspected
isomorphisms/ai-ci	open_pr	237	ca540e0d8aa388063e4c626a6b4d527ecc141a0c	_/pr-9-catfood-bare-cloud-acceptance/code/catfood/fixtures/ib/AiciCatfoodFixture.idric	e7715f6afa0e233e7079461c7c4ed9f9c0c044e6	NO_OWNED_ARITHMETIC_SLASH	Reviewed slash occurrences are comments, text/character literals, paths, generated foreign descriptors, or /= inequality
isomorphisms/ai-ci	open_pr	237	ca540e0d8aa388063e4c626a6b4d527ecc141a0c	_/pr-9-catfood-bare-cloud-acceptance/code/catfood/fixtures/idric/Main.idric	f7c4c4790a6a66bc29c946776631828e3850f62d	NO_ASCII_SLASH	Full source blob inspected
isomorphisms/ai-ci	open_pr	237	ca540e0d8aa388063e4c626a6b4d527ecc141a0c	benchmarks/iridium-2014/IdricBench.idric	6a77554774d2b84659c6dd722f22d4b075995fb5	MIGRATION_PUBLISHED_OR_PARENT_OWNED	1 arithmetic operator; parent-owned ai-ci PR240
isomorphisms/ai-ci	open_pr	237	ca540e0d8aa388063e4c626a6b4d527ecc141a0c	tests/fixtures/coupled-bad-partial/coupled-substitution.idric	f7a24428ba89e202d26071dc193c3a139178529b	NO_ASCII_SLASH	Full source blob inspected
isomorphisms/ai-ci	open_pr	237	ca540e0d8aa388063e4c626a6b4d527ecc141a0c	tests/fixtures/coupled-bad-precheck/coupled-substitution.idric	4192310ca901e2580919e41641004899c998425d	NO_ASCII_SLASH	Full source blob inspected
isomorphisms/ai-ci	open_pr	237	ca540e0d8aa388063e4c626a6b4d527ecc141a0c	tests/fixtures/coupled-bad-signature/coupled-substitution.idric	97ce9193492e450b95facfb44fdd6cf76b96d514	NO_ASCII_SLASH	Full source blob inspected
isomorphisms/ai-ci	open_pr	237	ca540e0d8aa388063e4c626a6b4d527ecc141a0c	tests/fixtures/coupled-good/coupled-substitution.idric	d05ba7b882d1b16f8b4bcea087d93937789421e7	NO_ASCII_SLASH	Full source blob inspected
isomorphisms/ai-ci	open_pr	231	f538ed81669ceb2d521b65fc3b3af7c2e51dd2f2	_/pr-9-catfood-bare-cloud-acceptance/code/catfood/fixtures/ib/AiciCatfoodFixture.idric	e7715f6afa0e233e7079461c7c4ed9f9c0c044e6	NO_OWNED_ARITHMETIC_SLASH	Reviewed slash occurrences are comments, text/character literals, paths, generated foreign descriptors, or /= inequality
isomorphisms/ai-ci	open_pr	231	f538ed81669ceb2d521b65fc3b3af7c2e51dd2f2	_/pr-9-catfood-bare-cloud-acceptance/code/catfood/fixtures/idric/Main.idric	f7c4c4790a6a66bc29c946776631828e3850f62d	NO_ASCII_SLASH	Full source blob inspected
isomorphisms/ai-ci	open_pr	231	f538ed81669ceb2d521b65fc3b3af7c2e51dd2f2	benchmarks/iridium-2014/IdricBench.idric	6a77554774d2b84659c6dd722f22d4b075995fb5	MIGRATION_PUBLISHED_OR_PARENT_OWNED	1 arithmetic operator; parent-owned ai-ci PR240
isomorphisms/ai-ci	open_pr	231	f538ed81669ceb2d521b65fc3b3af7c2e51dd2f2	tests/fixtures/coupled-bad-partial/coupled-substitution.idric	f7a24428ba89e202d26071dc193c3a139178529b	NO_ASCII_SLASH	Full source blob inspected
isomorphisms/ai-ci	open_pr	231	f538ed81669ceb2d521b65fc3b3af7c2e51dd2f2	tests/fixtures/coupled-bad-precheck/coupled-substitution.idric	4192310ca901e2580919e41641004899c998425d	NO_ASCII_SLASH	Full source blob inspected
isomorphisms/ai-ci	open_pr	231	f538ed81669ceb2d521b65fc3b3af7c2e51dd2f2	tests/fixtures/coupled-bad-signature/coupled-substitution.idric	97ce9193492e450b95facfb44fdd6cf76b96d514	NO_ASCII_SLASH	Full source blob inspected
isomorphisms/ai-ci	open_pr	231	f538ed81669ceb2d521b65fc3b3af7c2e51dd2f2	tests/fixtures/coupled-good/coupled-substitution.idric	d05ba7b882d1b16f8b4bcea087d93937789421e7	NO_ASCII_SLASH	Full source blob inspected
isomorphisms/ai-ci	open_pr	227	0bdd0fc3e6e452f78c537f8ef1bcbeec2dfa0a3b	_/pr-9-catfood-bare-cloud-acceptance/code/catfood/fixtures/ib/AiciCatfoodFixture.idric	e7715f6afa0e233e7079461c7c4ed9f9c0c044e6	NO_OWNED_ARITHMETIC_SLASH	Reviewed slash occurrences are comments, text/character literals, paths, generated foreign descriptors, or /= inequality
isomorphisms/ai-ci	open_pr	227	0bdd0fc3e6e452f78c537f8ef1bcbeec2dfa0a3b	_/pr-9-catfood-bare-cloud-acceptance/code/catfood/fixtures/idric/Main.idric	f7c4c4790a6a66bc29c946776631828e3850f62d	NO_ASCII_SLASH	Full source blob inspected
isomorphisms/ai-ci	open_pr	227	0bdd0fc3e6e452f78c537f8ef1bcbeec2dfa0a3b	benchmarks/iridium-2014/IdricBench.idric	6a77554774d2b84659c6dd722f22d4b075995fb5	MIGRATION_PUBLISHED_OR_PARENT_OWNED	1 arithmetic operator; parent-owned ai-ci PR240
isomorphisms/ai-ci	open_pr	227	0bdd0fc3e6e452f78c537f8ef1bcbeec2dfa0a3b	tests/fixtures/coupled-bad-partial/coupled-substitution.idric	f7a24428ba89e202d26071dc193c3a139178529b	NO_ASCII_SLASH	Full source blob inspected
isomorphisms/ai-ci	open_pr	227	0bdd0fc3e6e452f78c537f8ef1bcbeec2dfa0a3b	tests/fixtures/coupled-bad-precheck/coupled-substitution.idric	4192310ca901e2580919e41641004899c998425d	NO_ASCII_SLASH	Full source blob inspected
isomorphisms/ai-ci	open_pr	227	0bdd0fc3e6e452f78c537f8ef1bcbeec2dfa0a3b	tests/fixtures/coupled-bad-signature/coupled-substitution.idric	97ce9193492e450b95facfb44fdd6cf76b96d514	NO_ASCII_SLASH	Full source blob inspected
isomorphisms/ai-ci	open_pr	227	0bdd0fc3e6e452f78c537f8ef1bcbeec2dfa0a3b	tests/fixtures/coupled-good/coupled-substitution.idric	d05ba7b882d1b16f8b4bcea087d93937789421e7	NO_ASCII_SLASH	Full source blob inspected
isomorphisms/android-NDK	open_pr	17	32daa084390733d5b90cdec3157646832c75a3ad	dex/idric/examples/DexArithmetic.idric	4f805bd495a8f53c7dd7e50b1d8b2467b48d82b6	NO_ASCII_SLASH	Full source blob inspected
isomorphisms/android-NDK	open_pr	17	32daa084390733d5b90cdec3157646832c75a3ad	dex/idric/examples/DexText.idric	0e8b1225039a74c15118970d1a16ec11e4627acf	NO_ASCII_SLASH	Full source blob inspected
isomorphisms/android-NDK	open_pr	17	32daa084390733d5b90cdec3157646832c75a3ad	dex/idric/tests/source/InvalidDexInt.idric	464b3bec650e5dc9b8d26b6f61ee63489c9c25a4	NO_ASCII_SLASH	Full source blob inspected
isomorphisms/ai-ci	open_pr	222	f46158ca3a0ba231acf7694d84937022d71b29f8	_/pr-9-catfood-bare-cloud-acceptance/code/catfood/fixtures/ib/AiciCatfoodFixture.idric	e7715f6afa0e233e7079461c7c4ed9f9c0c044e6	NO_OWNED_ARITHMETIC_SLASH	Reviewed slash occurrences are comments, text/character literals, paths, generated foreign descriptors, or /= inequality
isomorphisms/ai-ci	open_pr	222	f46158ca3a0ba231acf7694d84937022d71b29f8	_/pr-9-catfood-bare-cloud-acceptance/code/catfood/fixtures/idric/Main.idric	f7c4c4790a6a66bc29c946776631828e3850f62d	NO_ASCII_SLASH	Full source blob inspected
isomorphisms/ai-ci	open_pr	222	f46158ca3a0ba231acf7694d84937022d71b29f8	benchmarks/iridium-2014/IdricBench.idric	6a77554774d2b84659c6dd722f22d4b075995fb5	MIGRATION_PUBLISHED_OR_PARENT_OWNED	1 arithmetic operator; parent-owned ai-ci PR240
isomorphisms/ai-ci	open_pr	222	f46158ca3a0ba231acf7694d84937022d71b29f8	tests/fixtures/coupled-bad-partial/coupled-substitution.idric	f7a24428ba89e202d26071dc193c3a139178529b	NO_ASCII_SLASH	Full source blob inspected
isomorphisms/ai-ci	open_pr	222	f46158ca3a0ba231acf7694d84937022d71b29f8	tests/fixtures/coupled-bad-precheck/coupled-substitution.idric	4192310ca901e2580919e41641004899c998425d	NO_ASCII_SLASH	Full source blob inspected
isomorphisms/ai-ci	open_pr	222	f46158ca3a0ba231acf7694d84937022d71b29f8	tests/fixtures/coupled-bad-signature/coupled-substitution.idric	97ce9193492e450b95facfb44fdd6cf76b96d514	NO_ASCII_SLASH	Full source blob inspected
isomorphisms/ai-ci	open_pr	222	f46158ca3a0ba231acf7694d84937022d71b29f8	tests/fixtures/coupled-good/coupled-substitution.idric	d05ba7b882d1b16f8b4bcea087d93937789421e7	NO_ASCII_SLASH	Full source blob inspected
isomorphisms/crawlspace	open_pr	7	e6f2fe1d3326382bfc8cf1c36b4d80d0cdc6b227	src/shizuku_broker.idric	970a959f9063088f44baf14809df46da9b674ea4	NO_OWNED_ARITHMETIC_SLASH	Reviewed slash occurrences are comments, text/character literals, paths, generated foreign descriptors, or /= inequality
isomorphisms/crawlspace	open_pr	7	e6f2fe1d3326382bfc8cf1c36b4d80d0cdc6b227	src/shizuku_clients.idric	4374507c8f8103e3ce819bb0fe21c1865ad61172	NO_OWNED_ARITHMETIC_SLASH	Reviewed slash occurrences are comments, text/character literals, paths, generated foreign descriptors, or /= inequality
isomorphisms/crawlspace	open_pr	7	e6f2fe1d3326382bfc8cf1c36b4d80d0cdc6b227	src/shizuku_delivery.idric	67ceac2fd2ca7b372ca8516edc6ec538f3371055	NO_OWNED_ARITHMETIC_SLASH	Reviewed slash occurrences are comments, text/character literals, paths, generated foreign descriptors, or /= inequality
isomorphisms/crawlspace	open_pr	7	e6f2fe1d3326382bfc8cf1c36b4d80d0cdc6b227	src/shizuku_protocol.idric	2ee0aff91e9ee2cc3a8aff70e41dcadcc4a743b3	NO_OWNED_ARITHMETIC_SLASH	Reviewed slash occurrences are comments, text/character literals, paths, generated foreign descriptors, or /= inequality
isomorphisms/crawlspace	open_pr	7	e6f2fe1d3326382bfc8cf1c36b4d80d0cdc6b227	src/shizuku_startup.idric	c8648f308707bea051ac237f4a5665e8ef04a50c	NO_OWNED_ARITHMETIC_SLASH	Reviewed slash occurrences are comments, text/character literals, paths, generated foreign descriptors, or /= inequality
isomorphisms/crawlspace	open_pr	7	e6f2fe1d3326382bfc8cf1c36b4d80d0cdc6b227	src/shizuku_user_service.idric	3dad042e8058ff180d9f3d45ddd549157363fc9e	NO_OWNED_ARITHMETIC_SLASH	Reviewed slash occurrences are comments, text/character literals, paths, generated foreign descriptors, or /= inequality
isomorphisms/ai-ci	open_pr	160	77f1cccf8f5ded7229e434b306114bcd5a130f09	_/pr-9-catfood-bare-cloud-acceptance/code/catfood/fixtures/ib/AiciCatfoodFixture.idric	e7715f6afa0e233e7079461c7c4ed9f9c0c044e6	NO_OWNED_ARITHMETIC_SLASH	Reviewed slash occurrences are comments, text/character literals, paths, generated foreign descriptors, or /= inequality
isomorphisms/ai-ci	open_pr	160	77f1cccf8f5ded7229e434b306114bcd5a130f09	_/pr-9-catfood-bare-cloud-acceptance/code/catfood/fixtures/idric/Main.idric	f7c4c4790a6a66bc29c946776631828e3850f62d	NO_ASCII_SLASH	Full source blob inspected
isomorphisms/ai-ci	open_pr	160	77f1cccf8f5ded7229e434b306114bcd5a130f09	benchmarks/iridium-2014/IdricBench.idric	6a77554774d2b84659c6dd722f22d4b075995fb5	MIGRATION_PUBLISHED_OR_PARENT_OWNED	1 arithmetic operator; parent-owned ai-ci PR240
isomorphisms/ai-ci	open_pr	160	77f1cccf8f5ded7229e434b306114bcd5a130f09	tests/fixtures/coupled-bad-partial/coupled-substitution.idric	f7a24428ba89e202d26071dc193c3a139178529b	NO_ASCII_SLASH	Full source blob inspected
isomorphisms/ai-ci	open_pr	160	77f1cccf8f5ded7229e434b306114bcd5a130f09	tests/fixtures/coupled-bad-precheck/coupled-substitution.idric	4192310ca901e2580919e41641004899c998425d	NO_ASCII_SLASH	Full source blob inspected
isomorphisms/ai-ci	open_pr	160	77f1cccf8f5ded7229e434b306114bcd5a130f09	tests/fixtures/coupled-bad-signature/coupled-substitution.idric	97ce9193492e450b95facfb44fdd6cf76b96d514	NO_ASCII_SLASH	Full source blob inspected
isomorphisms/ai-ci	open_pr	160	77f1cccf8f5ded7229e434b306114bcd5a130f09	tests/fixtures/coupled-good/coupled-substitution.idric	d05ba7b882d1b16f8b4bcea087d93937789421e7	NO_ASCII_SLASH	Full source blob inspected
isomorphisms/ai-ci	open_pr	221	e548936cbbcc1944725e9df38e916ddcdc45a62c	_/pr-9-catfood-bare-cloud-acceptance/code/catfood/fixtures/ib/AiciCatfoodFixture.idric	e7715f6afa0e233e7079461c7c4ed9f9c0c044e6	NO_OWNED_ARITHMETIC_SLASH	Reviewed slash occurrences are comments, text/character literals, paths, generated foreign descriptors, or /= inequality
isomorphisms/ai-ci	open_pr	221	e548936cbbcc1944725e9df38e916ddcdc45a62c	_/pr-9-catfood-bare-cloud-acceptance/code/catfood/fixtures/idric/Main.idric	f7c4c4790a6a66bc29c946776631828e3850f62d	NO_ASCII_SLASH	Full source blob inspected
isomorphisms/ai-ci	open_pr	221	e548936cbbcc1944725e9df38e916ddcdc45a62c	benchmarks/iridium-2014/IdricBench.idric	6a77554774d2b84659c6dd722f22d4b075995fb5	MIGRATION_PUBLISHED_OR_PARENT_OWNED	1 arithmetic operator; parent-owned ai-ci PR240
isomorphisms/ai-ci	open_pr	221	e548936cbbcc1944725e9df38e916ddcdc45a62c	tests/fixtures/coupled-bad-partial/coupled-substitution.idric	f7a24428ba89e202d26071dc193c3a139178529b	NO_ASCII_SLASH	Full source blob inspected
isomorphisms/ai-ci	open_pr	221	e548936cbbcc1944725e9df38e916ddcdc45a62c	tests/fixtures/coupled-bad-precheck/coupled-substitution.idric	4192310ca901e2580919e41641004899c998425d	NO_ASCII_SLASH	Full source blob inspected
isomorphisms/ai-ci	open_pr	221	e548936cbbcc1944725e9df38e916ddcdc45a62c	tests/fixtures/coupled-bad-signature/coupled-substitution.idric	97ce9193492e450b95facfb44fdd6cf76b96d514	NO_ASCII_SLASH	Full source blob inspected
isomorphisms/ai-ci	open_pr	221	e548936cbbcc1944725e9df38e916ddcdc45a62c	tests/fixtures/coupled-good/coupled-substitution.idric	d05ba7b882d1b16f8b4bcea087d93937789421e7	NO_ASCII_SLASH	Full source blob inspected
fuego-ironworks/gym	open_pr	65	613d5bcb7208c7bdc4b6f6659fd7ac3206474b25	examples/autogenerated/conversation-projection/ConversationVector.idric	7e576efe25f6b0626ef38c526314eea561e2f485	NO_ASCII_SLASH	Full source blob inspected
place-of-honor/learn-toki-pona	open_pr	12	8c4aa5e9753008468b01b47a26487f8de3fd15dd	TokiPonaQuizTypes.idric	b6336c516ec3fe4292a5f10617abd14f74a07a3a	NO_OWNED_ARITHMETIC_SLASH	Reviewed slash occurrences are comments, text/character literals, paths, generated foreign descriptors, or /= inequality
isomorphismes/seifert	open_pr	1	aabe1917ba1bf624ddc102444a71909b5c15aa78	types/Seifert.idric	d767b8bb521f29942aae55191ff775b4d0b8b49d	NO_OWNED_ARITHMETIC_SLASH	Reviewed slash occurrences are comments, text/character literals, paths, generated foreign descriptors, or /= inequality
isomorphisms/flexible-pipes	open_pr	49	c2440bd94ed12d418f8904bcc948308ee7966e13	examples/autogenerated/job-delivery/JobDelivery.idric	cb7a995a3a108944f5726f77e7996c0a53a07b21	NO_ASCII_SLASH	Full source blob inspected
isomorphismes/seifert	open_pr	2	420630cbcbf26925f1c73c2f936b2cc56a039195	types/Seifert.idric	d891391c6508dffb0aca216dba4a064734c9f086	NO_OWNED_ARITHMETIC_SLASH	Reviewed slash occurrences are comments, text/character literals, paths, generated foreign descriptors, or /= inequality
isomorphisms/flexible-pipes	open_pr	37	0796f0a02d002ff87cf3fc65835f71f7d01872cc	examples/autogenerated/job-delivery/JobDelivery.idric	cb7a995a3a108944f5726f77e7996c0a53a07b21	NO_ASCII_SLASH	Full source blob inspected
isomorphisms/flexible-pipes	open_pr	38	e86fbb196fb6f11d6ffc6bdf52acf80cc6015ef3	examples/autogenerated/job-delivery/JobDelivery.idric	cb7a995a3a108944f5726f77e7996c0a53a07b21	NO_ASCII_SLASH	Full source blob inspected
isomorphisms/flexible-pipes	open_pr	47	6810dc0dd81dad0ccbba882e7c696fbaef13e329	examples/autogenerated/job-delivery/JobDelivery.idric	cb7a995a3a108944f5726f77e7996c0a53a07b21	NO_ASCII_SLASH	Full source blob inspected
isomorphisms/fastchat	open_pr	11	0192ff37c8786467f41e1646058a6691242face4	examples/autogenerated/http-transport/NativeTransportAttempt.idric	7a1af4d3c35cd7ec5b2fcdb0a862fd0afecb56a8	NO_ASCII_SLASH	Full source blob inspected
isomorphisms/fastchat	open_pr	11	0192ff37c8786467f41e1646058a6691242face4	idric/FastChatCore.idric	a5e521e6734f69d69c93e4deb49b2f0b2a74ea46	NO_ASCII_SLASH	Full source blob inspected
isomorphisms/fastchat	open_pr	11	0192ff37c8786467f41e1646058a6691242face4	idric/FastChatCoreTests.idric	c28f04c9819934b5845f713d5e5e3aba9179adc5	NO_ASCII_SLASH	Full source blob inspected
isomorphisms/flexible-pipes	open_pr	52	5caaba31256bfb424638f8a3d4d554c56fa9a970	examples/autogenerated/job-delivery/JobDelivery.idric	cb7a995a3a108944f5726f77e7996c0a53a07b21	NO_ASCII_SLASH	Full source blob inspected
isomorphisms/fastchat	open_pr	8	ae920025c1ef8b8262f2003c59217cb69955c4d4	examples/autogenerated/http-transport/FastChatCore.idric	f3b0d2a52c8cc5370fedff96652f155af2f9a929	NO_ASCII_SLASH	Full source blob inspected
isomorphisms/fastchat	open_pr	8	ae920025c1ef8b8262f2003c59217cb69955c4d4	examples/autogenerated/http-transport/FastChatCoreTests.idric	eb9979329db34bf574f0f100f594696b3fc0454e	NO_ASCII_SLASH	Full source blob inspected
isomorphisms/fastchat	open_pr	8	ae920025c1ef8b8262f2003c59217cb69955c4d4	examples/autogenerated/http-transport/HttpTransport.idric	35407909d2839a4c1b40d340bc3d605da820c266	PATH_CONTENT	Git symlink target text
isomorphisms/fastchat	open_pr	8	ae920025c1ef8b8262f2003c59217cb69955c4d4	examples/autogenerated/http-transport/NativeTransportAttempt.idric	7a1af4d3c35cd7ec5b2fcdb0a862fd0afecb56a8	NO_ASCII_SLASH	Full source blob inspected
isomorphisms/fastchat	open_pr	8	ae920025c1ef8b8262f2003c59217cb69955c4d4	examples/autogenerated/http-transport/ReferenceRetryDiagnostic.idric	517a6f5f84b4c0b585d668d9e905cbfa7241168e	NO_ASCII_SLASH	Full source blob inspected
isomorphisms/fastchat	open_pr	8	ae920025c1ef8b8262f2003c59217cb69955c4d4	examples/autogenerated/http-transport/TransportCoreTest.idric	e57e805ad6432d9ab8493ef19d796d8ed04f5933	NO_OWNED_ARITHMETIC_SLASH	Reviewed slash occurrences are comments, text/character literals, paths, generated foreign descriptors, or /= inequality
isomorphisms/fastchat	open_pr	8	ae920025c1ef8b8262f2003c59217cb69955c4d4	transport/HttpTransport.idric	31355a9520f56e7c2cf826b6397f71d7ef103e36	NO_OWNED_ARITHMETIC_SLASH	Reviewed slash occurrences are comments, text/character literals, paths, generated foreign descriptors, or /= inequality
isomorphismes/seifert	open_pr	5	fd718e5de9b3a579338098c387ecaccc9fc16f19	examples/autogenerated/topology-readouts/ReadoutChecks.idric	524dee616e4fdce099f31fd3514265e0e67ed9f1	MIGRATION_PUBLISHED_OR_PARENT_OWNED	5 arithmetic operators; seifert PR5 updated
isomorphismes/seifert	open_pr	5	fd718e5de9b3a579338098c387ecaccc9fc16f19	types/ArithmeticTopology.idric	d0176c16a35b32ab57a4087d84ba4449fe98b2dc	MIGRATION_PUBLISHED_OR_PARENT_OWNED	2 arithmetic operators; seifert PR5 updated
isomorphismes/seifert	open_pr	5	fd718e5de9b3a579338098c387ecaccc9fc16f19	types/Seifert.idric	aac66509670009534203cd60ed4c7ad04ec1af82	NO_OWNED_ARITHMETIC_SLASH	Reviewed slash occurrences are comments, text/character literals, paths, generated foreign descriptors, or /= inequality
isomorphisms/fastchat	open_pr	9	94068b5aefa5ba61ccb9dce6f0577e0a5f9dbd0b	examples/autogenerated/http-transport/FastChatCore.idric	f3b0d2a52c8cc5370fedff96652f155af2f9a929	NO_ASCII_SLASH	Full source blob inspected
isomorphisms/fastchat	open_pr	9	94068b5aefa5ba61ccb9dce6f0577e0a5f9dbd0b	examples/autogenerated/http-transport/FastChatCoreTests.idric	eb9979329db34bf574f0f100f594696b3fc0454e	NO_ASCII_SLASH	Full source blob inspected
isomorphisms/fastchat	open_pr	9	94068b5aefa5ba61ccb9dce6f0577e0a5f9dbd0b	examples/autogenerated/http-transport/HttpTransport.idric	35407909d2839a4c1b40d340bc3d605da820c266	PATH_CONTENT	Git symlink target text
isomorphisms/fastchat	open_pr	9	94068b5aefa5ba61ccb9dce6f0577e0a5f9dbd0b	examples/autogenerated/http-transport/NativeQuicTransportAttempt.idric	2aadbd461e5761e0c109c74fa23b2ee15a7078ee	NO_ASCII_SLASH	Full source blob inspected
isomorphisms/fastchat	open_pr	9	94068b5aefa5ba61ccb9dce6f0577e0a5f9dbd0b	examples/autogenerated/http-transport/NativeTransportAttempt.idric	7a1af4d3c35cd7ec5b2fcdb0a862fd0afecb56a8	NO_ASCII_SLASH	Full source blob inspected
isomorphisms/fastchat	open_pr	9	94068b5aefa5ba61ccb9dce6f0577e0a5f9dbd0b	examples/autogenerated/http-transport/ReferenceRetryDiagnostic.idric	517a6f5f84b4c0b585d668d9e905cbfa7241168e	NO_ASCII_SLASH	Full source blob inspected
isomorphisms/fastchat	open_pr	9	94068b5aefa5ba61ccb9dce6f0577e0a5f9dbd0b	examples/autogenerated/http-transport/TransportCoreTest.idric	e57e805ad6432d9ab8493ef19d796d8ed04f5933	NO_OWNED_ARITHMETIC_SLASH	Reviewed slash occurrences are comments, text/character literals, paths, generated foreign descriptors, or /= inequality
isomorphisms/fastchat	open_pr	9	94068b5aefa5ba61ccb9dce6f0577e0a5f9dbd0b	transport/HttpTransport.idric	31355a9520f56e7c2cf826b6397f71d7ef103e36	NO_OWNED_ARITHMETIC_SLASH	Reviewed slash occurrences are comments, text/character literals, paths, generated foreign descriptors, or /= inequality
isomorphisms/ib	open_pr	129	be731c7916e9489a03cf6cd5ea9328763faaee96	examples/autogenerated/android-view-boundary/ViewTextBoundary.idric	96e9bc57db4057e465d83821e740ebe3a71355ef	NO_ASCII_SLASH	Full source blob inspected
isomorphisms/ib	open_pr	129	be731c7916e9489a03cf6cd5ea9328763faaee96	examples/autogenerated/protected-long-view-task/protected-long-view-task.idric	302f48270e9451959dea7c42b97ba9f677d16168	NO_OWNED_ARITHMETIC_SLASH	Reviewed slash occurrences are comments, text/character literals, paths, generated foreign descriptors, or /= inequality
isomorphisms/ib	open_pr	129	be731c7916e9489a03cf6cd5ea9328763faaee96	src/ArxivPrepaint.idric	def2f9deb41246677a5f885601545a2413968e39	NO_ASCII_SLASH	Full source blob inspected
isomorphisms/ib	open_pr	129	be731c7916e9489a03cf6cd5ea9328763faaee96	src/ExactTextSmoke.idric	0ff9c9e544d663153ac8db400fa632735c71ac98	NO_ASCII_SLASH	Full source blob inspected
isomorphisms/ib	open_pr	129	be731c7916e9489a03cf6cd5ea9328763faaee96	src/HostileIngestionReceipt.idric	bb8efaf0edb76aef2b1789acaed1a265991cc242	NO_OWNED_ARITHMETIC_SLASH	Reviewed slash occurrences are comments, text/character literals, paths, generated foreign descriptors, or /= inequality
isomorphisms/ib	open_pr	129	be731c7916e9489a03cf6cd5ea9328763faaee96	src/IB/DisplayRepair.idric	529d0e90d98982cb8ef1cdfd23d7d1f38eea2f52	NO_ASCII_SLASH	Full source blob inspected
isomorphisms/ib	open_pr	129	be731c7916e9489a03cf6cd5ea9328763faaee96	src/IB/ExactText.idric	b520c2b29b470016fd5535677c75c21ad4bcf000	NO_ASCII_SLASH	Full source blob inspected
isomorphisms/ib	open_pr	129	be731c7916e9489a03cf6cd5ea9328763faaee96	src/IB/History.idric	358c7994d1df824383437501607d52c273ee2605	NO_ASCII_SLASH	Full source blob inspected
isomorphisms/ib	open_pr	129	be731c7916e9489a03cf6cd5ea9328763faaee96	src/IB/Index.idric	2e8f61c7f7e9ca78fdab5a0bba0c9e3adaa3d415	NO_OWNED_ARITHMETIC_SLASH	Reviewed slash occurrences are comments, text/character literals, paths, generated foreign descriptors, or /= inequality
isomorphisms/ib	open_pr	129	be731c7916e9489a03cf6cd5ea9328763faaee96	src/IB/Information.idric	ee53bef5a6b63e0d7c21db71179ea0b2a6c22c99	NO_OWNED_ARITHMETIC_SLASH	Reviewed slash occurrences are comments, text/character literals, paths, generated foreign descriptors, or /= inequality
isomorphisms/ib	open_pr	129	be731c7916e9489a03cf6cd5ea9328763faaee96	src/IB/Inspect.idric	3ed8ef3683f9295736e33306924ee3c5cd2c969c	NO_ASCII_SLASH	Full source blob inspected
isomorphisms/ib	open_pr	129	be731c7916e9489a03cf6cd5ea9328763faaee96	src/IB/LongViewTask.idric	f34362b2611ab4c91d16e52aed2b3c32e3e233ef	NO_ASCII_SLASH	Full source blob inspected
isomorphisms/ib	open_pr	129	be731c7916e9489a03cf6cd5ea9328763faaee96	src/IB/Occurrence.idric	40fbd06de0e5a57aab7ae48a7b94287fdc1a01c2	NO_OWNED_ARITHMETIC_SLASH	Reviewed slash occurrences are comments, text/character literals, paths, generated foreign descriptors, or /= inequality
isomorphisms/ib	open_pr	129	be731c7916e9489a03cf6cd5ea9328763faaee96	src/IB/PaintBudget.idric	c27434bee022f8bd046eab4bb00c56cc74388480	NO_ASCII_SLASH	Full source blob inspected
isomorphisms/ib	open_pr	129	be731c7916e9489a03cf6cd5ea9328763faaee96	src/IB/PaintBudget/Mock.idric	de2b358732664e1ba1eb2ce157b41b7648231c21	NO_ASCII_SLASH	Full source blob inspected
isomorphisms/ib	open_pr	129	be731c7916e9489a03cf6cd5ea9328763faaee96	src/IB/Prefetch.idric	3b3e880010aeb1154674aee42c0cf034d5505a0f	NO_ASCII_SLASH	Full source blob inspected
isomorphisms/ib	open_pr	129	be731c7916e9489a03cf6cd5ea9328763faaee96	src/IB/RecoveredInformation.idric	470e145c916290f40d9b017e04365b3b0d8155ef	NO_ASCII_SLASH	Full source blob inspected
isomorphisms/ib	open_pr	129	be731c7916e9489a03cf6cd5ea9328763faaee96	src/IB/ScientificMedia.idric	d7ce92f591c6e7a5c94b28c160109b24895d5a61	NO_OWNED_ARITHMETIC_SLASH	Reviewed slash occurrences are comments, text/character literals, paths, generated foreign descriptors, or /= inequality
isomorphisms/ib	open_pr	129	be731c7916e9489a03cf6cd5ea9328763faaee96	src/IB/Storage.idric	7710f3a94d86441e4c427f43aa4032e5846b6447	NO_OWNED_ARITHMETIC_SLASH	Reviewed slash occurrences are comments, text/character literals, paths, generated foreign descriptors, or /= inequality
isomorphisms/ib	open_pr	129	be731c7916e9489a03cf6cd5ea9328763faaee96	src/InformationSmoke.idric	5e8c51a0260e6ad8d38388bf80d1abc995432cc9	NO_OWNED_ARITHMETIC_SLASH	Reviewed slash occurrences are comments, text/character literals, paths, generated foreign descriptors, or /= inequality
isomorphisms/ib	open_pr	129	be731c7916e9489a03cf6cd5ea9328763faaee96	src/OccurrenceSmoke.idric	4da48bec25f139b6b6cc93843896a1d7fcb53c2e	NO_ASCII_SLASH	Full source blob inspected
isomorphisms/ib	open_pr	129	be731c7916e9489a03cf6cd5ea9328763faaee96	src/PDFCaptionAssociate.idric	7af4b41c795a2cf8bb0a80180c6a88f4d3e1845a	NO_OWNED_ARITHMETIC_SLASH	Reviewed slash occurrences are comments, text/character literals, paths, generated foreign descriptors, or /= inequality
isomorphisms/ib	open_pr	129	be731c7916e9489a03cf6cd5ea9328763faaee96	src/PaintBudgetSmoke.idric	b74ac9aa254607d81f1899d028b2e917ed557dc8	NO_ASCII_SLASH	Full source blob inspected
isomorphisms/ib	open_pr	129	be731c7916e9489a03cf6cd5ea9328763faaee96	src/Smoke.idric	4e9610b3b4d2f37bd66588a64000e17c34ba9ab2	NO_OWNED_ARITHMETIC_SLASH	Reviewed slash occurrences are comments, text/character literals, paths, generated foreign descriptors, or /= inequality
isomorphisms/ib	open_pr	129	be731c7916e9489a03cf6cd5ea9328763faaee96	src/Workbench.idric	116db4b7790dad54b02fb1c8b0a4f72d3bbc43bd	NO_OWNED_ARITHMETIC_SLASH	Reviewed slash occurrences are comments, text/character literals, paths, generated foreign descriptors, or /= inequality
isomorphisms/ib	open_pr	130	fbaf58c10a32e5181a05a855f7586e9aa6a3df67	examples/autogenerated/protected-long-view-task/protected-long-view-task.idric	302f48270e9451959dea7c42b97ba9f677d16168	NO_OWNED_ARITHMETIC_SLASH	Reviewed slash occurrences are comments, text/character literals, paths, generated foreign descriptors, or /= inequality
isomorphisms/ib	open_pr	130	fbaf58c10a32e5181a05a855f7586e9aa6a3df67	examples/autogenerated/result-publication/EqualitySpelling.idric	da3c8e653cd2f6cf3ffd2bca8e7d8f4978812dce	NO_ASCII_SLASH	Full source blob inspected
isomorphisms/ib	open_pr	130	fbaf58c10a32e5181a05a855f7586e9aa6a3df67	src/ArxivPrepaint.idric	def2f9deb41246677a5f885601545a2413968e39	NO_ASCII_SLASH	Full source blob inspected
isomorphisms/ib	open_pr	130	fbaf58c10a32e5181a05a855f7586e9aa6a3df67	src/BinderSmoke.idric	fc7e02b63fe499e41084906b476b771e730fe90e	NO_ASCII_SLASH	Full source blob inspected
isomorphisms/ib	open_pr	130	fbaf58c10a32e5181a05a855f7586e9aa6a3df67	src/ExactTextSmoke.idric	0ff9c9e544d663153ac8db400fa632735c71ac98	NO_ASCII_SLASH	Full source blob inspected
isomorphisms/ib	open_pr	130	fbaf58c10a32e5181a05a855f7586e9aa6a3df67	src/HostileIngestionReceipt.idric	bb8efaf0edb76aef2b1789acaed1a265991cc242	NO_OWNED_ARITHMETIC_SLASH	Reviewed slash occurrences are comments, text/character literals, paths, generated foreign descriptors, or /= inequality
isomorphisms/ib	open_pr	130	fbaf58c10a32e5181a05a855f7586e9aa6a3df67	src/IB/Binder.idric	b31e15bc76e19f98ced911caf35cd826bf52c5da	NO_OWNED_ARITHMETIC_SLASH	Reviewed slash occurrences are comments, text/character literals, paths, generated foreign descriptors, or /= inequality
isomorphisms/ib	open_pr	130	fbaf58c10a32e5181a05a855f7586e9aa6a3df67	src/IB/DisplayRepair.idric	529d0e90d98982cb8ef1cdfd23d7d1f38eea2f52	NO_ASCII_SLASH	Full source blob inspected
isomorphisms/ib	open_pr	130	fbaf58c10a32e5181a05a855f7586e9aa6a3df67	src/IB/ExactText.idric	b520c2b29b470016fd5535677c75c21ad4bcf000	NO_ASCII_SLASH	Full source blob inspected
isomorphisms/ib	open_pr	130	fbaf58c10a32e5181a05a855f7586e9aa6a3df67	src/IB/History.idric	358c7994d1df824383437501607d52c273ee2605	NO_ASCII_SLASH	Full source blob inspected
isomorphisms/ib	open_pr	130	fbaf58c10a32e5181a05a855f7586e9aa6a3df67	src/IB/Index.idric	2e8f61c7f7e9ca78fdab5a0bba0c9e3adaa3d415	NO_OWNED_ARITHMETIC_SLASH	Reviewed slash occurrences are comments, text/character literals, paths, generated foreign descriptors, or /= inequality
isomorphisms/ib	open_pr	130	fbaf58c10a32e5181a05a855f7586e9aa6a3df67	src/IB/Information.idric	ee53bef5a6b63e0d7c21db71179ea0b2a6c22c99	NO_OWNED_ARITHMETIC_SLASH	Reviewed slash occurrences are comments, text/character literals, paths, generated foreign descriptors, or /= inequality
isomorphisms/ib	open_pr	130	fbaf58c10a32e5181a05a855f7586e9aa6a3df67	src/IB/Inspect.idric	3ed8ef3683f9295736e33306924ee3c5cd2c969c	NO_ASCII_SLASH	Full source blob inspected
isomorphisms/ib	open_pr	130	fbaf58c10a32e5181a05a855f7586e9aa6a3df67	src/IB/LongViewTask.idric	f34362b2611ab4c91d16e52aed2b3c32e3e233ef	NO_ASCII_SLASH	Full source blob inspected
isomorphisms/ib	open_pr	130	fbaf58c10a32e5181a05a855f7586e9aa6a3df67	src/IB/Occurrence.idric	40fbd06de0e5a57aab7ae48a7b94287fdc1a01c2	NO_OWNED_ARITHMETIC_SLASH	Reviewed slash occurrences are comments, text/character literals, paths, generated foreign descriptors, or /= inequality
isomorphisms/ib	open_pr	130	fbaf58c10a32e5181a05a855f7586e9aa6a3df67	src/IB/PaintBudget.idric	c27434bee022f8bd046eab4bb00c56cc74388480	NO_ASCII_SLASH	Full source blob inspected
isomorphisms/ib	open_pr	130	fbaf58c10a32e5181a05a855f7586e9aa6a3df67	src/IB/PaintBudget/Mock.idric	de2b358732664e1ba1eb2ce157b41b7648231c21	NO_ASCII_SLASH	Full source blob inspected
isomorphisms/ib	open_pr	130	fbaf58c10a32e5181a05a855f7586e9aa6a3df67	src/IB/Prefetch.idric	3b3e880010aeb1154674aee42c0cf034d5505a0f	NO_ASCII_SLASH	Full source blob inspected
isomorphisms/ib	open_pr	130	fbaf58c10a32e5181a05a855f7586e9aa6a3df67	src/IB/RecoveredInformation.idric	470e145c916290f40d9b017e04365b3b0d8155ef	NO_ASCII_SLASH	Full source blob inspected
isomorphisms/ib	open_pr	130	fbaf58c10a32e5181a05a855f7586e9aa6a3df67	src/IB/ScientificMedia.idric	d7ce92f591c6e7a5c94b28c160109b24895d5a61	NO_OWNED_ARITHMETIC_SLASH	Reviewed slash occurrences are comments, text/character literals, paths, generated foreign descriptors, or /= inequality
isomorphisms/ib	open_pr	130	fbaf58c10a32e5181a05a855f7586e9aa6a3df67	src/IB/Storage.idric	7710f3a94d86441e4c427f43aa4032e5846b6447	NO_OWNED_ARITHMETIC_SLASH	Reviewed slash occurrences are comments, text/character literals, paths, generated foreign descriptors, or /= inequality
isomorphisms/ib	open_pr	130	fbaf58c10a32e5181a05a855f7586e9aa6a3df67	src/IB/StorageAdmission.idric	6ea6a54e7c2417f90fcc2040ebfe98076272e78b	NO_OWNED_ARITHMETIC_SLASH	Reviewed slash occurrences are comments, text/character literals, paths, generated foreign descriptors, or /= inequality
isomorphisms/ib	open_pr	130	fbaf58c10a32e5181a05a855f7586e9aa6a3df67	src/IB/WorkBounds.idric	30a1944b9970a2db813b2ac70c266a251cd46f5a	NO_ASCII_SLASH	Full source blob inspected
isomorphisms/ib	open_pr	130	fbaf58c10a32e5181a05a855f7586e9aa6a3df67	src/IB/WorkerLifecycle.idric	fc2bc45e86297d5df09ac3822df0731f9d305c09	NO_OWNED_ARITHMETIC_SLASH	Reviewed slash occurrences are comments, text/character literals, paths, generated foreign descriptors, or /= inequality
isomorphisms/ib	open_pr	130	fbaf58c10a32e5181a05a855f7586e9aa6a3df67	src/InformationSmoke.idric	5e8c51a0260e6ad8d38388bf80d1abc995432cc9	NO_OWNED_ARITHMETIC_SLASH	Reviewed slash occurrences are comments, text/character literals, paths, generated foreign descriptors, or /= inequality
isomorphisms/ib	open_pr	130	fbaf58c10a32e5181a05a855f7586e9aa6a3df67	src/OccurrenceSmoke.idric	4da48bec25f139b6b6cc93843896a1d7fcb53c2e	NO_ASCII_SLASH	Full source blob inspected
isomorphisms/ib	open_pr	130	fbaf58c10a32e5181a05a855f7586e9aa6a3df67	src/PDFCaptionAssociate.idric	7af4b41c795a2cf8bb0a80180c6a88f4d3e1845a	NO_OWNED_ARITHMETIC_SLASH	Reviewed slash occurrences are comments, text/character literals, paths, generated foreign descriptors, or /= inequality
isomorphisms/ib	open_pr	130	fbaf58c10a32e5181a05a855f7586e9aa6a3df67	src/PaintBudgetSmoke.idric	b74ac9aa254607d81f1899d028b2e917ed557dc8	NO_ASCII_SLASH	Full source blob inspected
isomorphisms/ib	open_pr	130	fbaf58c10a32e5181a05a855f7586e9aa6a3df67	src/ResultPublicationAcceptance.idric	048fabb0f832d9f893d77fd481c833de21a85fc3	NO_ASCII_SLASH	Full source blob inspected
isomorphisms/ib	open_pr	130	fbaf58c10a32e5181a05a855f7586e9aa6a3df67	src/Smoke.idric	4e9610b3b4d2f37bd66588a64000e17c34ba9ab2	NO_OWNED_ARITHMETIC_SLASH	Reviewed slash occurrences are comments, text/character literals, paths, generated foreign descriptors, or /= inequality
isomorphisms/ib	open_pr	130	fbaf58c10a32e5181a05a855f7586e9aa6a3df67	src/StorageAdmissionSmoke.idric	709e9d8f778c170a01dfe50107ea95dd3d6a41bb	NO_ASCII_SLASH	Full source blob inspected
isomorphisms/ib	open_pr	130	fbaf58c10a32e5181a05a855f7586e9aa6a3df67	src/WorkBoundsSmoke.idric	d7e6773d8bcc0b728bfe76c16b24a7f92df58338	NO_ASCII_SLASH	Full source blob inspected
isomorphisms/ib	open_pr	130	fbaf58c10a32e5181a05a855f7586e9aa6a3df67	src/Workbench.idric	116db4b7790dad54b02fb1c8b0a4f72d3bbc43bd	NO_OWNED_ARITHMETIC_SLASH	Reviewed slash occurrences are comments, text/character literals, paths, generated foreign descriptors, or /= inequality
isomorphisms/ib	open_pr	130	fbaf58c10a32e5181a05a855f7586e9aa6a3df67	src/WorkerLifecycleSmoke.idric	cee47bc3398868cccd1878401837a1970fc5bcf0	NO_ASCII_SLASH	Full source blob inspected
isomorphisms/ib	open_pr	127	b329a6e0a8f41afac50bc35a3ce90f56b046df3a	examples/autogenerated/protected-long-view-task/protected-long-view-task.idric	302f48270e9451959dea7c42b97ba9f677d16168	NO_OWNED_ARITHMETIC_SLASH	Reviewed slash occurrences are comments, text/character literals, paths, generated foreign descriptors, or /= inequality
isomorphisms/ib	open_pr	127	b329a6e0a8f41afac50bc35a3ce90f56b046df3a	examples/autogenerated/result-publication/EqualitySpelling.idric	da3c8e653cd2f6cf3ffd2bca8e7d8f4978812dce	NO_ASCII_SLASH	Full source blob inspected
isomorphisms/ib	open_pr	127	b329a6e0a8f41afac50bc35a3ce90f56b046df3a	examples/autogenerated/storage-reconciliation/ArityFailure.idric	effb76cf0aee3b19737f85e2a1c27259c7da4687	NO_ASCII_SLASH	Full source blob inspected
isomorphisms/ib	open_pr	127	b329a6e0a8f41afac50bc35a3ce90f56b046df3a	examples/autogenerated/storage-reconciliation/ReconcileStorage.idric	42fd4f8ab830bfa7c07f5085eb8def439be4a097	NO_OWNED_ARITHMETIC_SLASH	Reviewed slash occurrences are comments, text/character literals, paths, generated foreign descriptors, or /= inequality
isomorphisms/ib	open_pr	127	b329a6e0a8f41afac50bc35a3ce90f56b046df3a	src/ArxivPrepaint.idric	def2f9deb41246677a5f885601545a2413968e39	NO_ASCII_SLASH	Full source blob inspected
isomorphisms/ib	open_pr	127	b329a6e0a8f41afac50bc35a3ce90f56b046df3a	src/BinderSmoke.idric	fc7e02b63fe499e41084906b476b771e730fe90e	NO_ASCII_SLASH	Full source blob inspected
isomorphisms/ib	open_pr	127	b329a6e0a8f41afac50bc35a3ce90f56b046df3a	src/ExactTextSmoke.idric	0ff9c9e544d663153ac8db400fa632735c71ac98	NO_ASCII_SLASH	Full source blob inspected
isomorphisms/ib	open_pr	127	b329a6e0a8f41afac50bc35a3ce90f56b046df3a	src/HostileIngestionReceipt.idric	bb8efaf0edb76aef2b1789acaed1a265991cc242	NO_OWNED_ARITHMETIC_SLASH	Reviewed slash occurrences are comments, text/character literals, paths, generated foreign descriptors, or /= inequality
isomorphisms/ib	open_pr	127	b329a6e0a8f41afac50bc35a3ce90f56b046df3a	src/IB/Binder.idric	b31e15bc76e19f98ced911caf35cd826bf52c5da	NO_OWNED_ARITHMETIC_SLASH	Reviewed slash occurrences are comments, text/character literals, paths, generated foreign descriptors, or /= inequality
isomorphisms/ib	open_pr	127	b329a6e0a8f41afac50bc35a3ce90f56b046df3a	src/IB/DisplayRepair.idric	529d0e90d98982cb8ef1cdfd23d7d1f38eea2f52	NO_ASCII_SLASH	Full source blob inspected
isomorphisms/ib	open_pr	127	b329a6e0a8f41afac50bc35a3ce90f56b046df3a	src/IB/ExactText.idric	b520c2b29b470016fd5535677c75c21ad4bcf000	NO_ASCII_SLASH	Full source blob inspected
isomorphisms/ib	open_pr	127	b329a6e0a8f41afac50bc35a3ce90f56b046df3a	src/IB/History.idric	358c7994d1df824383437501607d52c273ee2605	NO_ASCII_SLASH	Full source blob inspected
isomorphisms/ib	open_pr	127	b329a6e0a8f41afac50bc35a3ce90f56b046df3a	src/IB/Index.idric	2e8f61c7f7e9ca78fdab5a0bba0c9e3adaa3d415	NO_OWNED_ARITHMETIC_SLASH	Reviewed slash occurrences are comments, text/character literals, paths, generated foreign descriptors, or /= inequality
isomorphisms/ib	open_pr	127	b329a6e0a8f41afac50bc35a3ce90f56b046df3a	src/IB/Information.idric	ee53bef5a6b63e0d7c21db71179ea0b2a6c22c99	NO_OWNED_ARITHMETIC_SLASH	Reviewed slash occurrences are comments, text/character literals, paths, generated foreign descriptors, or /= inequality
isomorphisms/ib	open_pr	127	b329a6e0a8f41afac50bc35a3ce90f56b046df3a	src/IB/Inspect.idric	3ed8ef3683f9295736e33306924ee3c5cd2c969c	NO_ASCII_SLASH	Full source blob inspected
isomorphisms/ib	open_pr	127	b329a6e0a8f41afac50bc35a3ce90f56b046df3a	src/IB/LongViewTask.idric	f34362b2611ab4c91d16e52aed2b3c32e3e233ef	NO_ASCII_SLASH	Full source blob inspected
isomorphisms/ib	open_pr	127	b329a6e0a8f41afac50bc35a3ce90f56b046df3a	src/IB/Occurrence.idric	40fbd06de0e5a57aab7ae48a7b94287fdc1a01c2	NO_OWNED_ARITHMETIC_SLASH	Reviewed slash occurrences are comments, text/character literals, paths, generated foreign descriptors, or /= inequality
isomorphisms/ib	open_pr	127	b329a6e0a8f41afac50bc35a3ce90f56b046df3a	src/IB/PaintBudget.idric	c27434bee022f8bd046eab4bb00c56cc74388480	NO_ASCII_SLASH	Full source blob inspected
isomorphisms/ib	open_pr	127	b329a6e0a8f41afac50bc35a3ce90f56b046df3a	src/IB/PaintBudget/Mock.idric	de2b358732664e1ba1eb2ce157b41b7648231c21	NO_ASCII_SLASH	Full source blob inspected
isomorphisms/ib	open_pr	127	b329a6e0a8f41afac50bc35a3ce90f56b046df3a	src/IB/Prefetch.idric	3b3e880010aeb1154674aee42c0cf034d5505a0f	NO_ASCII_SLASH	Full source blob inspected
isomorphisms/ib	open_pr	127	b329a6e0a8f41afac50bc35a3ce90f56b046df3a	src/IB/RecoveredInformation.idric	470e145c916290f40d9b017e04365b3b0d8155ef	NO_ASCII_SLASH	Full source blob inspected
isomorphisms/ib	open_pr	127	b329a6e0a8f41afac50bc35a3ce90f56b046df3a	src/IB/ScientificMedia.idric	d7ce92f591c6e7a5c94b28c160109b24895d5a61	NO_OWNED_ARITHMETIC_SLASH	Reviewed slash occurrences are comments, text/character literals, paths, generated foreign descriptors, or /= inequality
isomorphisms/ib	open_pr	127	b329a6e0a8f41afac50bc35a3ce90f56b046df3a	src/IB/Storage.idric	7710f3a94d86441e4c427f43aa4032e5846b6447	NO_OWNED_ARITHMETIC_SLASH	Reviewed slash occurrences are comments, text/character literals, paths, generated foreign descriptors, or /= inequality
isomorphisms/ib	open_pr	127	b329a6e0a8f41afac50bc35a3ce90f56b046df3a	src/IB/StorageAdmission.idric	6ea6a54e7c2417f90fcc2040ebfe98076272e78b	NO_OWNED_ARITHMETIC_SLASH	Reviewed slash occurrences are comments, text/character literals, paths, generated foreign descriptors, or /= inequality
isomorphisms/ib	open_pr	127	b329a6e0a8f41afac50bc35a3ce90f56b046df3a	src/IB/StorageCapabilities.idric	25bc68681ea8c139f0a8e0fa6777aa57f85ca581	NO_OWNED_ARITHMETIC_SLASH	Reviewed slash occurrences are comments, text/character literals, paths, generated foreign descriptors, or /= inequality
isomorphisms/ib	open_pr	127	b329a6e0a8f41afac50bc35a3ce90f56b046df3a	src/IB/WorkBounds.idric	30a1944b9970a2db813b2ac70c266a251cd46f5a	NO_ASCII_SLASH	Full source blob inspected
isomorphisms/ib	open_pr	127	b329a6e0a8f41afac50bc35a3ce90f56b046df3a	src/IB/WorkerLifecycle.idric	fc2bc45e86297d5df09ac3822df0731f9d305c09	NO_OWNED_ARITHMETIC_SLASH	Reviewed slash occurrences are comments, text/character literals, paths, generated foreign descriptors, or /= inequality
isomorphisms/ib	open_pr	127	b329a6e0a8f41afac50bc35a3ce90f56b046df3a	src/InformationSmoke.idric	5e8c51a0260e6ad8d38388bf80d1abc995432cc9	NO_OWNED_ARITHMETIC_SLASH	Reviewed slash occurrences are comments, text/character literals, paths, generated foreign descriptors, or /= inequality
isomorphisms/ib	open_pr	127	b329a6e0a8f41afac50bc35a3ce90f56b046df3a	src/OccurrenceSmoke.idric	4da48bec25f139b6b6cc93843896a1d7fcb53c2e	NO_ASCII_SLASH	Full source blob inspected
isomorphisms/ib	open_pr	127	b329a6e0a8f41afac50bc35a3ce90f56b046df3a	src/PDFCaptionAssociate.idric	7af4b41c795a2cf8bb0a80180c6a88f4d3e1845a	NO_OWNED_ARITHMETIC_SLASH	Reviewed slash occurrences are comments, text/character literals, paths, generated foreign descriptors, or /= inequality
isomorphisms/ib	open_pr	127	b329a6e0a8f41afac50bc35a3ce90f56b046df3a	src/PaintBudgetSmoke.idric	b74ac9aa254607d81f1899d028b2e917ed557dc8	NO_ASCII_SLASH	Full source blob inspected
isomorphisms/ib	open_pr	127	b329a6e0a8f41afac50bc35a3ce90f56b046df3a	src/ResultPublicationAcceptance.idric	048fabb0f832d9f893d77fd481c833de21a85fc3	NO_ASCII_SLASH	Full source blob inspected
isomorphisms/ib	open_pr	127	b329a6e0a8f41afac50bc35a3ce90f56b046df3a	src/Smoke.idric	4e9610b3b4d2f37bd66588a64000e17c34ba9ab2	NO_OWNED_ARITHMETIC_SLASH	Reviewed slash occurrences are comments, text/character literals, paths, generated foreign descriptors, or /= inequality
isomorphisms/ib	open_pr	127	b329a6e0a8f41afac50bc35a3ce90f56b046df3a	src/StorageAdmissionSmoke.idric	709e9d8f778c170a01dfe50107ea95dd3d6a41bb	NO_ASCII_SLASH	Full source blob inspected
isomorphisms/ib	open_pr	127	b329a6e0a8f41afac50bc35a3ce90f56b046df3a	src/WorkBoundsSmoke.idric	d7e6773d8bcc0b728bfe76c16b24a7f92df58338	NO_ASCII_SLASH	Full source blob inspected
isomorphisms/ib	open_pr	127	b329a6e0a8f41afac50bc35a3ce90f56b046df3a	src/Workbench.idric	116db4b7790dad54b02fb1c8b0a4f72d3bbc43bd	NO_OWNED_ARITHMETIC_SLASH	Reviewed slash occurrences are comments, text/character literals, paths, generated foreign descriptors, or /= inequality
isomorphisms/ib	open_pr	127	b329a6e0a8f41afac50bc35a3ce90f56b046df3a	src/WorkerLifecycleSmoke.idric	cee47bc3398868cccd1878401837a1970fc5bcf0	NO_ASCII_SLASH	Full source blob inspected
isomorphisms/ib	open_pr	125	cb8cdc14b6065b91240b97b580055c0d18375fae	examples/autogenerated/human-decisions/HumanDecisionCases.idric	0616dc743aec24ced1bbfc7c4563b67dad14207e	NO_OWNED_ARITHMETIC_SLASH	Reviewed slash occurrences are comments, text/character literals, paths, generated foreign descriptors, or /= inequality
isomorphisms/ib	open_pr	125	cb8cdc14b6065b91240b97b580055c0d18375fae	examples/autogenerated/human-decisions/human-decisions.idric	97fddc6069d132b8fc9a4890a49cc809c8d9e5e5	NO_OWNED_ARITHMETIC_SLASH	Reviewed slash occurrences are comments, text/character literals, paths, generated foreign descriptors, or /= inequality
isomorphisms/ib	open_pr	125	cb8cdc14b6065b91240b97b580055c0d18375fae	examples/autogenerated/protected-long-view-task/protected-long-view-task.idric	302f48270e9451959dea7c42b97ba9f677d16168	NO_OWNED_ARITHMETIC_SLASH	Reviewed slash occurrences are comments, text/character literals, paths, generated foreign descriptors, or /= inequality
isomorphisms/ib	open_pr	125	cb8cdc14b6065b91240b97b580055c0d18375fae	src/ArxivPrepaint.idric	def2f9deb41246677a5f885601545a2413968e39	NO_ASCII_SLASH	Full source blob inspected
isomorphisms/ib	open_pr	125	cb8cdc14b6065b91240b97b580055c0d18375fae	src/ExactTextSmoke.idric	0ff9c9e544d663153ac8db400fa632735c71ac98	NO_ASCII_SLASH	Full source blob inspected
isomorphisms/ib	open_pr	125	cb8cdc14b6065b91240b97b580055c0d18375fae	src/HostileIngestionReceipt.idric	bb8efaf0edb76aef2b1789acaed1a265991cc242	NO_OWNED_ARITHMETIC_SLASH	Reviewed slash occurrences are comments, text/character literals, paths, generated foreign descriptors, or /= inequality
isomorphisms/ib	open_pr	125	cb8cdc14b6065b91240b97b580055c0d18375fae	src/HumanDecisionCases.idric	29694ce9239699c3ed07e333cbe39fab863b1b2d	NO_ASCII_SLASH	Full source blob inspected
isomorphisms/ib	open_pr	125	cb8cdc14b6065b91240b97b580055c0d18375fae	src/IB/DisplayRepair.idric	529d0e90d98982cb8ef1cdfd23d7d1f38eea2f52	NO_ASCII_SLASH	Full source blob inspected
isomorphisms/ib	open_pr	125	cb8cdc14b6065b91240b97b580055c0d18375fae	src/IB/ExactText.idric	b520c2b29b470016fd5535677c75c21ad4bcf000	NO_ASCII_SLASH	Full source blob inspected
isomorphisms/ib	open_pr	125	cb8cdc14b6065b91240b97b580055c0d18375fae	src/IB/History.idric	358c7994d1df824383437501607d52c273ee2605	NO_ASCII_SLASH	Full source blob inspected
isomorphisms/ib	open_pr	125	cb8cdc14b6065b91240b97b580055c0d18375fae	src/IB/HumanDecisions.idric	a34b9e668ef219f524ba2168ac8b4dc5140897e9	NO_OWNED_ARITHMETIC_SLASH	Reviewed slash occurrences are comments, text/character literals, paths, generated foreign descriptors, or /= inequality
isomorphisms/ib	open_pr	125	cb8cdc14b6065b91240b97b580055c0d18375fae	src/IB/Index.idric	2e8f61c7f7e9ca78fdab5a0bba0c9e3adaa3d415	NO_OWNED_ARITHMETIC_SLASH	Reviewed slash occurrences are comments, text/character literals, paths, generated foreign descriptors, or /= inequality
isomorphisms/ib	open_pr	125	cb8cdc14b6065b91240b97b580055c0d18375fae	src/IB/Information.idric	ee53bef5a6b63e0d7c21db71179ea0b2a6c22c99	NO_OWNED_ARITHMETIC_SLASH	Reviewed slash occurrences are comments, text/character literals, paths, generated foreign descriptors, or /= inequality
isomorphisms/ib	open_pr	125	cb8cdc14b6065b91240b97b580055c0d18375fae	src/IB/Inspect.idric	3ed8ef3683f9295736e33306924ee3c5cd2c969c	NO_ASCII_SLASH	Full source blob inspected
isomorphisms/ib	open_pr	125	cb8cdc14b6065b91240b97b580055c0d18375fae	src/IB/LongViewTask.idric	f34362b2611ab4c91d16e52aed2b3c32e3e233ef	NO_ASCII_SLASH	Full source blob inspected
isomorphisms/ib	open_pr	125	cb8cdc14b6065b91240b97b580055c0d18375fae	src/IB/Occurrence.idric	40fbd06de0e5a57aab7ae48a7b94287fdc1a01c2	NO_OWNED_ARITHMETIC_SLASH	Reviewed slash occurrences are comments, text/character literals, paths, generated foreign descriptors, or /= inequality
isomorphisms/ib	open_pr	125	cb8cdc14b6065b91240b97b580055c0d18375fae	src/IB/PaintBudget.idric	c27434bee022f8bd046eab4bb00c56cc74388480	NO_ASCII_SLASH	Full source blob inspected
isomorphisms/ib	open_pr	125	cb8cdc14b6065b91240b97b580055c0d18375fae	src/IB/PaintBudget/Mock.idric	de2b358732664e1ba1eb2ce157b41b7648231c21	NO_ASCII_SLASH	Full source blob inspected
isomorphisms/ib	open_pr	125	cb8cdc14b6065b91240b97b580055c0d18375fae	src/IB/Prefetch.idric	3b3e880010aeb1154674aee42c0cf034d5505a0f	NO_ASCII_SLASH	Full source blob inspected
isomorphisms/ib	open_pr	125	cb8cdc14b6065b91240b97b580055c0d18375fae	src/IB/RecoveredInformation.idric	470e145c916290f40d9b017e04365b3b0d8155ef	NO_ASCII_SLASH	Full source blob inspected
isomorphisms/ib	open_pr	125	cb8cdc14b6065b91240b97b580055c0d18375fae	src/IB/ScientificMedia.idric	d7ce92f591c6e7a5c94b28c160109b24895d5a61	NO_OWNED_ARITHMETIC_SLASH	Reviewed slash occurrences are comments, text/character literals, paths, generated foreign descriptors, or /= inequality
isomorphisms/ib	open_pr	125	cb8cdc14b6065b91240b97b580055c0d18375fae	src/IB/Storage.idric	7710f3a94d86441e4c427f43aa4032e5846b6447	NO_OWNED_ARITHMETIC_SLASH	Reviewed slash occurrences are comments, text/character literals, paths, generated foreign descriptors, or /= inequality
isomorphisms/ib	open_pr	125	cb8cdc14b6065b91240b97b580055c0d18375fae	src/InformationSmoke.idric	5e8c51a0260e6ad8d38388bf80d1abc995432cc9	NO_OWNED_ARITHMETIC_SLASH	Reviewed slash occurrences are comments, text/character literals, paths, generated foreign descriptors, or /= inequality
isomorphisms/ib	open_pr	125	cb8cdc14b6065b91240b97b580055c0d18375fae	src/OccurrenceSmoke.idric	4da48bec25f139b6b6cc93843896a1d7fcb53c2e	NO_ASCII_SLASH	Full source blob inspected
isomorphisms/ib	open_pr	125	cb8cdc14b6065b91240b97b580055c0d18375fae	src/PDFCaptionAssociate.idric	7af4b41c795a2cf8bb0a80180c6a88f4d3e1845a	NO_OWNED_ARITHMETIC_SLASH	Reviewed slash occurrences are comments, text/character literals, paths, generated foreign descriptors, or /= inequality
isomorphisms/ib	open_pr	125	cb8cdc14b6065b91240b97b580055c0d18375fae	src/PaintBudgetSmoke.idric	b74ac9aa254607d81f1899d028b2e917ed557dc8	NO_ASCII_SLASH	Full source blob inspected
isomorphisms/ib	open_pr	125	cb8cdc14b6065b91240b97b580055c0d18375fae	src/Smoke.idric	4e9610b3b4d2f37bd66588a64000e17c34ba9ab2	NO_OWNED_ARITHMETIC_SLASH	Reviewed slash occurrences are comments, text/character literals, paths, generated foreign descriptors, or /= inequality
isomorphisms/ib	open_pr	125	cb8cdc14b6065b91240b97b580055c0d18375fae	src/Workbench.idric	116db4b7790dad54b02fb1c8b0a4f72d3bbc43bd	NO_OWNED_ARITHMETIC_SLASH	Reviewed slash occurrences are comments, text/character literals, paths, generated foreign descriptors, or /= inequality
isomorphisms/ib	open_pr	123	a3bbcb5741d34318d85ab32ad9627abddb6f4a62	examples/autogenerated/fragment-store/FragmentStoreAcceptance.idric	b3baf115f6b79143556e317e474449441f97af67	NO_ASCII_SLASH	Full source blob inspected
isomorphisms/ib	open_pr	123	a3bbcb5741d34318d85ab32ad9627abddb6f4a62	examples/autogenerated/fragment-store/FragmentStoreCommand.idric	833956a0d8579057428c153e10f5ee44badbf7f6	NO_ASCII_SLASH	Full source blob inspected
isomorphisms/ib	open_pr	123	a3bbcb5741d34318d85ab32ad9627abddb6f4a62	examples/autogenerated/protected-long-view-task/protected-long-view-task.idric	302f48270e9451959dea7c42b97ba9f677d16168	NO_OWNED_ARITHMETIC_SLASH	Reviewed slash occurrences are comments, text/character literals, paths, generated foreign descriptors, or /= inequality
isomorphisms/ib	open_pr	123	a3bbcb5741d34318d85ab32ad9627abddb6f4a62	src/ArxivPrepaint.idric	def2f9deb41246677a5f885601545a2413968e39	NO_ASCII_SLASH	Full source blob inspected
isomorphisms/ib	open_pr	123	a3bbcb5741d34318d85ab32ad9627abddb6f4a62	src/CanonicalInformationSmoke.idric	34234a49a9b6b1f95e54897f02afa14367a2482a	NO_OWNED_ARITHMETIC_SLASH	Reviewed slash occurrences are comments, text/character literals, paths, generated foreign descriptors, or /= inequality
isomorphisms/ib	open_pr	123	a3bbcb5741d34318d85ab32ad9627abddb6f4a62	src/ExactTextSmoke.idric	0ff9c9e544d663153ac8db400fa632735c71ac98	NO_ASCII_SLASH	Full source blob inspected
isomorphisms/ib	open_pr	123	a3bbcb5741d34318d85ab32ad9627abddb6f4a62	src/HostileIngestionReceipt.idric	bb8efaf0edb76aef2b1789acaed1a265991cc242	NO_OWNED_ARITHMETIC_SLASH	Reviewed slash occurrences are comments, text/character literals, paths, generated foreign descriptors, or /= inequality
isomorphisms/ib	open_pr	123	a3bbcb5741d34318d85ab32ad9627abddb6f4a62	src/IB/DisplayRepair.idric	529d0e90d98982cb8ef1cdfd23d7d1f38eea2f52	NO_ASCII_SLASH	Full source blob inspected
isomorphisms/ib	open_pr	123	a3bbcb5741d34318d85ab32ad9627abddb6f4a62	src/IB/ExactText.idric	b520c2b29b470016fd5535677c75c21ad4bcf000	NO_ASCII_SLASH	Full source blob inspected
isomorphisms/ib	open_pr	123	a3bbcb5741d34318d85ab32ad9627abddb6f4a62	src/IB/FragmentStore.idric	9d95585f635937ae31d125b2e9ad377153575b6e	NO_ASCII_SLASH	Full source blob inspected
isomorphisms/ib	open_pr	123	a3bbcb5741d34318d85ab32ad9627abddb6f4a62	src/IB/History.idric	358c7994d1df824383437501607d52c273ee2605	NO_ASCII_SLASH	Full source blob inspected
isomorphisms/ib	open_pr	123	a3bbcb5741d34318d85ab32ad9627abddb6f4a62	src/IB/Index.idric	2e8f61c7f7e9ca78fdab5a0bba0c9e3adaa3d415	NO_OWNED_ARITHMETIC_SLASH	Reviewed slash occurrences are comments, text/character literals, paths, generated foreign descriptors, or /= inequality
isomorphisms/ib	open_pr	123	a3bbcb5741d34318d85ab32ad9627abddb6f4a62	src/IB/Information.idric	ee53bef5a6b63e0d7c21db71179ea0b2a6c22c99	NO_OWNED_ARITHMETIC_SLASH	Reviewed slash occurrences are comments, text/character literals, paths, generated foreign descriptors, or /= inequality
isomorphisms/ib	open_pr	123	a3bbcb5741d34318d85ab32ad9627abddb6f4a62	src/IB/Inspect.idric	3ed8ef3683f9295736e33306924ee3c5cd2c969c	NO_ASCII_SLASH	Full source blob inspected
isomorphisms/ib	open_pr	123	a3bbcb5741d34318d85ab32ad9627abddb6f4a62	src/IB/LongViewTask.idric	f34362b2611ab4c91d16e52aed2b3c32e3e233ef	NO_ASCII_SLASH	Full source blob inspected
isomorphisms/ib	open_pr	123	a3bbcb5741d34318d85ab32ad9627abddb6f4a62	src/IB/Occurrence.idric	40fbd06de0e5a57aab7ae48a7b94287fdc1a01c2	NO_OWNED_ARITHMETIC_SLASH	Reviewed slash occurrences are comments, text/character literals, paths, generated foreign descriptors, or /= inequality
isomorphisms/ib	open_pr	123	a3bbcb5741d34318d85ab32ad9627abddb6f4a62	src/IB/PaintBudget.idric	c27434bee022f8bd046eab4bb00c56cc74388480	NO_ASCII_SLASH	Full source blob inspected
isomorphisms/ib	open_pr	123	a3bbcb5741d34318d85ab32ad9627abddb6f4a62	src/IB/PaintBudget/Mock.idric	de2b358732664e1ba1eb2ce157b41b7648231c21	NO_ASCII_SLASH	Full source blob inspected
isomorphisms/ib	open_pr	123	a3bbcb5741d34318d85ab32ad9627abddb6f4a62	src/IB/Prefetch.idric	3b3e880010aeb1154674aee42c0cf034d5505a0f	NO_ASCII_SLASH	Full source blob inspected
isomorphisms/ib	open_pr	123	a3bbcb5741d34318d85ab32ad9627abddb6f4a62	src/IB/Prepaint.idric	b3d124f50ea935056c8e9ea47d9cfb43ec5cbf03	NO_ASCII_SLASH	Full source blob inspected
isomorphisms/ib	open_pr	123	a3bbcb5741d34318d85ab32ad9627abddb6f4a62	src/IB/Prepaint/Version1.idric	73aed0d4d7e5be36b0b0a18a4dc5aa85878400ab	NO_ASCII_SLASH	Full source blob inspected
isomorphisms/ib	open_pr	123	a3bbcb5741d34318d85ab32ad9627abddb6f4a62	src/IB/RecoveredInformation.idric	470e145c916290f40d9b017e04365b3b0d8155ef	NO_ASCII_SLASH	Full source blob inspected
isomorphisms/ib	open_pr	123	a3bbcb5741d34318d85ab32ad9627abddb6f4a62	src/IB/ScientificMedia.idric	d7ce92f591c6e7a5c94b28c160109b24895d5a61	NO_OWNED_ARITHMETIC_SLASH	Reviewed slash occurrences are comments, text/character literals, paths, generated foreign descriptors, or /= inequality
isomorphisms/ib	open_pr	123	a3bbcb5741d34318d85ab32ad9627abddb6f4a62	src/IB/Storage.idric	7710f3a94d86441e4c427f43aa4032e5846b6447	NO_OWNED_ARITHMETIC_SLASH	Reviewed slash occurrences are comments, text/character literals, paths, generated foreign descriptors, or /= inequality
isomorphisms/ib	open_pr	123	a3bbcb5741d34318d85ab32ad9627abddb6f4a62	src/IB/Strand.idric	0145be7e2683d193db7c4225156639f861f1b121	NO_ASCII_SLASH	Full source blob inspected
isomorphisms/ib	open_pr	123	a3bbcb5741d34318d85ab32ad9627abddb6f4a62	src/InformationSmoke.idric	5e8c51a0260e6ad8d38388bf80d1abc995432cc9	NO_OWNED_ARITHMETIC_SLASH	Reviewed slash occurrences are comments, text/character literals, paths, generated foreign descriptors, or /= inequality
isomorphisms/ib	open_pr	123	a3bbcb5741d34318d85ab32ad9627abddb6f4a62	src/OccurrenceSmoke.idric	4da48bec25f139b6b6cc93843896a1d7fcb53c2e	NO_ASCII_SLASH	Full source blob inspected
isomorphisms/ib	open_pr	123	a3bbcb5741d34318d85ab32ad9627abddb6f4a62	src/PDFCaptionAssociate.idric	7af4b41c795a2cf8bb0a80180c6a88f4d3e1845a	NO_OWNED_ARITHMETIC_SLASH	Reviewed slash occurrences are comments, text/character literals, paths, generated foreign descriptors, or /= inequality
isomorphisms/ib	open_pr	123	a3bbcb5741d34318d85ab32ad9627abddb6f4a62	src/PaintBudgetSmoke.idric	b74ac9aa254607d81f1899d028b2e917ed557dc8	NO_ASCII_SLASH	Full source blob inspected
isomorphisms/ib	open_pr	123	a3bbcb5741d34318d85ab32ad9627abddb6f4a62	src/Smoke.idric	4e9610b3b4d2f37bd66588a64000e17c34ba9ab2	NO_OWNED_ARITHMETIC_SLASH	Reviewed slash occurrences are comments, text/character literals, paths, generated foreign descriptors, or /= inequality
isomorphisms/ib	open_pr	123	a3bbcb5741d34318d85ab32ad9627abddb6f4a62	src/Workbench.idric	116db4b7790dad54b02fb1c8b0a4f72d3bbc43bd	NO_OWNED_ARITHMETIC_SLASH	Reviewed slash occurrences are comments, text/character literals, paths, generated foreign descriptors, or /= inequality
isomorphisms/ib	open_pr	128	35541d40c16533fa4385c879c3c83c45821b4e3e	examples/autogenerated/fragment-store/FragmentStoreAcceptance.idric	b3baf115f6b79143556e317e474449441f97af67	NO_ASCII_SLASH	Full source blob inspected
isomorphisms/ib	open_pr	128	35541d40c16533fa4385c879c3c83c45821b4e3e	examples/autogenerated/fragment-store/FragmentStoreCommand.idric	833956a0d8579057428c153e10f5ee44badbf7f6	NO_ASCII_SLASH	Full source blob inspected
isomorphisms/ib	open_pr	128	35541d40c16533fa4385c879c3c83c45821b4e3e	examples/autogenerated/protected-long-view-task/protected-long-view-task.idric	302f48270e9451959dea7c42b97ba9f677d16168	NO_OWNED_ARITHMETIC_SLASH	Reviewed slash occurrences are comments, text/character literals, paths, generated foreign descriptors, or /= inequality
isomorphisms/ib	open_pr	128	35541d40c16533fa4385c879c3c83c45821b4e3e	examples/autogenerated/view-observations/ViewObservationAcceptance.idric	807ae1f64243bb4b2333e72e08a73c2027e1c9c9	NO_ASCII_SLASH	Full source blob inspected
isomorphisms/ib	open_pr	128	35541d40c16533fa4385c879c3c83c45821b4e3e	examples/autogenerated/view-observations/ViewObservationCommand.idric	2d63b990541389bbb44af55d1c9ff2a73195027a	NO_ASCII_SLASH	Full source blob inspected
isomorphisms/ib	open_pr	128	35541d40c16533fa4385c879c3c83c45821b4e3e	src/ArxivPrepaint.idric	def2f9deb41246677a5f885601545a2413968e39	NO_ASCII_SLASH	Full source blob inspected
isomorphisms/ib	open_pr	128	35541d40c16533fa4385c879c3c83c45821b4e3e	src/CanonicalInformationSmoke.idric	34234a49a9b6b1f95e54897f02afa14367a2482a	NO_OWNED_ARITHMETIC_SLASH	Reviewed slash occurrences are comments, text/character literals, paths, generated foreign descriptors, or /= inequality
isomorphisms/ib	open_pr	128	35541d40c16533fa4385c879c3c83c45821b4e3e	src/ExactTextSmoke.idric	0ff9c9e544d663153ac8db400fa632735c71ac98	NO_ASCII_SLASH	Full source blob inspected
isomorphisms/ib	open_pr	128	35541d40c16533fa4385c879c3c83c45821b4e3e	src/HostileIngestionReceipt.idric	bb8efaf0edb76aef2b1789acaed1a265991cc242	NO_OWNED_ARITHMETIC_SLASH	Reviewed slash occurrences are comments, text/character literals, paths, generated foreign descriptors, or /= inequality
isomorphisms/ib	open_pr	128	35541d40c16533fa4385c879c3c83c45821b4e3e	src/IB/DisplayRepair.idric	529d0e90d98982cb8ef1cdfd23d7d1f38eea2f52	NO_ASCII_SLASH	Full source blob inspected
isomorphisms/ib	open_pr	128	35541d40c16533fa4385c879c3c83c45821b4e3e	src/IB/ExactText.idric	b520c2b29b470016fd5535677c75c21ad4bcf000	NO_ASCII_SLASH	Full source blob inspected
isomorphisms/ib	open_pr	128	35541d40c16533fa4385c879c3c83c45821b4e3e	src/IB/FragmentStore.idric	9d95585f635937ae31d125b2e9ad377153575b6e	NO_ASCII_SLASH	Full source blob inspected
isomorphisms/ib	open_pr	128	35541d40c16533fa4385c879c3c83c45821b4e3e	src/IB/History.idric	358c7994d1df824383437501607d52c273ee2605	NO_ASCII_SLASH	Full source blob inspected
isomorphisms/ib	open_pr	128	35541d40c16533fa4385c879c3c83c45821b4e3e	src/IB/Index.idric	2e8f61c7f7e9ca78fdab5a0bba0c9e3adaa3d415	NO_OWNED_ARITHMETIC_SLASH	Reviewed slash occurrences are comments, text/character literals, paths, generated foreign descriptors, or /= inequality
isomorphisms/ib	open_pr	128	35541d40c16533fa4385c879c3c83c45821b4e3e	src/IB/Information.idric	ee53bef5a6b63e0d7c21db71179ea0b2a6c22c99	NO_OWNED_ARITHMETIC_SLASH	Reviewed slash occurrences are comments, text/character literals, paths, generated foreign descriptors, or /= inequality
isomorphisms/ib	open_pr	128	35541d40c16533fa4385c879c3c83c45821b4e3e	src/IB/Inspect.idric	3ed8ef3683f9295736e33306924ee3c5cd2c969c	NO_ASCII_SLASH	Full source blob inspected
isomorphisms/ib	open_pr	128	35541d40c16533fa4385c879c3c83c45821b4e3e	src/IB/LongViewTask.idric	f34362b2611ab4c91d16e52aed2b3c32e3e233ef	NO_ASCII_SLASH	Full source blob inspected
isomorphisms/ib	open_pr	128	35541d40c16533fa4385c879c3c83c45821b4e3e	src/IB/Occurrence.idric	40fbd06de0e5a57aab7ae48a7b94287fdc1a01c2	NO_OWNED_ARITHMETIC_SLASH	Reviewed slash occurrences are comments, text/character literals, paths, generated foreign descriptors, or /= inequality
isomorphisms/ib	open_pr	128	35541d40c16533fa4385c879c3c83c45821b4e3e	src/IB/PaintBudget.idric	c27434bee022f8bd046eab4bb00c56cc74388480	NO_ASCII_SLASH	Full source blob inspected
isomorphisms/ib	open_pr	128	35541d40c16533fa4385c879c3c83c45821b4e3e	src/IB/PaintBudget/Mock.idric	de2b358732664e1ba1eb2ce157b41b7648231c21	NO_ASCII_SLASH	Full source blob inspected
isomorphisms/ib	open_pr	128	35541d40c16533fa4385c879c3c83c45821b4e3e	src/IB/Prefetch.idric	3b3e880010aeb1154674aee42c0cf034d5505a0f	NO_ASCII_SLASH	Full source blob inspected
isomorphisms/ib	open_pr	128	35541d40c16533fa4385c879c3c83c45821b4e3e	src/IB/Prepaint.idric	b3d124f50ea935056c8e9ea47d9cfb43ec5cbf03	NO_ASCII_SLASH	Full source blob inspected
isomorphisms/ib	open_pr	128	35541d40c16533fa4385c879c3c83c45821b4e3e	src/IB/Prepaint/Version1.idric	73aed0d4d7e5be36b0b0a18a4dc5aa85878400ab	NO_ASCII_SLASH	Full source blob inspected
isomorphisms/ib	open_pr	128	35541d40c16533fa4385c879c3c83c45821b4e3e	src/IB/RecoveredInformation.idric	470e145c916290f40d9b017e04365b3b0d8155ef	NO_ASCII_SLASH	Full source blob inspected
isomorphisms/ib	open_pr	128	35541d40c16533fa4385c879c3c83c45821b4e3e	src/IB/ScientificMedia.idric	d7ce92f591c6e7a5c94b28c160109b24895d5a61	NO_OWNED_ARITHMETIC_SLASH	Reviewed slash occurrences are comments, text/character literals, paths, generated foreign descriptors, or /= inequality
isomorphisms/ib	open_pr	128	35541d40c16533fa4385c879c3c83c45821b4e3e	src/IB/Storage.idric	7710f3a94d86441e4c427f43aa4032e5846b6447	NO_OWNED_ARITHMETIC_SLASH	Reviewed slash occurrences are comments, text/character literals, paths, generated foreign descriptors, or /= inequality
isomorphisms/ib	open_pr	128	35541d40c16533fa4385c879c3c83c45821b4e3e	src/IB/Strand.idric	0145be7e2683d193db7c4225156639f861f1b121	NO_ASCII_SLASH	Full source blob inspected
isomorphisms/ib	open_pr	128	35541d40c16533fa4385c879c3c83c45821b4e3e	src/IB/ViewObservations.idric	7ab0171e045ab4bb689f03eb0a266ccc960e550e	NO_ASCII_SLASH	Full source blob inspected
isomorphisms/ib	open_pr	128	35541d40c16533fa4385c879c3c83c45821b4e3e	src/InformationSmoke.idric	5e8c51a0260e6ad8d38388bf80d1abc995432cc9	NO_OWNED_ARITHMETIC_SLASH	Reviewed slash occurrences are comments, text/character literals, paths, generated foreign descriptors, or /= inequality
isomorphisms/ib	open_pr	128	35541d40c16533fa4385c879c3c83c45821b4e3e	src/OccurrenceSmoke.idric	4da48bec25f139b6b6cc93843896a1d7fcb53c2e	NO_ASCII_SLASH	Full source blob inspected
isomorphisms/ib	open_pr	128	35541d40c16533fa4385c879c3c83c45821b4e3e	src/PDFCaptionAssociate.idric	7af4b41c795a2cf8bb0a80180c6a88f4d3e1845a	NO_OWNED_ARITHMETIC_SLASH	Reviewed slash occurrences are comments, text/character literals, paths, generated foreign descriptors, or /= inequality
isomorphisms/ib	open_pr	128	35541d40c16533fa4385c879c3c83c45821b4e3e	src/PaintBudgetSmoke.idric	b74ac9aa254607d81f1899d028b2e917ed557dc8	NO_ASCII_SLASH	Full source blob inspected
isomorphisms/ib	open_pr	128	35541d40c16533fa4385c879c3c83c45821b4e3e	src/Smoke.idric	4e9610b3b4d2f37bd66588a64000e17c34ba9ab2	NO_OWNED_ARITHMETIC_SLASH	Reviewed slash occurrences are comments, text/character literals, paths, generated foreign descriptors, or /= inequality
isomorphisms/ib	open_pr	128	35541d40c16533fa4385c879c3c83c45821b4e3e	src/Workbench.idric	116db4b7790dad54b02fb1c8b0a4f72d3bbc43bd	NO_OWNED_ARITHMETIC_SLASH	Reviewed slash occurrences are comments, text/character literals, paths, generated foreign descriptors, or /= inequality
isomorphisms/ib	open_pr	122	e6bcdbcee8e363183735322ee220f11fcc5e8ef7	examples/autogenerated/protected-long-view-task/protected-long-view-task.idric	302f48270e9451959dea7c42b97ba9f677d16168	NO_OWNED_ARITHMETIC_SLASH	Reviewed slash occurrences are comments, text/character literals, paths, generated foreign descriptors, or /= inequality
isomorphisms/ib	open_pr	122	e6bcdbcee8e363183735322ee220f11fcc5e8ef7	examples/autogenerated/result-publication/EqualitySpelling.idric	da3c8e653cd2f6cf3ffd2bca8e7d8f4978812dce	NO_ASCII_SLASH	Full source blob inspected
isomorphisms/ib	open_pr	122	e6bcdbcee8e363183735322ee220f11fcc5e8ef7	src/ArxivPrepaint.idric	def2f9deb41246677a5f885601545a2413968e39	NO_ASCII_SLASH	Full source blob inspected
isomorphisms/ib	open_pr	122	e6bcdbcee8e363183735322ee220f11fcc5e8ef7	src/BinderSmoke.idric	fc7e02b63fe499e41084906b476b771e730fe90e	NO_ASCII_SLASH	Full source blob inspected
isomorphisms/ib	open_pr	122	e6bcdbcee8e363183735322ee220f11fcc5e8ef7	src/ExactTextSmoke.idric	0ff9c9e544d663153ac8db400fa632735c71ac98	NO_ASCII_SLASH	Full source blob inspected
isomorphisms/ib	open_pr	122	e6bcdbcee8e363183735322ee220f11fcc5e8ef7	src/HostileIngestionReceipt.idric	bb8efaf0edb76aef2b1789acaed1a265991cc242	NO_OWNED_ARITHMETIC_SLASH	Reviewed slash occurrences are comments, text/character literals, paths, generated foreign descriptors, or /= inequality
isomorphisms/ib	open_pr	122	e6bcdbcee8e363183735322ee220f11fcc5e8ef7	src/IB/Binder.idric	b31e15bc76e19f98ced911caf35cd826bf52c5da	NO_OWNED_ARITHMETIC_SLASH	Reviewed slash occurrences are comments, text/character literals, paths, generated foreign descriptors, or /= inequality
isomorphisms/ib	open_pr	122	e6bcdbcee8e363183735322ee220f11fcc5e8ef7	src/IB/DisplayRepair.idric	529d0e90d98982cb8ef1cdfd23d7d1f38eea2f52	NO_ASCII_SLASH	Full source blob inspected
isomorphisms/ib	open_pr	122	e6bcdbcee8e363183735322ee220f11fcc5e8ef7	src/IB/ExactText.idric	b520c2b29b470016fd5535677c75c21ad4bcf000	NO_ASCII_SLASH	Full source blob inspected
isomorphisms/ib	open_pr	122	e6bcdbcee8e363183735322ee220f11fcc5e8ef7	src/IB/History.idric	358c7994d1df824383437501607d52c273ee2605	NO_ASCII_SLASH	Full source blob inspected
isomorphisms/ib	open_pr	122	e6bcdbcee8e363183735322ee220f11fcc5e8ef7	src/IB/Index.idric	2e8f61c7f7e9ca78fdab5a0bba0c9e3adaa3d415	NO_OWNED_ARITHMETIC_SLASH	Reviewed slash occurrences are comments, text/character literals, paths, generated foreign descriptors, or /= inequality
isomorphisms/ib	open_pr	122	e6bcdbcee8e363183735322ee220f11fcc5e8ef7	src/IB/Information.idric	ee53bef5a6b63e0d7c21db71179ea0b2a6c22c99	NO_OWNED_ARITHMETIC_SLASH	Reviewed slash occurrences are comments, text/character literals, paths, generated foreign descriptors, or /= inequality
isomorphisms/ib	open_pr	122	e6bcdbcee8e363183735322ee220f11fcc5e8ef7	src/IB/Inspect.idric	3ed8ef3683f9295736e33306924ee3c5cd2c969c	NO_ASCII_SLASH	Full source blob inspected
isomorphisms/ib	open_pr	122	e6bcdbcee8e363183735322ee220f11fcc5e8ef7	src/IB/LongViewTask.idric	f34362b2611ab4c91d16e52aed2b3c32e3e233ef	NO_ASCII_SLASH	Full source blob inspected
isomorphisms/ib	open_pr	122	e6bcdbcee8e363183735322ee220f11fcc5e8ef7	src/IB/Occurrence.idric	40fbd06de0e5a57aab7ae48a7b94287fdc1a01c2	NO_OWNED_ARITHMETIC_SLASH	Reviewed slash occurrences are comments, text/character literals, paths, generated foreign descriptors, or /= inequality
isomorphisms/ib	open_pr	122	e6bcdbcee8e363183735322ee220f11fcc5e8ef7	src/IB/PaintBudget.idric	c27434bee022f8bd046eab4bb00c56cc74388480	NO_ASCII_SLASH	Full source blob inspected
isomorphisms/ib	open_pr	122	e6bcdbcee8e363183735322ee220f11fcc5e8ef7	src/IB/PaintBudget/Mock.idric	de2b358732664e1ba1eb2ce157b41b7648231c21	NO_ASCII_SLASH	Full source blob inspected
isomorphisms/ib	open_pr	122	e6bcdbcee8e363183735322ee220f11fcc5e8ef7	src/IB/Prefetch.idric	3b3e880010aeb1154674aee42c0cf034d5505a0f	NO_ASCII_SLASH	Full source blob inspected
isomorphisms/ib	open_pr	122	e6bcdbcee8e363183735322ee220f11fcc5e8ef7	src/IB/RecoveredInformation.idric	470e145c916290f40d9b017e04365b3b0d8155ef	NO_ASCII_SLASH	Full source blob inspected
isomorphisms/ib	open_pr	122	e6bcdbcee8e363183735322ee220f11fcc5e8ef7	src/IB/ScientificMedia.idric	d7ce92f591c6e7a5c94b28c160109b24895d5a61	NO_OWNED_ARITHMETIC_SLASH	Reviewed slash occurrences are comments, text/character literals, paths, generated foreign descriptors, or /= inequality
isomorphisms/ib	open_pr	122	e6bcdbcee8e363183735322ee220f11fcc5e8ef7	src/IB/Storage.idric	7710f3a94d86441e4c427f43aa4032e5846b6447	NO_OWNED_ARITHMETIC_SLASH	Reviewed slash occurrences are comments, text/character literals, paths, generated foreign descriptors, or /= inequality
isomorphisms/ib	open_pr	122	e6bcdbcee8e363183735322ee220f11fcc5e8ef7	src/IB/StorageAdmission.idric	6ea6a54e7c2417f90fcc2040ebfe98076272e78b	NO_OWNED_ARITHMETIC_SLASH	Reviewed slash occurrences are comments, text/character literals, paths, generated foreign descriptors, or /= inequality
isomorphisms/ib	open_pr	122	e6bcdbcee8e363183735322ee220f11fcc5e8ef7	src/IB/WorkBounds.idric	30a1944b9970a2db813b2ac70c266a251cd46f5a	NO_ASCII_SLASH	Full source blob inspected
isomorphisms/ib	open_pr	122	e6bcdbcee8e363183735322ee220f11fcc5e8ef7	src/IB/WorkerLifecycle.idric	fc2bc45e86297d5df09ac3822df0731f9d305c09	NO_OWNED_ARITHMETIC_SLASH	Reviewed slash occurrences are comments, text/character literals, paths, generated foreign descriptors, or /= inequality
isomorphisms/ib	open_pr	122	e6bcdbcee8e363183735322ee220f11fcc5e8ef7	src/InformationSmoke.idric	5e8c51a0260e6ad8d38388bf80d1abc995432cc9	NO_OWNED_ARITHMETIC_SLASH	Reviewed slash occurrences are comments, text/character literals, paths, generated foreign descriptors, or /= inequality
isomorphisms/ib	open_pr	122	e6bcdbcee8e363183735322ee220f11fcc5e8ef7	src/OccurrenceSmoke.idric	4da48bec25f139b6b6cc93843896a1d7fcb53c2e	NO_ASCII_SLASH	Full source blob inspected
isomorphisms/ib	open_pr	122	e6bcdbcee8e363183735322ee220f11fcc5e8ef7	src/PDFCaptionAssociate.idric	7af4b41c795a2cf8bb0a80180c6a88f4d3e1845a	NO_OWNED_ARITHMETIC_SLASH	Reviewed slash occurrences are comments, text/character literals, paths, generated foreign descriptors, or /= inequality
isomorphisms/ib	open_pr	122	e6bcdbcee8e363183735322ee220f11fcc5e8ef7	src/PaintBudgetSmoke.idric	b74ac9aa254607d81f1899d028b2e917ed557dc8	NO_ASCII_SLASH	Full source blob inspected
isomorphisms/ib	open_pr	122	e6bcdbcee8e363183735322ee220f11fcc5e8ef7	src/ResultPublicationAcceptance.idric	048fabb0f832d9f893d77fd481c833de21a85fc3	NO_ASCII_SLASH	Full source blob inspected
isomorphisms/ib	open_pr	122	e6bcdbcee8e363183735322ee220f11fcc5e8ef7	src/Smoke.idric	4e9610b3b4d2f37bd66588a64000e17c34ba9ab2	NO_OWNED_ARITHMETIC_SLASH	Reviewed slash occurrences are comments, text/character literals, paths, generated foreign descriptors, or /= inequality
isomorphisms/ib	open_pr	122	e6bcdbcee8e363183735322ee220f11fcc5e8ef7	src/StorageAdmissionSmoke.idric	709e9d8f778c170a01dfe50107ea95dd3d6a41bb	NO_ASCII_SLASH	Full source blob inspected
isomorphisms/ib	open_pr	122	e6bcdbcee8e363183735322ee220f11fcc5e8ef7	src/WorkBoundsSmoke.idric	d7e6773d8bcc0b728bfe76c16b24a7f92df58338	NO_ASCII_SLASH	Full source blob inspected
isomorphisms/ib	open_pr	122	e6bcdbcee8e363183735322ee220f11fcc5e8ef7	src/Workbench.idric	116db4b7790dad54b02fb1c8b0a4f72d3bbc43bd	NO_OWNED_ARITHMETIC_SLASH	Reviewed slash occurrences are comments, text/character literals, paths, generated foreign descriptors, or /= inequality
isomorphisms/ib	open_pr	122	e6bcdbcee8e363183735322ee220f11fcc5e8ef7	src/WorkerLifecycleSmoke.idric	cee47bc3398868cccd1878401837a1970fc5bcf0	NO_ASCII_SLASH	Full source blob inspected
isomorphisms/ib	open_pr	126	a6441d79aa4b784dbf3f6f1d7067e0aeb4d80d3e	examples/autogenerated/protected-long-view-task/protected-long-view-task.idric	302f48270e9451959dea7c42b97ba9f677d16168	NO_OWNED_ARITHMETIC_SLASH	Reviewed slash occurrences are comments, text/character literals, paths, generated foreign descriptors, or /= inequality
isomorphisms/ib	open_pr	126	a6441d79aa4b784dbf3f6f1d7067e0aeb4d80d3e	examples/autogenerated/retention-clearance/retention-clearance.idric	235f74cf850b034748113a25b0dcb476a8cce167	NO_ASCII_SLASH	Full source blob inspected
isomorphisms/ib	open_pr	126	a6441d79aa4b784dbf3f6f1d7067e0aeb4d80d3e	src/ArxivPrepaint.idric	def2f9deb41246677a5f885601545a2413968e39	NO_ASCII_SLASH	Full source blob inspected
isomorphisms/ib	open_pr	126	a6441d79aa4b784dbf3f6f1d7067e0aeb4d80d3e	src/ExactTextSmoke.idric	0ff9c9e544d663153ac8db400fa632735c71ac98	NO_ASCII_SLASH	Full source blob inspected
isomorphisms/ib	open_pr	126	a6441d79aa4b784dbf3f6f1d7067e0aeb4d80d3e	src/HostileIngestionReceipt.idric	bb8efaf0edb76aef2b1789acaed1a265991cc242	NO_OWNED_ARITHMETIC_SLASH	Reviewed slash occurrences are comments, text/character literals, paths, generated foreign descriptors, or /= inequality
isomorphisms/ib	open_pr	126	a6441d79aa4b784dbf3f6f1d7067e0aeb4d80d3e	src/IB/DisplayRepair.idric	529d0e90d98982cb8ef1cdfd23d7d1f38eea2f52	NO_ASCII_SLASH	Full source blob inspected
isomorphisms/ib	open_pr	126	a6441d79aa4b784dbf3f6f1d7067e0aeb4d80d3e	src/IB/ExactText.idric	b520c2b29b470016fd5535677c75c21ad4bcf000	NO_ASCII_SLASH	Full source blob inspected
isomorphisms/ib	open_pr	126	a6441d79aa4b784dbf3f6f1d7067e0aeb4d80d3e	src/IB/History.idric	358c7994d1df824383437501607d52c273ee2605	NO_ASCII_SLASH	Full source blob inspected
isomorphisms/ib	open_pr	126	a6441d79aa4b784dbf3f6f1d7067e0aeb4d80d3e	src/IB/Index.idric	2e8f61c7f7e9ca78fdab5a0bba0c9e3adaa3d415	NO_OWNED_ARITHMETIC_SLASH	Reviewed slash occurrences are comments, text/character literals, paths, generated foreign descriptors, or /= inequality
isomorphisms/ib	open_pr	126	a6441d79aa4b784dbf3f6f1d7067e0aeb4d80d3e	src/IB/Information.idric	ee53bef5a6b63e0d7c21db71179ea0b2a6c22c99	NO_OWNED_ARITHMETIC_SLASH	Reviewed slash occurrences are comments, text/character literals, paths, generated foreign descriptors, or /= inequality
isomorphisms/ib	open_pr	126	a6441d79aa4b784dbf3f6f1d7067e0aeb4d80d3e	src/IB/Inspect.idric	3ed8ef3683f9295736e33306924ee3c5cd2c969c	NO_ASCII_SLASH	Full source blob inspected
isomorphisms/ib	open_pr	126	a6441d79aa4b784dbf3f6f1d7067e0aeb4d80d3e	src/IB/LongViewTask.idric	f34362b2611ab4c91d16e52aed2b3c32e3e233ef	NO_ASCII_SLASH	Full source blob inspected
isomorphisms/ib	open_pr	126	a6441d79aa4b784dbf3f6f1d7067e0aeb4d80d3e	src/IB/Occurrence.idric	40fbd06de0e5a57aab7ae48a7b94287fdc1a01c2	NO_OWNED_ARITHMETIC_SLASH	Reviewed slash occurrences are comments, text/character literals, paths, generated foreign descriptors, or /= inequality
isomorphisms/ib	open_pr	126	a6441d79aa4b784dbf3f6f1d7067e0aeb4d80d3e	src/IB/PaintBudget.idric	c27434bee022f8bd046eab4bb00c56cc74388480	NO_ASCII_SLASH	Full source blob inspected
isomorphisms/ib	open_pr	126	a6441d79aa4b784dbf3f6f1d7067e0aeb4d80d3e	src/IB/PaintBudget/Mock.idric	de2b358732664e1ba1eb2ce157b41b7648231c21	NO_ASCII_SLASH	Full source blob inspected
isomorphisms/ib	open_pr	126	a6441d79aa4b784dbf3f6f1d7067e0aeb4d80d3e	src/IB/Prefetch.idric	b0ad8021da5b168c44279abf1371cf156af68ae6	NO_ASCII_SLASH	Full source blob inspected
isomorphisms/ib	open_pr	126	a6441d79aa4b784dbf3f6f1d7067e0aeb4d80d3e	src/IB/RecoveredInformation.idric	470e145c916290f40d9b017e04365b3b0d8155ef	NO_ASCII_SLASH	Full source blob inspected
isomorphisms/ib	open_pr	126	a6441d79aa4b784dbf3f6f1d7067e0aeb4d80d3e	src/IB/ScientificMedia.idric	d7ce92f591c6e7a5c94b28c160109b24895d5a61	NO_OWNED_ARITHMETIC_SLASH	Reviewed slash occurrences are comments, text/character literals, paths, generated foreign descriptors, or /= inequality
isomorphisms/ib	open_pr	126	a6441d79aa4b784dbf3f6f1d7067e0aeb4d80d3e	src/IB/Storage.idric	06e831951b217f7efeff5ab3fe6dbb60bdbfb1af	NO_OWNED_ARITHMETIC_SLASH	Reviewed slash occurrences are comments, text/character literals, paths, generated foreign descriptors, or /= inequality
isomorphisms/ib	open_pr	126	a6441d79aa4b784dbf3f6f1d7067e0aeb4d80d3e	src/InformationSmoke.idric	5e8c51a0260e6ad8d38388bf80d1abc995432cc9	NO_OWNED_ARITHMETIC_SLASH	Reviewed slash occurrences are comments, text/character literals, paths, generated foreign descriptors, or /= inequality
isomorphisms/ib	open_pr	126	a6441d79aa4b784dbf3f6f1d7067e0aeb4d80d3e	src/OccurrenceSmoke.idric	4da48bec25f139b6b6cc93843896a1d7fcb53c2e	NO_ASCII_SLASH	Full source blob inspected
isomorphisms/ib	open_pr	126	a6441d79aa4b784dbf3f6f1d7067e0aeb4d80d3e	src/PDFCaptionAssociate.idric	7af4b41c795a2cf8bb0a80180c6a88f4d3e1845a	NO_OWNED_ARITHMETIC_SLASH	Reviewed slash occurrences are comments, text/character literals, paths, generated foreign descriptors, or /= inequality
isomorphisms/ib	open_pr	126	a6441d79aa4b784dbf3f6f1d7067e0aeb4d80d3e	src/PaintBudgetSmoke.idric	b74ac9aa254607d81f1899d028b2e917ed557dc8	NO_ASCII_SLASH	Full source blob inspected
isomorphisms/ib	open_pr	126	a6441d79aa4b784dbf3f6f1d7067e0aeb4d80d3e	src/RetentionCases.idric	adc1d94945a117a28e6a4ece555e79a24f31edba	NO_OWNED_ARITHMETIC_SLASH	Reviewed slash occurrences are comments, text/character literals, paths, generated foreign descriptors, or /= inequality
isomorphisms/ib	open_pr	126	a6441d79aa4b784dbf3f6f1d7067e0aeb4d80d3e	src/Smoke.idric	4e9610b3b4d2f37bd66588a64000e17c34ba9ab2	NO_OWNED_ARITHMETIC_SLASH	Reviewed slash occurrences are comments, text/character literals, paths, generated foreign descriptors, or /= inequality
isomorphisms/ib	open_pr	126	a6441d79aa4b784dbf3f6f1d7067e0aeb4d80d3e	src/Workbench.idric	116db4b7790dad54b02fb1c8b0a4f72d3bbc43bd	NO_OWNED_ARITHMETIC_SLASH	Reviewed slash occurrences are comments, text/character literals, paths, generated foreign descriptors, or /= inequality
isomorphisms/ib	open_pr	124	1e141dc712a98b4b63d78ba768b501c0e9aa8662	examples/autogenerated/portable-evidence/PortableEvidence.idric	e6128dd3d15e1ccaa64b865230b5a26d4a473225	NO_ASCII_SLASH	Full source blob inspected
isomorphisms/ib	open_pr	124	1e141dc712a98b4b63d78ba768b501c0e9aa8662	examples/autogenerated/portable-evidence/PortableEvidenceAcceptance.idric	a8a981705a7815c0763c9387c984dcf29926a97f	NO_ASCII_SLASH	Full source blob inspected
isomorphisms/ib	open_pr	124	1e141dc712a98b4b63d78ba768b501c0e9aa8662	examples/autogenerated/protected-long-view-task/protected-long-view-task.idric	302f48270e9451959dea7c42b97ba9f677d16168	NO_OWNED_ARITHMETIC_SLASH	Reviewed slash occurrences are comments, text/character literals, paths, generated foreign descriptors, or /= inequality
isomorphisms/ib	open_pr	124	1e141dc712a98b4b63d78ba768b501c0e9aa8662	examples/autogenerated/retained-source/retained-source.idric	65eb4687a7d410f908640070ea4743f51dff5e60	NO_ASCII_SLASH	Full source blob inspected
isomorphisms/ib	open_pr	124	1e141dc712a98b4b63d78ba768b501c0e9aa8662	src/ArxivPrepaint.idric	def2f9deb41246677a5f885601545a2413968e39	NO_ASCII_SLASH	Full source blob inspected
isomorphisms/ib	open_pr	124	1e141dc712a98b4b63d78ba768b501c0e9aa8662	src/ExactTextSmoke.idric	0ff9c9e544d663153ac8db400fa632735c71ac98	NO_ASCII_SLASH	Full source blob inspected
isomorphisms/ib	open_pr	124	1e141dc712a98b4b63d78ba768b501c0e9aa8662	src/HostileIngestionReceipt.idric	bb8efaf0edb76aef2b1789acaed1a265991cc242	NO_OWNED_ARITHMETIC_SLASH	Reviewed slash occurrences are comments, text/character literals, paths, generated foreign descriptors, or /= inequality
isomorphisms/ib	open_pr	124	1e141dc712a98b4b63d78ba768b501c0e9aa8662	src/IB/DisplayRepair.idric	529d0e90d98982cb8ef1cdfd23d7d1f38eea2f52	NO_ASCII_SLASH	Full source blob inspected
isomorphisms/ib	open_pr	124	1e141dc712a98b4b63d78ba768b501c0e9aa8662	src/IB/ExactText.idric	b520c2b29b470016fd5535677c75c21ad4bcf000	NO_ASCII_SLASH	Full source blob inspected
isomorphisms/ib	open_pr	124	1e141dc712a98b4b63d78ba768b501c0e9aa8662	src/IB/History.idric	358c7994d1df824383437501607d52c273ee2605	NO_ASCII_SLASH	Full source blob inspected
isomorphisms/ib	open_pr	124	1e141dc712a98b4b63d78ba768b501c0e9aa8662	src/IB/Index.idric	2e8f61c7f7e9ca78fdab5a0bba0c9e3adaa3d415	NO_OWNED_ARITHMETIC_SLASH	Reviewed slash occurrences are comments, text/character literals, paths, generated foreign descriptors, or /= inequality
isomorphisms/ib	open_pr	124	1e141dc712a98b4b63d78ba768b501c0e9aa8662	src/IB/Information.idric	ee53bef5a6b63e0d7c21db71179ea0b2a6c22c99	NO_OWNED_ARITHMETIC_SLASH	Reviewed slash occurrences are comments, text/character literals, paths, generated foreign descriptors, or /= inequality
isomorphisms/ib	open_pr	124	1e141dc712a98b4b63d78ba768b501c0e9aa8662	src/IB/Inspect.idric	3ed8ef3683f9295736e33306924ee3c5cd2c969c	NO_ASCII_SLASH	Full source blob inspected
isomorphisms/ib	open_pr	124	1e141dc712a98b4b63d78ba768b501c0e9aa8662	src/IB/LongViewTask.idric	f34362b2611ab4c91d16e52aed2b3c32e3e233ef	NO_ASCII_SLASH	Full source blob inspected
isomorphisms/ib	open_pr	124	1e141dc712a98b4b63d78ba768b501c0e9aa8662	src/IB/Occurrence.idric	40fbd06de0e5a57aab7ae48a7b94287fdc1a01c2	NO_OWNED_ARITHMETIC_SLASH	Reviewed slash occurrences are comments, text/character literals, paths, generated foreign descriptors, or /= inequality
isomorphisms/ib	open_pr	124	1e141dc712a98b4b63d78ba768b501c0e9aa8662	src/IB/PaintBudget.idric	c27434bee022f8bd046eab4bb00c56cc74388480	NO_ASCII_SLASH	Full source blob inspected
isomorphisms/ib	open_pr	124	1e141dc712a98b4b63d78ba768b501c0e9aa8662	src/IB/PaintBudget/Mock.idric	de2b358732664e1ba1eb2ce157b41b7648231c21	NO_ASCII_SLASH	Full source blob inspected
isomorphisms/ib	open_pr	124	1e141dc712a98b4b63d78ba768b501c0e9aa8662	src/IB/Prefetch.idric	3b3e880010aeb1154674aee42c0cf034d5505a0f	NO_ASCII_SLASH	Full source blob inspected
isomorphisms/ib	open_pr	124	1e141dc712a98b4b63d78ba768b501c0e9aa8662	src/IB/RecoveredInformation.idric	470e145c916290f40d9b017e04365b3b0d8155ef	NO_ASCII_SLASH	Full source blob inspected
isomorphisms/ib	open_pr	124	1e141dc712a98b4b63d78ba768b501c0e9aa8662	src/IB/ScientificMedia.idric	d7ce92f591c6e7a5c94b28c160109b24895d5a61	NO_OWNED_ARITHMETIC_SLASH	Reviewed slash occurrences are comments, text/character literals, paths, generated foreign descriptors, or /= inequality
isomorphisms/ib	open_pr	124	1e141dc712a98b4b63d78ba768b501c0e9aa8662	src/IB/Storage.idric	7710f3a94d86441e4c427f43aa4032e5846b6447	NO_OWNED_ARITHMETIC_SLASH	Reviewed slash occurrences are comments, text/character literals, paths, generated foreign descriptors, or /= inequality
isomorphisms/ib	open_pr	124	1e141dc712a98b4b63d78ba768b501c0e9aa8662	src/InformationSmoke.idric	5e8c51a0260e6ad8d38388bf80d1abc995432cc9	NO_OWNED_ARITHMETIC_SLASH	Reviewed slash occurrences are comments, text/character literals, paths, generated foreign descriptors, or /= inequality
isomorphisms/ib	open_pr	124	1e141dc712a98b4b63d78ba768b501c0e9aa8662	src/OccurrenceSmoke.idric	4da48bec25f139b6b6cc93843896a1d7fcb53c2e	NO_ASCII_SLASH	Full source blob inspected
isomorphisms/ib	open_pr	124	1e141dc712a98b4b63d78ba768b501c0e9aa8662	src/PDFCaptionAssociate.idric	7af4b41c795a2cf8bb0a80180c6a88f4d3e1845a	NO_OWNED_ARITHMETIC_SLASH	Reviewed slash occurrences are comments, text/character literals, paths, generated foreign descriptors, or /= inequality
isomorphisms/ib	open_pr	124	1e141dc712a98b4b63d78ba768b501c0e9aa8662	src/PaintBudgetSmoke.idric	b74ac9aa254607d81f1899d028b2e917ed557dc8	NO_ASCII_SLASH	Full source blob inspected
isomorphisms/ib	open_pr	124	1e141dc712a98b4b63d78ba768b501c0e9aa8662	src/Smoke.idric	4e9610b3b4d2f37bd66588a64000e17c34ba9ab2	NO_OWNED_ARITHMETIC_SLASH	Reviewed slash occurrences are comments, text/character literals, paths, generated foreign descriptors, or /= inequality
isomorphisms/ib	open_pr	124	1e141dc712a98b4b63d78ba768b501c0e9aa8662	src/Workbench.idric	116db4b7790dad54b02fb1c8b0a4f72d3bbc43bd	NO_OWNED_ARITHMETIC_SLASH	Reviewed slash occurrences are comments, text/character literals, paths, generated foreign descriptors, or /= inequality
isomorphisms/ib	open_pr	48	631052fbeccd183c4fd409428180b3eab824c481	examples/autogenerated/protected-long-view-task/protected-long-view-task.idric	302f48270e9451959dea7c42b97ba9f677d16168	NO_OWNED_ARITHMETIC_SLASH	Reviewed slash occurrences are comments, text/character literals, paths, generated foreign descriptors, or /= inequality
isomorphisms/ib	open_pr	48	631052fbeccd183c4fd409428180b3eab824c481	src/ArxivPrepaint.idric	def2f9deb41246677a5f885601545a2413968e39	NO_ASCII_SLASH	Full source blob inspected
isomorphisms/ib	open_pr	48	631052fbeccd183c4fd409428180b3eab824c481	src/CanonicalInformationSmoke.idric	43034aa9c1025c050ff29e1635b2f411620f5d0e	NO_OWNED_ARITHMETIC_SLASH	Reviewed slash occurrences are comments, text/character literals, paths, generated foreign descriptors, or /= inequality
isomorphisms/ib	open_pr	48	631052fbeccd183c4fd409428180b3eab824c481	src/ExactTextSmoke.idric	0ff9c9e544d663153ac8db400fa632735c71ac98	NO_ASCII_SLASH	Full source blob inspected
isomorphisms/ib	open_pr	48	631052fbeccd183c4fd409428180b3eab824c481	src/HostileIngestionReceipt.idric	bb8efaf0edb76aef2b1789acaed1a265991cc242	NO_OWNED_ARITHMETIC_SLASH	Reviewed slash occurrences are comments, text/character literals, paths, generated foreign descriptors, or /= inequality
isomorphisms/ib	open_pr	48	631052fbeccd183c4fd409428180b3eab824c481	src/IB/DisplayRepair.idric	529d0e90d98982cb8ef1cdfd23d7d1f38eea2f52	NO_ASCII_SLASH	Full source blob inspected
isomorphisms/ib	open_pr	48	631052fbeccd183c4fd409428180b3eab824c481	src/IB/ExactText.idric	b520c2b29b470016fd5535677c75c21ad4bcf000	NO_ASCII_SLASH	Full source blob inspected
isomorphisms/ib	open_pr	48	631052fbeccd183c4fd409428180b3eab824c481	src/IB/History.idric	358c7994d1df824383437501607d52c273ee2605	NO_ASCII_SLASH	Full source blob inspected
isomorphisms/ib	open_pr	48	631052fbeccd183c4fd409428180b3eab824c481	src/IB/Index.idric	2e8f61c7f7e9ca78fdab5a0bba0c9e3adaa3d415	NO_OWNED_ARITHMETIC_SLASH	Reviewed slash occurrences are comments, text/character literals, paths, generated foreign descriptors, or /= inequality
isomorphisms/ib	open_pr	48	631052fbeccd183c4fd409428180b3eab824c481	src/IB/Information.idric	ee53bef5a6b63e0d7c21db71179ea0b2a6c22c99	NO_OWNED_ARITHMETIC_SLASH	Reviewed slash occurrences are comments, text/character literals, paths, generated foreign descriptors, or /= inequality
isomorphisms/ib	open_pr	48	631052fbeccd183c4fd409428180b3eab824c481	src/IB/Inspect.idric	3ed8ef3683f9295736e33306924ee3c5cd2c969c	NO_ASCII_SLASH	Full source blob inspected
isomorphisms/ib	open_pr	48	631052fbeccd183c4fd409428180b3eab824c481	src/IB/LongViewTask.idric	f34362b2611ab4c91d16e52aed2b3c32e3e233ef	NO_ASCII_SLASH	Full source blob inspected
isomorphisms/ib	open_pr	48	631052fbeccd183c4fd409428180b3eab824c481	src/IB/Occurrence.idric	40fbd06de0e5a57aab7ae48a7b94287fdc1a01c2	NO_OWNED_ARITHMETIC_SLASH	Reviewed slash occurrences are comments, text/character literals, paths, generated foreign descriptors, or /= inequality
isomorphisms/ib	open_pr	48	631052fbeccd183c4fd409428180b3eab824c481	src/IB/PaintBudget.idric	c27434bee022f8bd046eab4bb00c56cc74388480	NO_ASCII_SLASH	Full source blob inspected
isomorphisms/ib	open_pr	48	631052fbeccd183c4fd409428180b3eab824c481	src/IB/PaintBudget/Mock.idric	de2b358732664e1ba1eb2ce157b41b7648231c21	NO_ASCII_SLASH	Full source blob inspected
isomorphisms/ib	open_pr	48	631052fbeccd183c4fd409428180b3eab824c481	src/IB/Prefetch.idric	3b3e880010aeb1154674aee42c0cf034d5505a0f	NO_ASCII_SLASH	Full source blob inspected
isomorphisms/ib	open_pr	48	631052fbeccd183c4fd409428180b3eab824c481	src/IB/Prepaint.idric	b3d124f50ea935056c8e9ea47d9cfb43ec5cbf03	NO_ASCII_SLASH	Full source blob inspected
isomorphisms/ib	open_pr	48	631052fbeccd183c4fd409428180b3eab824c481	src/IB/Prepaint/Version1.idric	91bf801d9a2111ea91346507d820aed93c7d803b	NO_ASCII_SLASH	Full source blob inspected
isomorphisms/ib	open_pr	48	631052fbeccd183c4fd409428180b3eab824c481	src/IB/RecoveredInformation.idric	470e145c916290f40d9b017e04365b3b0d8155ef	NO_ASCII_SLASH	Full source blob inspected
isomorphisms/ib	open_pr	48	631052fbeccd183c4fd409428180b3eab824c481	src/IB/ScientificMedia.idric	d7ce92f591c6e7a5c94b28c160109b24895d5a61	NO_OWNED_ARITHMETIC_SLASH	Reviewed slash occurrences are comments, text/character literals, paths, generated foreign descriptors, or /= inequality
isomorphisms/ib	open_pr	48	631052fbeccd183c4fd409428180b3eab824c481	src/IB/Storage.idric	7710f3a94d86441e4c427f43aa4032e5846b6447	NO_OWNED_ARITHMETIC_SLASH	Reviewed slash occurrences are comments, text/character literals, paths, generated foreign descriptors, or /= inequality
isomorphisms/ib	open_pr	48	631052fbeccd183c4fd409428180b3eab824c481	src/IB/Strand.idric	2fe76178bcd7f462cd7ec8b3d55f248c2be91cb5	NO_ASCII_SLASH	Full source blob inspected
isomorphisms/ib	open_pr	48	631052fbeccd183c4fd409428180b3eab824c481	src/InformationSmoke.idric	5e8c51a0260e6ad8d38388bf80d1abc995432cc9	NO_OWNED_ARITHMETIC_SLASH	Reviewed slash occurrences are comments, text/character literals, paths, generated foreign descriptors, or /= inequality
isomorphisms/ib	open_pr	48	631052fbeccd183c4fd409428180b3eab824c481	src/OccurrenceSmoke.idric	4da48bec25f139b6b6cc93843896a1d7fcb53c2e	NO_ASCII_SLASH	Full source blob inspected
isomorphisms/ib	open_pr	48	631052fbeccd183c4fd409428180b3eab824c481	src/PDFCaptionAssociate.idric	7af4b41c795a2cf8bb0a80180c6a88f4d3e1845a	NO_OWNED_ARITHMETIC_SLASH	Reviewed slash occurrences are comments, text/character literals, paths, generated foreign descriptors, or /= inequality
isomorphisms/ib	open_pr	48	631052fbeccd183c4fd409428180b3eab824c481	src/PaintBudgetSmoke.idric	b74ac9aa254607d81f1899d028b2e917ed557dc8	NO_ASCII_SLASH	Full source blob inspected
isomorphisms/ib	open_pr	48	631052fbeccd183c4fd409428180b3eab824c481	src/Smoke.idric	4e9610b3b4d2f37bd66588a64000e17c34ba9ab2	NO_OWNED_ARITHMETIC_SLASH	Reviewed slash occurrences are comments, text/character literals, paths, generated foreign descriptors, or /= inequality
isomorphisms/ib	open_pr	48	631052fbeccd183c4fd409428180b3eab824c481	src/Workbench.idric	116db4b7790dad54b02fb1c8b0a4f72d3bbc43bd	NO_OWNED_ARITHMETIC_SLASH	Reviewed slash occurrences are comments, text/character literals, paths, generated foreign descriptors, or /= inequality
isomorphisms/ib	open_pr	46	d10eeda153dae4be25fd7902338e8b8443e0666e	examples/autogenerated/protected-long-view-task/protected-long-view-task.idric	302f48270e9451959dea7c42b97ba9f677d16168	NO_OWNED_ARITHMETIC_SLASH	Reviewed slash occurrences are comments, text/character literals, paths, generated foreign descriptors, or /= inequality
isomorphisms/ib	open_pr	46	d10eeda153dae4be25fd7902338e8b8443e0666e	examples/autogenerated/quick-settings-bindings/QuickSettingsBindings.idric	75be8abd9981b921d5ccdfd3696fe0af8f49793c	NO_ASCII_SLASH	Full source blob inspected
isomorphisms/ib	open_pr	46	d10eeda153dae4be25fd7902338e8b8443e0666e	examples/autogenerated/retained-source/retained-source.idric	65eb4687a7d410f908640070ea4743f51dff5e60	NO_ASCII_SLASH	Full source blob inspected
isomorphisms/ib	open_pr	46	d10eeda153dae4be25fd7902338e8b8443e0666e	src/ArxivPrepaint.idric	def2f9deb41246677a5f885601545a2413968e39	NO_ASCII_SLASH	Full source blob inspected
isomorphisms/ib	open_pr	46	d10eeda153dae4be25fd7902338e8b8443e0666e	src/ExactTextSmoke.idric	0ff9c9e544d663153ac8db400fa632735c71ac98	NO_ASCII_SLASH	Full source blob inspected
isomorphisms/ib	open_pr	46	d10eeda153dae4be25fd7902338e8b8443e0666e	src/HostileIngestionReceipt.idric	bb8efaf0edb76aef2b1789acaed1a265991cc242	NO_OWNED_ARITHMETIC_SLASH	Reviewed slash occurrences are comments, text/character literals, paths, generated foreign descriptors, or /= inequality
isomorphisms/ib	open_pr	46	d10eeda153dae4be25fd7902338e8b8443e0666e	src/IB/DisplayRepair.idric	529d0e90d98982cb8ef1cdfd23d7d1f38eea2f52	NO_ASCII_SLASH	Full source blob inspected
isomorphisms/ib	open_pr	46	d10eeda153dae4be25fd7902338e8b8443e0666e	src/IB/ExactText.idric	b520c2b29b470016fd5535677c75c21ad4bcf000	NO_ASCII_SLASH	Full source blob inspected
isomorphisms/ib	open_pr	46	d10eeda153dae4be25fd7902338e8b8443e0666e	src/IB/History.idric	358c7994d1df824383437501607d52c273ee2605	NO_ASCII_SLASH	Full source blob inspected
isomorphisms/ib	open_pr	46	d10eeda153dae4be25fd7902338e8b8443e0666e	src/IB/Index.idric	2e8f61c7f7e9ca78fdab5a0bba0c9e3adaa3d415	NO_OWNED_ARITHMETIC_SLASH	Reviewed slash occurrences are comments, text/character literals, paths, generated foreign descriptors, or /= inequality
isomorphisms/ib	open_pr	46	d10eeda153dae4be25fd7902338e8b8443e0666e	src/IB/Information.idric	ee53bef5a6b63e0d7c21db71179ea0b2a6c22c99	NO_OWNED_ARITHMETIC_SLASH	Reviewed slash occurrences are comments, text/character literals, paths, generated foreign descriptors, or /= inequality
isomorphisms/ib	open_pr	46	d10eeda153dae4be25fd7902338e8b8443e0666e	src/IB/Inspect.idric	3ed8ef3683f9295736e33306924ee3c5cd2c969c	NO_ASCII_SLASH	Full source blob inspected
isomorphisms/ib	open_pr	46	d10eeda153dae4be25fd7902338e8b8443e0666e	src/IB/LongViewTask.idric	f34362b2611ab4c91d16e52aed2b3c32e3e233ef	NO_ASCII_SLASH	Full source blob inspected
isomorphisms/ib	open_pr	46	d10eeda153dae4be25fd7902338e8b8443e0666e	src/IB/Occurrence.idric	40fbd06de0e5a57aab7ae48a7b94287fdc1a01c2	NO_OWNED_ARITHMETIC_SLASH	Reviewed slash occurrences are comments, text/character literals, paths, generated foreign descriptors, or /= inequality
isomorphisms/ib	open_pr	46	d10eeda153dae4be25fd7902338e8b8443e0666e	src/IB/PaintBudget.idric	c27434bee022f8bd046eab4bb00c56cc74388480	NO_ASCII_SLASH	Full source blob inspected
isomorphisms/ib	open_pr	46	d10eeda153dae4be25fd7902338e8b8443e0666e	src/IB/PaintBudget/Mock.idric	de2b358732664e1ba1eb2ce157b41b7648231c21	NO_ASCII_SLASH	Full source blob inspected
isomorphisms/ib	open_pr	46	d10eeda153dae4be25fd7902338e8b8443e0666e	src/IB/Prefetch.idric	3b3e880010aeb1154674aee42c0cf034d5505a0f	NO_ASCII_SLASH	Full source blob inspected
isomorphisms/ib	open_pr	46	d10eeda153dae4be25fd7902338e8b8443e0666e	src/IB/RecoveredInformation.idric	470e145c916290f40d9b017e04365b3b0d8155ef	NO_ASCII_SLASH	Full source blob inspected
isomorphisms/ib	open_pr	46	d10eeda153dae4be25fd7902338e8b8443e0666e	src/IB/ScientificMedia.idric	d7ce92f591c6e7a5c94b28c160109b24895d5a61	NO_OWNED_ARITHMETIC_SLASH	Reviewed slash occurrences are comments, text/character literals, paths, generated foreign descriptors, or /= inequality
isomorphisms/ib	open_pr	46	d10eeda153dae4be25fd7902338e8b8443e0666e	src/IB/Storage.idric	7710f3a94d86441e4c427f43aa4032e5846b6447	NO_OWNED_ARITHMETIC_SLASH	Reviewed slash occurrences are comments, text/character literals, paths, generated foreign descriptors, or /= inequality
isomorphisms/ib	open_pr	46	d10eeda153dae4be25fd7902338e8b8443e0666e	src/InformationSmoke.idric	5e8c51a0260e6ad8d38388bf80d1abc995432cc9	NO_OWNED_ARITHMETIC_SLASH	Reviewed slash occurrences are comments, text/character literals, paths, generated foreign descriptors, or /= inequality
isomorphisms/ib	open_pr	46	d10eeda153dae4be25fd7902338e8b8443e0666e	src/OccurrenceSmoke.idric	4da48bec25f139b6b6cc93843896a1d7fcb53c2e	NO_ASCII_SLASH	Full source blob inspected
isomorphisms/ib	open_pr	46	d10eeda153dae4be25fd7902338e8b8443e0666e	src/PDFCaptionAssociate.idric	7af4b41c795a2cf8bb0a80180c6a88f4d3e1845a	NO_OWNED_ARITHMETIC_SLASH	Reviewed slash occurrences are comments, text/character literals, paths, generated foreign descriptors, or /= inequality
isomorphisms/ib	open_pr	46	d10eeda153dae4be25fd7902338e8b8443e0666e	src/PaintBudgetSmoke.idric	b74ac9aa254607d81f1899d028b2e917ed557dc8	NO_ASCII_SLASH	Full source blob inspected
isomorphisms/ib	open_pr	46	d10eeda153dae4be25fd7902338e8b8443e0666e	src/Smoke.idric	4e9610b3b4d2f37bd66588a64000e17c34ba9ab2	NO_OWNED_ARITHMETIC_SLASH	Reviewed slash occurrences are comments, text/character literals, paths, generated foreign descriptors, or /= inequality
isomorphisms/ib	open_pr	46	d10eeda153dae4be25fd7902338e8b8443e0666e	src/Workbench.idric	116db4b7790dad54b02fb1c8b0a4f72d3bbc43bd	NO_OWNED_ARITHMETIC_SLASH	Reviewed slash occurrences are comments, text/character literals, paths, generated foreign descriptors, or /= inequality
isomorphisms/ib	open_pr	121	5cfdc9dd2de223962a412e2b4dfcc4a0380a4f87	examples/autogenerated/protected-long-view-task/protected-long-view-task.idric	302f48270e9451959dea7c42b97ba9f677d16168	NO_OWNED_ARITHMETIC_SLASH	Reviewed slash occurrences are comments, text/character literals, paths, generated foreign descriptors, or /= inequality
isomorphisms/ib	open_pr	121	5cfdc9dd2de223962a412e2b4dfcc4a0380a4f87	src/ArxivPrepaint.idric	def2f9deb41246677a5f885601545a2413968e39	NO_ASCII_SLASH	Full source blob inspected
isomorphisms/ib	open_pr	121	5cfdc9dd2de223962a412e2b4dfcc4a0380a4f87	src/ExactTextSmoke.idric	0ff9c9e544d663153ac8db400fa632735c71ac98	NO_ASCII_SLASH	Full source blob inspected
isomorphisms/ib	open_pr	121	5cfdc9dd2de223962a412e2b4dfcc4a0380a4f87	src/HostileIngestionReceipt.idric	bb8efaf0edb76aef2b1789acaed1a265991cc242	NO_OWNED_ARITHMETIC_SLASH	Reviewed slash occurrences are comments, text/character literals, paths, generated foreign descriptors, or /= inequality
isomorphisms/ib	open_pr	121	5cfdc9dd2de223962a412e2b4dfcc4a0380a4f87	src/IB/DisplayRepair.idric	529d0e90d98982cb8ef1cdfd23d7d1f38eea2f52	NO_ASCII_SLASH	Full source blob inspected
isomorphisms/ib	open_pr	121	5cfdc9dd2de223962a412e2b4dfcc4a0380a4f87	src/IB/ExactText.idric	b520c2b29b470016fd5535677c75c21ad4bcf000	NO_ASCII_SLASH	Full source blob inspected
isomorphisms/ib	open_pr	121	5cfdc9dd2de223962a412e2b4dfcc4a0380a4f87	src/IB/History.idric	358c7994d1df824383437501607d52c273ee2605	NO_ASCII_SLASH	Full source blob inspected
isomorphisms/ib	open_pr	121	5cfdc9dd2de223962a412e2b4dfcc4a0380a4f87	src/IB/Index.idric	2e8f61c7f7e9ca78fdab5a0bba0c9e3adaa3d415	NO_OWNED_ARITHMETIC_SLASH	Reviewed slash occurrences are comments, text/character literals, paths, generated foreign descriptors, or /= inequality
isomorphisms/ib	open_pr	121	5cfdc9dd2de223962a412e2b4dfcc4a0380a4f87	src/IB/Information.idric	ee53bef5a6b63e0d7c21db71179ea0b2a6c22c99	NO_OWNED_ARITHMETIC_SLASH	Reviewed slash occurrences are comments, text/character literals, paths, generated foreign descriptors, or /= inequality
isomorphisms/ib	open_pr	121	5cfdc9dd2de223962a412e2b4dfcc4a0380a4f87	src/IB/Inspect.idric	3ed8ef3683f9295736e33306924ee3c5cd2c969c	NO_ASCII_SLASH	Full source blob inspected
isomorphisms/ib	open_pr	121	5cfdc9dd2de223962a412e2b4dfcc4a0380a4f87	src/IB/LongViewTask.idric	f34362b2611ab4c91d16e52aed2b3c32e3e233ef	NO_ASCII_SLASH	Full source blob inspected
isomorphisms/ib	open_pr	121	5cfdc9dd2de223962a412e2b4dfcc4a0380a4f87	src/IB/Occurrence.idric	40fbd06de0e5a57aab7ae48a7b94287fdc1a01c2	NO_OWNED_ARITHMETIC_SLASH	Reviewed slash occurrences are comments, text/character literals, paths, generated foreign descriptors, or /= inequality
isomorphisms/ib	open_pr	121	5cfdc9dd2de223962a412e2b4dfcc4a0380a4f87	src/IB/PaintBudget.idric	c27434bee022f8bd046eab4bb00c56cc74388480	NO_ASCII_SLASH	Full source blob inspected
isomorphisms/ib	open_pr	121	5cfdc9dd2de223962a412e2b4dfcc4a0380a4f87	src/IB/PaintBudget/Mock.idric	de2b358732664e1ba1eb2ce157b41b7648231c21	NO_ASCII_SLASH	Full source blob inspected
isomorphisms/ib	open_pr	121	5cfdc9dd2de223962a412e2b4dfcc4a0380a4f87	src/IB/Prefetch.idric	3b3e880010aeb1154674aee42c0cf034d5505a0f	NO_ASCII_SLASH	Full source blob inspected
isomorphisms/ib	open_pr	121	5cfdc9dd2de223962a412e2b4dfcc4a0380a4f87	src/IB/RecoveredInformation.idric	470e145c916290f40d9b017e04365b3b0d8155ef	NO_ASCII_SLASH	Full source blob inspected
isomorphisms/ib	open_pr	121	5cfdc9dd2de223962a412e2b4dfcc4a0380a4f87	src/IB/ScientificMedia.idric	d7ce92f591c6e7a5c94b28c160109b24895d5a61	NO_OWNED_ARITHMETIC_SLASH	Reviewed slash occurrences are comments, text/character literals, paths, generated foreign descriptors, or /= inequality
isomorphisms/ib	open_pr	121	5cfdc9dd2de223962a412e2b4dfcc4a0380a4f87	src/IB/Storage.idric	7710f3a94d86441e4c427f43aa4032e5846b6447	NO_OWNED_ARITHMETIC_SLASH	Reviewed slash occurrences are comments, text/character literals, paths, generated foreign descriptors, or /= inequality
isomorphisms/ib	open_pr	121	5cfdc9dd2de223962a412e2b4dfcc4a0380a4f87	src/InformationSmoke.idric	5e8c51a0260e6ad8d38388bf80d1abc995432cc9	NO_OWNED_ARITHMETIC_SLASH	Reviewed slash occurrences are comments, text/character literals, paths, generated foreign descriptors, or /= inequality
isomorphisms/ib	open_pr	121	5cfdc9dd2de223962a412e2b4dfcc4a0380a4f87	src/OccurrenceSmoke.idric	4da48bec25f139b6b6cc93843896a1d7fcb53c2e	NO_ASCII_SLASH	Full source blob inspected
isomorphisms/ib	open_pr	121	5cfdc9dd2de223962a412e2b4dfcc4a0380a4f87	src/PDFCaptionAssociate.idric	7af4b41c795a2cf8bb0a80180c6a88f4d3e1845a	NO_OWNED_ARITHMETIC_SLASH	Reviewed slash occurrences are comments, text/character literals, paths, generated foreign descriptors, or /= inequality
isomorphisms/ib	open_pr	121	5cfdc9dd2de223962a412e2b4dfcc4a0380a4f87	src/PaintBudgetSmoke.idric	b74ac9aa254607d81f1899d028b2e917ed557dc8	NO_ASCII_SLASH	Full source blob inspected
isomorphisms/ib	open_pr	121	5cfdc9dd2de223962a412e2b4dfcc4a0380a4f87	src/Smoke.idric	4e9610b3b4d2f37bd66588a64000e17c34ba9ab2	NO_OWNED_ARITHMETIC_SLASH	Reviewed slash occurrences are comments, text/character literals, paths, generated foreign descriptors, or /= inequality
isomorphisms/ib	open_pr	121	5cfdc9dd2de223962a412e2b4dfcc4a0380a4f87	src/Workbench.idric	116db4b7790dad54b02fb1c8b0a4f72d3bbc43bd	NO_OWNED_ARITHMETIC_SLASH	Reviewed slash occurrences are comments, text/character literals, paths, generated foreign descriptors, or /= inequality
